id,name,category,generation,is_legendary,is_mythical,types,height,weight,abilities,habitat,evolves_from,description,hp,attack,defense,special_attack,special_defense,speed,against_normal,against_fire,against_water,against_electric,against_grass,against_ice,against_fighting,against_poison,against_ground,against_flying,against_psychic,against_bug,against_rock,against_ghost,against_dragon,against_steel,against_dark,against_fairy,cry_url,sprite_url,shiny_sprite_url
1,bulbasaur,Seed Pokemon,Generation-i,False,False,"grass, poison",0.7,6.9,"Overgrow, Chlorophyll (Hidden)",Grassland,None,A strange seed was planted on its back at birth. The plant sprouts and grows with this POKeMON.,45,49,49,65,65,45,1.0,2.0,0.5,0.5,0.25,2.0,0.5,1.0,1.0,2.0,2.0,1.0,1.0,1.0,1.0,1.0,1.0,0.5,https://raw.githubusercontent.com/PokeAPI/cries/main/cries/pokemon/latest/1.ogg,https://raw.githubusercontent.com/PokeAPI/sprites/master/sprites/pokemon/1.png,https://raw.githubusercontent.com/PokeAPI/sprites/master/sprites/pokemon/shiny/1.png
2,ivysaur,Seed Pokemon,Generation-i,False,False,"grass, poison",1.0,13.0,"Overgrow, Chlorophyll (Hidden)",Grassland,Bulbasaur,"When the bulb on its back grows large, it appears to lose the ability to stand on its hind legs.",60,62,63,80,80,60,1.0,2.0,0.5,0.5,0.25,2.0,0.5,1.0,1.0,2.0,2.0,1.0,1.0,1.0,1.0,1.0,1.0,0.5,https://raw.githubusercontent.com/PokeAPI/cries/main/cries/pokemon/latest/2.ogg,https://raw.githubusercontent.com/PokeAPI/sprites/master/sprites/pokemon/2.png,https://raw.githubusercontent.com/PokeAPI/sprites/master/sprites/pokemon/shiny/2.png
3,venusaur,Seed Pokemon,Generation-i,False,False,"grass, poison",2.0,100.0,"Overgrow, Chlorophyll (Hidden)",Grassland,Ivysaur,The plant blooms when it is absorbing solar energy. It stays on the move to seek sunlight.,80,82,83,100,100,80,1.0,2.0,0.5,0.5,0.25,2.0,0.5,1.0,1.0,2.0,2.0,1.0,1.0,1.0,1.0,1.0,1.0,0.5,https://raw.githubusercontent.com/PokeAPI/cries/main/cries/pokemon/latest/3.ogg,https://raw.githubusercontent.com/PokeAPI/sprites/master/sprites/pokemon/3.png,https://raw.githubusercontent.com/PokeAPI/sprites/master/sprites/pokemon/shiny/3.png
4,charmander,Lizard Pokemon,Generation-i,False,False,fire,0.6,8.5,"Blaze, Solar power (Hidden)",Mountain,None,"Obviously prefers hot places. When it rains, steam is said to spout from the tip of its tail.",39,52,43,60,50,65,1.0,0.5,2.0,1.0,0.5,0.5,1.0,1.0,2.0,1.0,1.0,0.5,2.0,1.0,1.0,0.5,1.0,0.5,https://raw.githubusercontent.com/PokeAPI/cries/main/cries/pokemon/latest/4.ogg,https://raw.githubusercontent.com/PokeAPI/sprites/master/sprites/pokemon/4.png,https://raw.githubusercontent.com/PokeAPI/sprites/master/sprites/pokemon/shiny/4.png
5,charmeleon,Flame Pokemon,Generation-i,False,False,fire,1.1,19.0,"Blaze, Solar power (Hidden)",Mountain,Charmander,"When it swings its burning tail, it elevates the temperature to unbearably high levels.",58,64,58,80,65,80,1.0,0.5,2.0,1.0,0.5,0.5,1.0,1.0,2.0,1.0,1.0,0.5,2.0,1.0,1.0,0.5,1.0,0.5,https://raw.githubusercontent.com/PokeAPI/cries/main/cries/pokemon/latest/5.ogg,https://raw.githubusercontent.com/PokeAPI/sprites/master/sprites/pokemon/5.png,https://raw.githubusercontent.com/PokeAPI/sprites/master/sprites/pokemon/shiny/5.png
6,charizard,Flame Pokemon,Generation-i,False,False,"fire, flying",1.7,90.5,"Blaze, Solar power (Hidden)",Mountain,Charmeleon,Spits fire that is hot enough to melt boulders. Known to cause forest fires unintentionally.,78,84,78,109,85,100,1.0,0.5,2.0,2.0,0.25,1.0,0.5,1.0,0.0,1.0,1.0,0.25,4.0,1.0,1.0,0.5,1.0,0.5,https://raw.githubusercontent.com/PokeAPI/cries/main/cries/pokemon/latest/6.ogg,https://raw.githubusercontent.com/PokeAPI/sprites/master/sprites/pokemon/6.png,https://raw.githubusercontent.com/PokeAPI/sprites/master/sprites/pokemon/shiny/6.png
7,squirtle,Tiny Turtle Pokemon,Generation-i,False,False,water,0.5,9.0,"Torrent, Rain dish (Hidden)",Waters-edge,None,"After birth, its back swells and hardens into a shell. Powerfully sprays foam from its mouth.",44,48,65,50,64,43,1.0,0.5,0.5,2.0,2.0,0.5,1.0,1.0,1.0,1.0,1.0,1.0,1.0,1.0,1.0,0.5,1.0,1.0,https://raw.githubusercontent.com/PokeAPI/cries/main/cries/pokemon/latest/7.ogg,https://raw.githubusercontent.com/PokeAPI/sprites/master/sprites/pokemon/7.png,https://raw.githubusercontent.com/PokeAPI/sprites/master/sprites/pokemon/shiny/7.png
8,wartortle,Turtle Pokemon,Generation-i,False,False,water,1.0,22.5,"Torrent, Rain dish (Hidden)",Waters-edge,Squirtle,"Often hides in water to stalk unwary prey. For swimming fast, it moves its ears to maintain balance.",59,63,80,65,80,58,1.0,0.5,0.5,2.0,2.0,0.5,1.0,1.0,1.0,1.0,1.0,1.0,1.0,1.0,1.0,0.5,1.0,1.0,https://raw.githubusercontent.com/PokeAPI/cries/main/cries/pokemon/latest/8.ogg,https://raw.githubusercontent.com/PokeAPI/sprites/master/sprites/pokemon/8.png,https://raw.githubusercontent.com/PokeAPI/sprites/master/sprites/pokemon/shiny/8.png
9,blastoise,Shellfish Pokemon,Generation-i,False,False,water,1.6,85.5,"Torrent, Rain dish (Hidden)",Waters-edge,Wartortle,A brutal POKeMON with pressurized water jets on its shell. They are used for high speed tackles.,79,83,100,85,105,78,1.0,0.5,0.5,2.0,2.0,0.5,1.0,1.0,1.0,1.0,1.0,1.0,1.0,1.0,1.0,0.5,1.0,1.0,https://raw.githubusercontent.com/PokeAPI/cries/main/cries/pokemon/latest/9.ogg,https://raw.githubusercontent.com/PokeAPI/sprites/master/sprites/pokemon/9.png,https://raw.githubusercontent.com/PokeAPI/sprites/master/sprites/pokemon/shiny/9.png
10,caterpie,Worm Pokemon,Generation-i,False,False,bug,0.3,2.9,"Shield dust, Run away (Hidden)",Forest,None,Its short feet are tipped with suction pads that enable it to tirelessly climb slopes and walls.,45,30,35,20,20,45,1.0,2.0,1.0,1.0,0.5,1.0,0.5,1.0,0.5,2.0,1.0,1.0,2.0,1.0,1.0,1.0,1.0,1.0,https://raw.githubusercontent.com/PokeAPI/cries/main/cries/pokemon/latest/10.ogg,https://raw.githubusercontent.com/PokeAPI/sprites/master/sprites/pokemon/10.png,https://raw.githubusercontent.com/PokeAPI/sprites/master/sprites/pokemon/shiny/10.png
11,metapod,Cocoon Pokemon,Generation-i,False,False,bug,0.7,9.9,Shed skin,Forest,Caterpie,"This POKeMON is vulnerable to attack while its shell is soft, exposing its weak and tender body.",50,20,55,25,25,30,1.0,2.0,1.0,1.0,0.5,1.0,0.5,1.0,0.5,2.0,1.0,1.0,2.0,1.0,1.0,1.0,1.0,1.0,https://raw.githubusercontent.com/PokeAPI/cries/main/cries/pokemon/latest/11.ogg,https://raw.githubusercontent.com/PokeAPI/sprites/master/sprites/pokemon/11.png,https://raw.githubusercontent.com/PokeAPI/sprites/master/sprites/pokemon/shiny/11.png
12,butterfree,Butterfly Pokemon,Generation-i,False,False,"bug, flying",1.1,32.0,"Compound eyes, Tinted lens (Hidden)",Forest,Metapod,"In battle, it flaps its wings at high speed to release highly toxic dust into the air.",60,45,50,90,80,70,1.0,2.0,1.0,2.0,0.25,2.0,0.25,1.0,0.0,2.0,1.0,0.5,4.0,1.0,1.0,1.0,1.0,1.0,https://raw.githubusercontent.com/PokeAPI/cries/main/cries/pokemon/latest/12.ogg,https://raw.githubusercontent.com/PokeAPI/sprites/master/sprites/pokemon/12.png,https://raw.githubusercontent.com/PokeAPI/sprites/master/sprites/pokemon/shiny/12.png
13,weedle,Hairy Bug Pokemon,Generation-i,False,False,"bug, poison",0.3,3.2,"Shield dust, Run away (Hidden)",Forest,None,"Often found in forests, eating leaves. It has a sharp venomous stinger on its head.",40,35,30,20,20,50,1.0,2.0,1.0,1.0,0.25,1.0,0.25,0.5,1.0,2.0,2.0,0.5,2.0,1.0,1.0,1.0,1.0,0.5,https://raw.githubusercontent.com/PokeAPI/cries/main/cries/pokemon/latest/13.ogg,https://raw.githubusercontent.com/PokeAPI/sprites/master/sprites/pokemon/13.png,https://raw.githubusercontent.com/PokeAPI/sprites/master/sprites/pokemon/shiny/13.png
14,kakuna,Cocoon Pokemon,Generation-i,False,False,"bug, poison",0.6,10.0,Shed skin,Forest,Weedle,"Almost incapable of moving, this POKeMON can only harden its shell to protect itself from predators.",45,25,50,25,25,35,1.0,2.0,1.0,1.0,0.25,1.0,0.25,0.5,1.0,2.0,2.0,0.5,2.0,1.0,1.0,1.0,1.0,0.5,https://raw.githubusercontent.com/PokeAPI/cries/main/cries/pokemon/latest/14.ogg,https://raw.githubusercontent.com/PokeAPI/sprites/master/sprites/pokemon/14.png,https://raw.githubusercontent.com/PokeAPI/sprites/master/sprites/pokemon/shiny/14.png
15,beedrill,Poison Bee Pokemon,Generation-i,False,False,"bug, poison",1.0,29.5,"Swarm, Sniper (Hidden)",Forest,Kakuna,It has three poisonous stingers on its forelegs and its tail. They are used to jab its enemy repeatedly.,65,90,40,45,80,75,1.0,2.0,1.0,1.0,0.25,1.0,0.25,0.5,1.0,2.0,2.0,0.5,2.0,1.0,1.0,1.0,1.0,0.5,https://raw.githubusercontent.com/PokeAPI/cries/main/cries/pokemon/latest/15.ogg,https://raw.githubusercontent.com/PokeAPI/sprites/master/sprites/pokemon/15.png,https://raw.githubusercontent.com/PokeAPI/sprites/master/sprites/pokemon/shiny/15.png
16,pidgey,Tiny Bird Pokemon,Generation-i,False,False,"normal, flying",0.3,1.8,"Keen eye, Tangled feet, Big pecks (Hidden)",Forest,None,A common sight in forests and woods. It flaps its wings at ground level to kick up blinding sand.,40,45,40,35,35,56,1.0,1.0,1.0,2.0,0.5,2.0,1.0,1.0,0.0,1.0,1.0,0.5,2.0,0.0,1.0,1.0,1.0,1.0,https://raw.githubusercontent.com/PokeAPI/cries/main/cries/pokemon/latest/16.ogg,https://raw.githubusercontent.com/PokeAPI/sprites/master/sprites/pokemon/16.png,https://raw.githubusercontent.com/PokeAPI/sprites/master/sprites/pokemon/shiny/16.png
17,pidgeotto,Bird Pokemon,Generation-i,False,False,"normal, flying",1.1,30.0,"Keen eye, Tangled feet, Big pecks (Hidden)",Forest,Pidgey,"Very protective of its sprawling territorial area, this POKeMON will fiercely peck at any intruder.",63,60,55,50,50,71,1.0,1.0,1.0,2.0,0.5,2.0,1.0,1.0,0.0,1.0,1.0,0.5,2.0,0.0,1.0,1.0,1.0,1.0,https://raw.githubusercontent.com/PokeAPI/cries/main/cries/pokemon/latest/17.ogg,https://raw.githubusercontent.com/PokeAPI/sprites/master/sprites/pokemon/17.png,https://raw.githubusercontent.com/PokeAPI/sprites/master/sprites/pokemon/shiny/17.png
18,pidgeot,Bird Pokemon,Generation-i,False,False,"normal, flying",1.5,39.5,"Keen eye, Tangled feet, Big pecks (Hidden)",Forest,Pidgeotto,"When hunting, it skims the surface of water at high speed to pick off unwary prey such as MAGIKARP.",83,80,75,70,70,101,1.0,1.0,1.0,2.0,0.5,2.0,1.0,1.0,0.0,1.0,1.0,0.5,2.0,0.0,1.0,1.0,1.0,1.0,https://raw.githubusercontent.com/PokeAPI/cries/main/cries/pokemon/latest/18.ogg,https://raw.githubusercontent.com/PokeAPI/sprites/master/sprites/pokemon/18.png,https://raw.githubusercontent.com/PokeAPI/sprites/master/sprites/pokemon/shiny/18.png
19,rattata,Mouse Pokemon,Generation-i,False,False,normal,0.3,3.5,"Run away, Guts, Hustle (Hidden)",Grassland,None,"Bites anything when it attacks. Small and very quick, it is a common sight in many places.",30,56,35,25,35,72,1.0,1.0,1.0,1.0,1.0,1.0,2.0,1.0,1.0,1.0,1.0,1.0,1.0,0.0,1.0,1.0,1.0,1.0,https://raw.githubusercontent.com/PokeAPI/cries/main/cries/pokemon/latest/19.ogg,https://raw.githubusercontent.com/PokeAPI/sprites/master/sprites/pokemon/19.png,https://raw.githubusercontent.com/PokeAPI/sprites/master/sprites/pokemon/shiny/19.png
20,raticate,Mouse Pokemon,Generation-i,False,False,normal,0.7,18.5,"Run away, Guts, Hustle (Hidden)",Grassland,Rattata,It uses its whis­ kers to maintain its balance. It apparently slows down if they are cut off.,55,81,60,50,70,97,1.0,1.0,1.0,1.0,1.0,1.0,2.0,1.0,1.0,1.0,1.0,1.0,1.0,0.0,1.0,1.0,1.0,1.0,https://raw.githubusercontent.com/PokeAPI/cries/main/cries/pokemon/latest/20.ogg,https://raw.githubusercontent.com/PokeAPI/sprites/master/sprites/pokemon/20.png,https://raw.githubusercontent.com/PokeAPI/sprites/master/sprites/pokemon/shiny/20.png
21,spearow,Tiny Bird Pokemon,Generation-i,False,False,"normal, flying",0.3,2.0,"Keen eye, Sniper (Hidden)",Rough-terrain,None,"It flaps its small wings busily to fly. Using its beak, it searches in grass for prey.",40,60,30,31,31,70,1.0,1.0,1.0,2.0,0.5,2.0,1.0,1.0,0.0,1.0,1.0,0.5,2.0,0.0,1.0,1.0,1.0,1.0,https://raw.githubusercontent.com/PokeAPI/cries/main/cries/pokemon/latest/21.ogg,https://raw.githubusercontent.com/PokeAPI/sprites/master/sprites/pokemon/21.png,https://raw.githubusercontent.com/PokeAPI/sprites/master/sprites/pokemon/shiny/21.png
22,fearow,Beak Pokemon,Generation-i,False,False,"normal, flying",1.2,38.0,"Keen eye, Sniper (Hidden)",Rough-terrain,Spearow,"With its huge and magnificent wings, it can keep aloft without ever having to land for rest.",65,90,65,61,61,100,1.0,1.0,1.0,2.0,0.5,2.0,1.0,1.0,0.0,1.0,1.0,0.5,2.0,0.0,1.0,1.0,1.0,1.0,https://raw.githubusercontent.com/PokeAPI/cries/main/cries/pokemon/latest/22.ogg,https://raw.githubusercontent.com/PokeAPI/sprites/master/sprites/pokemon/22.png,https://raw.githubusercontent.com/PokeAPI/sprites/master/sprites/pokemon/shiny/22.png
23,ekans,Snake Pokemon,Generation-i,False,False,poison,2.0,6.9,"Intimidate, Shed skin, Unnerve (Hidden)",Grassland,None,"Moves silently and stealthily. Eats the eggs of birds, such as PIDGEY and SPEAROW, whole.",35,60,44,40,54,55,1.0,1.0,1.0,1.0,0.5,1.0,0.5,0.5,2.0,1.0,2.0,0.5,1.0,1.0,1.0,1.0,1.0,0.5,https://raw.githubusercontent.com/PokeAPI/cries/main/cries/pokemon/latest/23.ogg,https://raw.githubusercontent.com/PokeAPI/sprites/master/sprites/pokemon/23.png,https://raw.githubusercontent.com/PokeAPI/sprites/master/sprites/pokemon/shiny/23.png
24,arbok,Cobra Pokemon,Generation-i,False,False,poison,3.5,65.0,"Intimidate, Shed skin, Unnerve (Hidden)",Grassland,Ekans,It is rumored that the ferocious warning markings on its belly differ from area to area.,60,95,69,65,79,80,1.0,1.0,1.0,1.0,0.5,1.0,0.5,0.5,2.0,1.0,2.0,0.5,1.0,1.0,1.0,1.0,1.0,0.5,https://raw.githubusercontent.com/PokeAPI/cries/main/cries/pokemon/latest/24.ogg,https://raw.githubusercontent.com/PokeAPI/sprites/master/sprites/pokemon/24.png,https://raw.githubusercontent.com/PokeAPI/sprites/master/sprites/pokemon/shiny/24.png
25,pikachu,Mouse Pokemon,Generation-i,False,False,electric,0.4,6.0,"Static, Lightning rod (Hidden)",Forest,Pichu,"When several of these POKeMON gather, their electricity could build and cause lightning storms.",35,55,40,50,50,90,1.0,1.0,1.0,0.5,1.0,1.0,1.0,1.0,2.0,0.5,1.0,1.0,1.0,1.0,1.0,0.5,1.0,1.0,https://raw.githubusercontent.com/PokeAPI/cries/main/cries/pokemon/latest/25.ogg,https://raw.githubusercontent.com/PokeAPI/sprites/master/sprites/pokemon/25.png,https://raw.githubusercontent.com/PokeAPI/sprites/master/sprites/pokemon/shiny/25.png
26,raichu,Mouse Pokemon,Generation-i,False,False,electric,0.8,30.0,"Static, Lightning rod (Hidden)",Forest,Pikachu,Its long tail serves as a ground to protect itself from its own high-voltage power.,60,90,55,90,80,110,1.0,1.0,1.0,0.5,1.0,1.0,1.0,1.0,2.0,0.5,1.0,1.0,1.0,1.0,1.0,0.5,1.0,1.0,https://raw.githubusercontent.com/PokeAPI/cries/main/cries/pokemon/latest/26.ogg,https://raw.githubusercontent.com/PokeAPI/sprites/master/sprites/pokemon/26.png,https://raw.githubusercontent.com/PokeAPI/sprites/master/sprites/pokemon/shiny/26.png
27,sandshrew,Mouse Pokemon,Generation-i,False,False,ground,0.6,12.0,"Sand veil, Sand rush (Hidden)",Rough-terrain,None,Burrows deep underground in arid locations far from water. It only emerges to hunt for food.,50,75,85,20,30,40,1.0,1.0,2.0,0.0,2.0,2.0,1.0,0.5,1.0,1.0,1.0,1.0,0.5,1.0,1.0,1.0,1.0,1.0,https://raw.githubusercontent.com/PokeAPI/cries/main/cries/pokemon/latest/27.ogg,https://raw.githubusercontent.com/PokeAPI/sprites/master/sprites/pokemon/27.png,https://raw.githubusercontent.com/PokeAPI/sprites/master/sprites/pokemon/shiny/27.png
28,sandslash,Mouse Pokemon,Generation-i,False,False,ground,1.0,29.5,"Sand veil, Sand rush (Hidden)",Rough-terrain,Sandshrew,Curls up into a spiny ball when threatened. It can roll while curled up to attack or escape.,75,100,110,45,55,65,1.0,1.0,2.0,0.0,2.0,2.0,1.0,0.5,1.0,1.0,1.0,1.0,0.5,1.0,1.0,1.0,1.0,1.0,https://raw.githubusercontent.com/PokeAPI/cries/main/cries/pokemon/latest/28.ogg,https://raw.githubusercontent.com/PokeAPI/sprites/master/sprites/pokemon/28.png,https://raw.githubusercontent.com/PokeAPI/sprites/master/sprites/pokemon/shiny/28.png
29,nidoran-f,Poison Pin Pokemon,Generation-i,False,False,poison,0.4,7.0,"Poison point, Rivalry, Hustle (Hidden)",Grassland,None,"Although small, its venomous barbs render this POKeMON dangerous. The female has smaller horns.",55,47,52,40,40,41,1.0,1.0,1.0,1.0,0.5,1.0,0.5,0.5,2.0,1.0,2.0,0.5,1.0,1.0,1.0,1.0,1.0,0.5,https://raw.githubusercontent.com/PokeAPI/cries/main/cries/pokemon/latest/29.ogg,https://raw.githubusercontent.com/PokeAPI/sprites/master/sprites/pokemon/29.png,https://raw.githubusercontent.com/PokeAPI/sprites/master/sprites/pokemon/shiny/29.png
30,nidorina,Poison Pin Pokemon,Generation-i,False,False,poison,0.8,20.0,"Poison point, Rivalry, Hustle (Hidden)",Grassland,Nidoran-f,The female's horn develops slowly. Prefers physical attacks such as clawing and biting.,70,62,67,55,55,56,1.0,1.0,1.0,1.0,0.5,1.0,0.5,0.5,2.0,1.0,2.0,0.5,1.0,1.0,1.0,1.0,1.0,0.5,https://raw.githubusercontent.com/PokeAPI/cries/main/cries/pokemon/latest/30.ogg,https://raw.githubusercontent.com/PokeAPI/sprites/master/sprites/pokemon/30.png,https://raw.githubusercontent.com/PokeAPI/sprites/master/sprites/pokemon/shiny/30.png
31,nidoqueen,Drill Pokemon,Generation-i,False,False,"poison, ground",1.3,60.0,"Poison point, Rivalry, Sheer force (Hidden)",Grassland,Nidorina,Its hard scales provide strong protection. It uses its hefty bulk to execute powerful moves.,90,92,87,75,85,76,1.0,1.0,2.0,0.0,1.0,2.0,0.5,0.25,2.0,1.0,2.0,0.5,0.5,1.0,1.0,1.0,1.0,0.5,https://raw.githubusercontent.com/PokeAPI/cries/main/cries/pokemon/latest/31.ogg,https://raw.githubusercontent.com/PokeAPI/sprites/master/sprites/pokemon/31.png,https://raw.githubusercontent.com/PokeAPI/sprites/master/sprites/pokemon/shiny/31.png
32,nidoran-m,Poison Pin Pokemon,Generation-i,False,False,poison,0.5,9.0,"Poison point, Rivalry, Hustle (Hidden)",Grassland,None,"Stiffens its ears to sense danger. The larger its horns, the more powerful its secreted venom.",46,57,40,40,40,50,1.0,1.0,1.0,1.0,0.5,1.0,0.5,0.5,2.0,1.0,2.0,0.5,1.0,1.0,1.0,1.0,1.0,0.5,https://raw.githubusercontent.com/PokeAPI/cries/main/cries/pokemon/latest/32.ogg,https://raw.githubusercontent.com/PokeAPI/sprites/master/sprites/pokemon/32.png,https://raw.githubusercontent.com/PokeAPI/sprites/master/sprites/pokemon/shiny/32.png
33,nidorino,Poison Pin Pokemon,Generation-i,False,False,poison,0.9,19.5,"Poison point, Rivalry, Hustle (Hidden)",Grassland,Nidoran-m,An aggressive POKeMON that is quick to attack. The horn on its head secretes a powerful venom.,61,72,57,55,55,65,1.0,1.0,1.0,1.0,0.5,1.0,0.5,0.5,2.0,1.0,2.0,0.5,1.0,1.0,1.0,1.0,1.0,0.5,https://raw.githubusercontent.com/PokeAPI/cries/main/cries/pokemon/latest/33.ogg,https://raw.githubusercontent.com/PokeAPI/sprites/master/sprites/pokemon/33.png,https://raw.githubusercontent.com/PokeAPI/sprites/master/sprites/pokemon/shiny/33.png
34,nidoking,Drill Pokemon,Generation-i,False,False,"poison, ground",1.4,62.0,"Poison point, Rivalry, Sheer force (Hidden)",Grassland,Nidorino,"It uses its powerful tail in battle to smash, constrict, then break the prey's bones.",81,102,77,85,75,85,1.0,1.0,2.0,0.0,1.0,2.0,0.5,0.25,2.0,1.0,2.0,0.5,0.5,1.0,1.0,1.0,1.0,0.5,https://raw.githubusercontent.com/PokeAPI/cries/main/cries/pokemon/latest/34.ogg,https://raw.githubusercontent.com/PokeAPI/sprites/master/sprites/pokemon/34.png,https://raw.githubusercontent.com/PokeAPI/sprites/master/sprites/pokemon/shiny/34.png
35,clefairy,Fairy Pokemon,Generation-i,False,False,fairy,0.6,7.5,"Cute charm, Magic guard, Friend guard (Hidden)",Mountain,Cleffa,Its magical and cute appeal has many admirers. It is rare and found only in certain areas.,70,45,48,60,65,35,1.0,1.0,1.0,1.0,1.0,1.0,0.5,2.0,1.0,1.0,1.0,0.5,1.0,1.0,0.0,2.0,0.5,1.0,https://raw.githubusercontent.com/PokeAPI/cries/main/cries/pokemon/latest/35.ogg,https://raw.githubusercontent.com/PokeAPI/sprites/master/sprites/pokemon/35.png,https://raw.githubusercontent.com/PokeAPI/sprites/master/sprites/pokemon/shiny/35.png
36,clefable,Fairy Pokemon,Generation-i,False,False,fairy,1.3,40.0,"Cute charm, Magic guard, Unaware (Hidden)",Mountain,Clefairy,A timid fairy POKeMON that is rarely seen. It will run and hide the moment it senses people.,95,70,73,95,90,60,1.0,1.0,1.0,1.0,1.0,1.0,0.5,2.0,1.0,1.0,1.0,0.5,1.0,1.0,0.0,2.0,0.5,1.0,https://raw.githubusercontent.com/PokeAPI/cries/main/cries/pokemon/latest/36.ogg,https://raw.githubusercontent.com/PokeAPI/sprites/master/sprites/pokemon/36.png,https://raw.githubusercontent.com/PokeAPI/sprites/master/sprites/pokemon/shiny/36.png
37,vulpix,Fox Pokemon,Generation-i,False,False,fire,0.6,9.9,"Flash fire, Drought (Hidden)",Grassland,None,"At the time of birth, it has just one tail. The tail splits from its tip as it grows older.",38,41,40,50,65,65,1.0,0.5,2.0,1.0,0.5,0.5,1.0,1.0,2.0,1.0,1.0,0.5,2.0,1.0,1.0,0.5,1.0,0.5,https://raw.githubusercontent.com/PokeAPI/cries/main/cries/pokemon/latest/37.ogg,https://raw.githubusercontent.com/PokeAPI/sprites/master/sprites/pokemon/37.png,https://raw.githubusercontent.com/PokeAPI/sprites/master/sprites/pokemon/shiny/37.png
38,ninetales,Fox Pokemon,Generation-i,False,False,fire,1.1,19.9,"Flash fire, Drought (Hidden)",Grassland,Vulpix,Very smart and very vengeful. Grabbing one of its many tails could result in a 1000-year curse.,73,76,75,81,100,100,1.0,0.5,2.0,1.0,0.5,0.5,1.0,1.0,2.0,1.0,1.0,0.5,2.0,1.0,1.0,0.5,1.0,0.5,https://raw.githubusercontent.com/PokeAPI/cries/main/cries/pokemon/latest/38.ogg,https://raw.githubusercontent.com/PokeAPI/sprites/master/sprites/pokemon/38.png,https://raw.githubusercontent.com/PokeAPI/sprites/master/sprites/pokemon/shiny/38.png
39,jigglypuff,Balloon Pokemon,Generation-i,False,False,"normal, fairy",0.5,5.5,"Cute charm, Competitive, Friend guard (Hidden)",Grassland,Igglybuff,"When its huge eyes light up, it sings a mysteriously soothing melody that lulls its enemies to sleep.",115,45,20,45,25,20,1.0,1.0,1.0,1.0,1.0,1.0,1.0,2.0,1.0,1.0,1.0,0.5,1.0,0.0,0.0,2.0,0.5,1.0,https://raw.githubusercontent.com/PokeAPI/cries/main/cries/pokemon/latest/39.ogg,https://raw.githubusercontent.com/PokeAPI/sprites/master/sprites/pokemon/39.png,https://raw.githubusercontent.com/PokeAPI/sprites/master/sprites/pokemon/shiny/39.png
40,wigglytuff,Balloon Pokemon,Generation-i,False,False,"normal, fairy",1.0,12.0,"Cute charm, Competitive, Frisk (Hidden)",Grassland,Jigglypuff,"The body is soft and rubbery. When angered, it will suck in air and inflate itself to an enormous size.",140,70,45,85,50,45,1.0,1.0,1.0,1.0,1.0,1.0,1.0,2.0,1.0,1.0,1.0,0.5,1.0,0.0,0.0,2.0,0.5,1.0,https://raw.githubusercontent.com/PokeAPI/cries/main/cries/pokemon/latest/40.ogg,https://raw.githubusercontent.com/PokeAPI/sprites/master/sprites/pokemon/40.png,https://raw.githubusercontent.com/PokeAPI/sprites/master/sprites/pokemon/shiny/40.png
41,zubat,Bat Pokemon,Generation-i,False,False,"poison, flying",0.8,7.5,"Inner focus, Infiltrator (Hidden)",Cave,None,Forms colonies in perpetually dark places. Uses ultrasonic waves to identify and approach targets.,40,45,35,30,40,55,1.0,1.0,1.0,2.0,0.25,2.0,0.25,0.5,0.0,1.0,2.0,0.25,2.0,1.0,1.0,1.0,1.0,0.5,https://raw.githubusercontent.com/PokeAPI/cries/main/cries/pokemon/latest/41.ogg,https://raw.githubusercontent.com/PokeAPI/sprites/master/sprites/pokemon/41.png,https://raw.githubusercontent.com/PokeAPI/sprites/master/sprites/pokemon/shiny/41.png
42,golbat,Bat Pokemon,Generation-i,False,False,"poison, flying",1.6,55.0,"Inner focus, Infiltrator (Hidden)",Cave,Zubat,"Once it strikes, it will not stop draining energy from the victim even if it gets too heavy to fly.",75,80,70,65,75,90,1.0,1.0,1.0,2.0,0.25,2.0,0.25,0.5,0.0,1.0,2.0,0.25,2.0,1.0,1.0,1.0,1.0,0.5,https://raw.githubusercontent.com/PokeAPI/cries/main/cries/pokemon/latest/42.ogg,https://raw.githubusercontent.com/PokeAPI/sprites/master/sprites/pokemon/42.png,https://raw.githubusercontent.com/PokeAPI/sprites/master/sprites/pokemon/shiny/42.png
43,oddish,Weed Pokemon,Generation-i,False,False,"grass, poison",0.5,5.4,"Chlorophyll, Run away (Hidden)",Grassland,None,"During the day, it keeps its face buried in the ground. At night, it wanders around sowing its seeds.",45,50,55,75,65,30,1.0,2.0,0.5,0.5,0.25,2.0,0.5,1.0,1.0,2.0,2.0,1.0,1.0,1.0,1.0,1.0,1.0,0.5,https://raw.githubusercontent.com/PokeAPI/cries/main/cries/pokemon/latest/43.ogg,https://raw.githubusercontent.com/PokeAPI/sprites/master/sprites/pokemon/43.png,https://raw.githubusercontent.com/PokeAPI/sprites/master/sprites/pokemon/shiny/43.png
44,gloom,Weed Pokemon,Generation-i,False,False,"grass, poison",0.8,8.6,"Chlorophyll, Stench (Hidden)",Grassland,Oddish,The fluid that oozes from its mouth isn't drool. It is a nectar that is used to attract prey.,60,65,70,85,75,40,1.0,2.0,0.5,0.5,0.25,2.0,0.5,1.0,1.0,2.0,2.0,1.0,1.0,1.0,1.0,1.0,1.0,0.5,https://raw.githubusercontent.com/PokeAPI/cries/main/cries/pokemon/latest/44.ogg,https://raw.githubusercontent.com/PokeAPI/sprites/master/sprites/pokemon/44.png,https://raw.githubusercontent.com/PokeAPI/sprites/master/sprites/pokemon/shiny/44.png
45,vileplume,Flower Pokemon,Generation-i,False,False,"grass, poison",1.2,18.6,"Chlorophyll, Effect spore (Hidden)",Grassland,Gloom,"It has the world’s largest petals. With every step, the petals shake out heavy clouds of toxic pollen.",75,80,85,110,90,50,1.0,2.0,0.5,0.5,0.25,2.0,0.5,1.0,1.0,2.0,2.0,1.0,1.0,1.0,1.0,1.0,1.0,0.5,https://raw.githubusercontent.com/PokeAPI/cries/main/cries/pokemon/latest/45.ogg,https://raw.githubusercontent.com/PokeAPI/sprites/master/sprites/pokemon/45.png,https://raw.githubusercontent.com/PokeAPI/sprites/master/sprites/pokemon/shiny/45.png
46,paras,Mushroom Pokemon,Generation-i,False,False,"bug, grass",0.3,5.4,"Effect spore, Dry skin, Damp (Hidden)",Forest,None,Burrows to suck tree roots. The mushrooms on its back grow by draw­ ing nutrients from the bug host.,35,70,55,45,55,25,1.0,4.0,0.5,0.5,0.25,2.0,0.5,2.0,0.25,4.0,1.0,2.0,2.0,1.0,1.0,1.0,1.0,1.0,https://raw.githubusercontent.com/PokeAPI/cries/main/cries/pokemon/latest/46.ogg,https://raw.githubusercontent.com/PokeAPI/sprites/master/sprites/pokemon/46.png,https://raw.githubusercontent.com/PokeAPI/sprites/master/sprites/pokemon/shiny/46.png
47,parasect,Mushroom Pokemon,Generation-i,False,False,"bug, grass",1.0,29.5,"Effect spore, Dry skin, Damp (Hidden)",Forest,Paras,A host-parasite pair in which the parasite mushroom has taken over the host bug. Prefers damp places.,60,95,80,60,80,30,1.0,4.0,0.5,0.5,0.25,2.0,0.5,2.0,0.25,4.0,1.0,2.0,2.0,1.0,1.0,1.0,1.0,1.0,https://raw.githubusercontent.com/PokeAPI/cries/main/cries/pokemon/latest/47.ogg,https://raw.githubusercontent.com/PokeAPI/sprites/master/sprites/pokemon/47.png,https://raw.githubusercontent.com/PokeAPI/sprites/master/sprites/pokemon/shiny/47.png
48,venonat,Insect Pokemon,Generation-i,False,False,"bug, poison",1.0,30.0,"Compound eyes, Tinted lens, Run away (Hidden)",Forest,None,Lives in the shadows of tall trees where it eats insects. It is attracted by light at night.,60,55,50,40,55,45,1.0,2.0,1.0,1.0,0.25,1.0,0.25,0.5,1.0,2.0,2.0,0.5,2.0,1.0,1.0,1.0,1.0,0.5,https://raw.githubusercontent.com/PokeAPI/cries/main/cries/pokemon/latest/48.ogg,https://raw.githubusercontent.com/PokeAPI/sprites/master/sprites/pokemon/48.png,https://raw.githubusercontent.com/PokeAPI/sprites/master/sprites/pokemon/shiny/48.png
49,venomoth,Poison Moth Pokemon,Generation-i,False,False,"bug, poison",1.5,12.5,"Shield dust, Tinted lens, Wonder skin (Hidden)",Forest,Venonat,The dustlike scales covering its wings are color-coded to indicate the kinds of poison it has.,70,65,60,90,75,90,1.0,2.0,1.0,1.0,0.25,1.0,0.25,0.5,1.0,2.0,2.0,0.5,2.0,1.0,1.0,1.0,1.0,0.5,https://raw.githubusercontent.com/PokeAPI/cries/main/cries/pokemon/latest/49.ogg,https://raw.githubusercontent.com/PokeAPI/sprites/master/sprites/pokemon/49.png,https://raw.githubusercontent.com/PokeAPI/sprites/master/sprites/pokemon/shiny/49.png
50,diglett,Mole Pokemon,Generation-i,False,False,ground,0.2,0.8,"Sand veil, Arena trap, Sand force (Hidden)",Cave,None,Lives about one yard underground where it feeds on plant roots. It sometimes appears above ground.,10,55,25,35,45,95,1.0,1.0,2.0,0.0,2.0,2.0,1.0,0.5,1.0,1.0,1.0,1.0,0.5,1.0,1.0,1.0,1.0,1.0,https://raw.githubusercontent.com/PokeAPI/cries/main/cries/pokemon/latest/50.ogg,https://raw.githubusercontent.com/PokeAPI/sprites/master/sprites/pokemon/50.png,https://raw.githubusercontent.com/PokeAPI/sprites/master/sprites/pokemon/shiny/50.png
51,dugtrio,Mole Pokemon,Generation-i,False,False,ground,0.7,33.3,"Sand veil, Arena trap, Sand force (Hidden)",Cave,Diglett,A team of DIGLETT triplets. It triggers huge earthquakes by burrowing 60 miles underground.,35,100,50,50,70,120,1.0,1.0,2.0,0.0,2.0,2.0,1.0,0.5,1.0,1.0,1.0,1.0,0.5,1.0,1.0,1.0,1.0,1.0,https://raw.githubusercontent.com/PokeAPI/cries/main/cries/pokemon/latest/51.ogg,https://raw.githubusercontent.com/PokeAPI/sprites/master/sprites/pokemon/51.png,https://raw.githubusercontent.com/PokeAPI/sprites/master/sprites/pokemon/shiny/51.png
52,meowth,Scratch Cat Pokemon,Generation-i,False,False,normal,0.4,4.2,"Pickup, Technician, Unnerve (Hidden)",Urban,None,It washes its face regularly to keep the coin on its forehead spotless. It doesn’t get along with Galarian Meowth.,40,45,35,40,40,90,1.0,1.0,1.0,1.0,1.0,1.0,2.0,1.0,1.0,1.0,1.0,1.0,1.0,0.0,1.0,1.0,1.0,1.0,https://raw.githubusercontent.com/PokeAPI/cries/main/cries/pokemon/latest/52.ogg,https://raw.githubusercontent.com/PokeAPI/sprites/master/sprites/pokemon/52.png,https://raw.githubusercontent.com/PokeAPI/sprites/master/sprites/pokemon/shiny/52.png
53,persian,Classy Cat Pokemon,Generation-i,False,False,normal,1.0,32.0,"Limber, Technician, Unnerve (Hidden)",Urban,Meowth,"Although its fur has many admirers, it is tough to raise as a pet because of its fickle meanness.",65,70,60,65,65,115,1.0,1.0,1.0,1.0,1.0,1.0,2.0,1.0,1.0,1.0,1.0,1.0,1.0,0.0,1.0,1.0,1.0,1.0,https://raw.githubusercontent.com/PokeAPI/cries/main/cries/pokemon/latest/53.ogg,https://raw.githubusercontent.com/PokeAPI/sprites/master/sprites/pokemon/53.png,https://raw.githubusercontent.com/PokeAPI/sprites/master/sprites/pokemon/shiny/53.png
54,psyduck,Duck Pokemon,Generation-i,False,False,water,0.8,19.6,"Damp, Cloud nine, Swift swim (Hidden)",Waters-edge,None,"While lulling its enemies with its vacant look, this wily POKeMON will use psychokinetic powers.",50,52,48,65,50,55,1.0,0.5,0.5,2.0,2.0,0.5,1.0,1.0,1.0,1.0,1.0,1.0,1.0,1.0,1.0,0.5,1.0,1.0,https://raw.githubusercontent.com/PokeAPI/cries/main/cries/pokemon/latest/54.ogg,https://raw.githubusercontent.com/PokeAPI/sprites/master/sprites/pokemon/54.png,https://raw.githubusercontent.com/PokeAPI/sprites/master/sprites/pokemon/shiny/54.png
55,golduck,Duck Pokemon,Generation-i,False,False,water,1.7,76.6,"Damp, Cloud nine, Swift swim (Hidden)",Waters-edge,Psyduck,"Often seen swim­ ming elegantly by lake shores. It is often mistaken for the Japanese monster, Kappa.",80,82,78,95,80,85,1.0,0.5,0.5,2.0,2.0,0.5,1.0,1.0,1.0,1.0,1.0,1.0,1.0,1.0,1.0,0.5,1.0,1.0,https://raw.githubusercontent.com/PokeAPI/cries/main/cries/pokemon/latest/55.ogg,https://raw.githubusercontent.com/PokeAPI/sprites/master/sprites/pokemon/55.png,https://raw.githubusercontent.com/PokeAPI/sprites/master/sprites/pokemon/shiny/55.png
56,mankey,Pig Monkey Pokemon,Generation-i,False,False,fighting,0.5,28.0,"Vital spirit, Anger point, Defiant (Hidden)",Mountain,None,Extremely quick to anger. It could be docile one moment then thrashing away the next instant.,40,80,35,35,45,70,1.0,1.0,1.0,1.0,1.0,1.0,1.0,1.0,1.0,2.0,2.0,0.5,0.5,1.0,1.0,1.0,0.5,2.0,https://raw.githubusercontent.com/PokeAPI/cries/main/cries/pokemon/latest/56.ogg,https://raw.githubusercontent.com/PokeAPI/sprites/master/sprites/pokemon/56.png,https://raw.githubusercontent.com/PokeAPI/sprites/master/sprites/pokemon/shiny/56.png
57,primeape,Pig Monkey Pokemon,Generation-i,False,False,fighting,1.0,32.0,"Vital spirit, Anger point, Defiant (Hidden)",Mountain,Mankey,Always furious and tenacious to boot. It will not abandon chasing its quarry until it is caught.,65,105,60,60,70,95,1.0,1.0,1.0,1.0,1.0,1.0,1.0,1.0,1.0,2.0,2.0,0.5,0.5,1.0,1.0,1.0,0.5,2.0,https://raw.githubusercontent.com/PokeAPI/cries/main/cries/pokemon/latest/57.ogg,https://raw.githubusercontent.com/PokeAPI/sprites/master/sprites/pokemon/57.png,https://raw.githubusercontent.com/PokeAPI/sprites/master/sprites/pokemon/shiny/57.png
58,growlithe,Puppy Pokemon,Generation-i,False,False,fire,0.7,19.0,"Intimidate, Flash fire, Justified (Hidden)",Grassland,None,Very protective of its territory. It will bark and bite to repel intruders from its space.,55,70,45,70,50,60,1.0,0.5,2.0,1.0,0.5,0.5,1.0,1.0,2.0,1.0,1.0,0.5,2.0,1.0,1.0,0.5,1.0,0.5,https://raw.githubusercontent.com/PokeAPI/cries/main/cries/pokemon/latest/58.ogg,https://raw.githubusercontent.com/PokeAPI/sprites/master/sprites/pokemon/58.png,https://raw.githubusercontent.com/PokeAPI/sprites/master/sprites/pokemon/shiny/58.png
59,arcanine,Legendary Pokemon,Generation-i,False,False,fire,1.9,155.0,"Intimidate, Flash fire, Justified (Hidden)",Grassland,Growlithe,A POKeMON that has been admired since the past for its beauty. It runs agilely as if on wings.,90,110,80,100,80,95,1.0,0.5,2.0,1.0,0.5,0.5,1.0,1.0,2.0,1.0,1.0,0.5,2.0,1.0,1.0,0.5,1.0,0.5,https://raw.githubusercontent.com/PokeAPI/cries/main/cries/pokemon/latest/59.ogg,https://raw.githubusercontent.com/PokeAPI/sprites/master/sprites/pokemon/59.png,https://raw.githubusercontent.com/PokeAPI/sprites/master/sprites/pokemon/shiny/59.png
60,poliwag,Tadpole Pokemon,Generation-i,False,False,water,0.6,12.4,"Water absorb, Damp, Swift swim (Hidden)",Waters-edge,None,Its newly grown legs prevent it from running. It appears to prefer swimming than trying to stand.,40,50,40,40,40,90,1.0,0.5,0.5,2.0,2.0,0.5,1.0,1.0,1.0,1.0,1.0,1.0,1.0,1.0,1.0,0.5,1.0,1.0,https://raw.githubusercontent.com/PokeAPI/cries/main/cries/pokemon/latest/60.ogg,https://raw.githubusercontent.com/PokeAPI/sprites/master/sprites/pokemon/60.png,https://raw.githubusercontent.com/PokeAPI/sprites/master/sprites/pokemon/shiny/60.png
61,poliwhirl,Tadpole Pokemon,Generation-i,False,False,water,1.0,20.0,"Water absorb, Damp, Swift swim (Hidden)",Waters-edge,Poliwag,"Capable of living in or out of water. When out of water, it sweats to keep its body slimy.",65,65,65,50,50,90,1.0,0.5,0.5,2.0,2.0,0.5,1.0,1.0,1.0,1.0,1.0,1.0,1.0,1.0,1.0,0.5,1.0,1.0,https://raw.githubusercontent.com/PokeAPI/cries/main/cries/pokemon/latest/61.ogg,https://raw.githubusercontent.com/PokeAPI/sprites/master/sprites/pokemon/61.png,https://raw.githubusercontent.com/PokeAPI/sprites/master/sprites/pokemon/shiny/61.png
62,poliwrath,Tadpole Pokemon,Generation-i,False,False,"water, fighting",1.3,54.0,"Water absorb, Damp, Swift swim (Hidden)",Waters-edge,Poliwhirl,An adept swimmer at both the front crawl and breast stroke. Easily overtakes the best human swimmers.,90,95,95,70,90,70,1.0,0.5,0.5,2.0,2.0,0.5,1.0,1.0,1.0,2.0,2.0,0.5,0.5,1.0,1.0,0.5,0.5,2.0,https://raw.githubusercontent.com/PokeAPI/cries/main/cries/pokemon/latest/62.ogg,https://raw.githubusercontent.com/PokeAPI/sprites/master/sprites/pokemon/62.png,https://raw.githubusercontent.com/PokeAPI/sprites/master/sprites/pokemon/shiny/62.png
63,abra,Psi Pokemon,Generation-i,False,False,psychic,0.9,19.5,"Synchronize, Inner focus, Magic guard (Hidden)",Urban,None,"Using its ability to read minds, it will identify impending danger and TELEPORT to safety.",25,20,15,105,55,90,1.0,1.0,1.0,1.0,1.0,1.0,0.5,1.0,1.0,1.0,0.5,2.0,1.0,2.0,1.0,1.0,2.0,1.0,https://raw.githubusercontent.com/PokeAPI/cries/main/cries/pokemon/latest/63.ogg,https://raw.githubusercontent.com/PokeAPI/sprites/master/sprites/pokemon/63.png,https://raw.githubusercontent.com/PokeAPI/sprites/master/sprites/pokemon/shiny/63.png
64,kadabra,Psi Pokemon,Generation-i,False,False,psychic,1.3,56.5,"Synchronize, Inner focus, Magic guard (Hidden)",Urban,Abra,It emits special alpha waves from its body that induce headaches just by being close by.,40,35,30,120,70,105,1.0,1.0,1.0,1.0,1.0,1.0,0.5,1.0,1.0,1.0,0.5,2.0,1.0,2.0,1.0,1.0,2.0,1.0,https://raw.githubusercontent.com/PokeAPI/cries/main/cries/pokemon/latest/64.ogg,https://raw.githubusercontent.com/PokeAPI/sprites/master/sprites/pokemon/64.png,https://raw.githubusercontent.com/PokeAPI/sprites/master/sprites/pokemon/shiny/64.png
65,alakazam,Psi Pokemon,Generation-i,False,False,psychic,1.5,48.0,"Synchronize, Inner focus, Magic guard (Hidden)",Urban,Kadabra,"Its brain can out­ perform a super­ computer. Its intelligence quotient is said to be 5,000.",55,50,45,135,95,120,1.0,1.0,1.0,1.0,1.0,1.0,0.5,1.0,1.0,1.0,0.5,2.0,1.0,2.0,1.0,1.0,2.0,1.0,https://raw.githubusercontent.com/PokeAPI/cries/main/cries/pokemon/latest/65.ogg,https://raw.githubusercontent.com/PokeAPI/sprites/master/sprites/pokemon/65.png,https://raw.githubusercontent.com/PokeAPI/sprites/master/sprites/pokemon/shiny/65.png
66,machop,Superpower Pokemon,Generation-i,False,False,fighting,0.8,19.5,"Guts, No guard, Steadfast (Hidden)",Mountain,None,Loves to build its muscles. It trains in all styles of martial arts to become even stronger.,70,80,50,35,35,35,1.0,1.0,1.0,1.0,1.0,1.0,1.0,1.0,1.0,2.0,2.0,0.5,0.5,1.0,1.0,1.0,0.5,2.0,https://raw.githubusercontent.com/PokeAPI/cries/main/cries/pokemon/latest/66.ogg,https://raw.githubusercontent.com/PokeAPI/sprites/master/sprites/pokemon/66.png,https://raw.githubusercontent.com/PokeAPI/sprites/master/sprites/pokemon/shiny/66.png
67,machoke,Superpower Pokemon,Generation-i,False,False,fighting,1.5,70.5,"Guts, No guard, Steadfast (Hidden)",Mountain,Machop,"Its muscular body is so powerful, it must wear a power save belt to be able to regulate its motions.",80,100,70,50,60,45,1.0,1.0,1.0,1.0,1.0,1.0,1.0,1.0,1.0,2.0,2.0,0.5,0.5,1.0,1.0,1.0,0.5,2.0,https://raw.githubusercontent.com/PokeAPI/cries/main/cries/pokemon/latest/67.ogg,https://raw.githubusercontent.com/PokeAPI/sprites/master/sprites/pokemon/67.png,https://raw.githubusercontent.com/PokeAPI/sprites/master/sprites/pokemon/shiny/67.png
68,machamp,Superpower Pokemon,Generation-i,False,False,fighting,1.6,130.0,"Guts, No guard, Steadfast (Hidden)",Mountain,Machoke,"Using its heavy muscles, it throws powerful punches that can send the victim clear over the horizon.",90,130,80,65,85,55,1.0,1.0,1.0,1.0,1.0,1.0,1.0,1.0,1.0,2.0,2.0,0.5,0.5,1.0,1.0,1.0,0.5,2.0,https://raw.githubusercontent.com/PokeAPI/cries/main/cries/pokemon/latest/68.ogg,https://raw.githubusercontent.com/PokeAPI/sprites/master/sprites/pokemon/68.png,https://raw.githubusercontent.com/PokeAPI/sprites/master/sprites/pokemon/shiny/68.png
69,bellsprout,Flower Pokemon,Generation-i,False,False,"grass, poison",0.7,4.0,"Chlorophyll, Gluttony (Hidden)",Forest,None,A carnivorous POKeMON that traps and eats bugs. It uses its root feet to soak up needed moisture.,50,75,35,70,30,40,1.0,2.0,0.5,0.5,0.25,2.0,0.5,1.0,1.0,2.0,2.0,1.0,1.0,1.0,1.0,1.0,1.0,0.5,https://raw.githubusercontent.com/PokeAPI/cries/main/cries/pokemon/latest/69.ogg,https://raw.githubusercontent.com/PokeAPI/sprites/master/sprites/pokemon/69.png,https://raw.githubusercontent.com/PokeAPI/sprites/master/sprites/pokemon/shiny/69.png
70,weepinbell,Flycatcher Pokemon,Generation-i,False,False,"grass, poison",1.0,6.4,"Chlorophyll, Gluttony (Hidden)",Forest,Bellsprout,It spits out POISONPOWDER to immobilize the enemy and then finishes it with a spray of ACID.,65,90,50,85,45,55,1.0,2.0,0.5,0.5,0.25,2.0,0.5,1.0,1.0,2.0,2.0,1.0,1.0,1.0,1.0,1.0,1.0,0.5,https://raw.githubusercontent.com/PokeAPI/cries/main/cries/pokemon/latest/70.ogg,https://raw.githubusercontent.com/PokeAPI/sprites/master/sprites/pokemon/70.png,https://raw.githubusercontent.com/PokeAPI/sprites/master/sprites/pokemon/shiny/70.png
71,victreebel,Flycatcher Pokemon,Generation-i,False,False,"grass, poison",1.7,15.5,"Chlorophyll, Gluttony (Hidden)",Forest,Weepinbell,"Said to live in huge colonies deep in jungles, although no one has ever returned from there.",80,105,65,100,70,70,1.0,2.0,0.5,0.5,0.25,2.0,0.5,1.0,1.0,2.0,2.0,1.0,1.0,1.0,1.0,1.0,1.0,0.5,https://raw.githubusercontent.com/PokeAPI/cries/main/cries/pokemon/latest/71.ogg,https://raw.githubusercontent.com/PokeAPI/sprites/master/sprites/pokemon/71.png,https://raw.githubusercontent.com/PokeAPI/sprites/master/sprites/pokemon/shiny/71.png
72,tentacool,Jellyfish Pokemon,Generation-i,False,False,"water, poison",0.9,45.5,"Clear body, Liquid ooze, Rain dish (Hidden)",Sea,None,Drifts in shallow seas. Anglers who hook them by accident are often punished by its stinging acid.,40,40,35,50,100,70,1.0,0.5,0.5,2.0,1.0,0.5,0.5,0.5,2.0,1.0,2.0,0.5,1.0,1.0,1.0,0.5,1.0,0.5,https://raw.githubusercontent.com/PokeAPI/cries/main/cries/pokemon/latest/72.ogg,https://raw.githubusercontent.com/PokeAPI/sprites/master/sprites/pokemon/72.png,https://raw.githubusercontent.com/PokeAPI/sprites/master/sprites/pokemon/shiny/72.png
73,tentacruel,Jellyfish Pokemon,Generation-i,False,False,"water, poison",1.6,55.0,"Clear body, Liquid ooze, Rain dish (Hidden)",Sea,Tentacool,"The tentacles are normally kept short. On hunts, they are extended to ensnare and immobilize prey.",80,70,65,80,120,100,1.0,0.5,0.5,2.0,1.0,0.5,0.5,0.5,2.0,1.0,2.0,0.5,1.0,1.0,1.0,0.5,1.0,0.5,https://raw.githubusercontent.com/PokeAPI/cries/main/cries/pokemon/latest/73.ogg,https://raw.githubusercontent.com/PokeAPI/sprites/master/sprites/pokemon/73.png,https://raw.githubusercontent.com/PokeAPI/sprites/master/sprites/pokemon/shiny/73.png
74,geodude,Rock Pokemon,Generation-i,False,False,"rock, ground",0.4,20.0,"Rock head, Sturdy, Sand veil (Hidden)",Mountain,None,"Found in fields and mountains. Mistaking them for boulders, people often step or trip on them.",40,80,100,30,30,20,0.5,0.5,4.0,0.0,4.0,2.0,2.0,0.25,2.0,0.5,1.0,1.0,0.5,1.0,1.0,2.0,1.0,1.0,https://raw.githubusercontent.com/PokeAPI/cries/main/cries/pokemon/latest/74.ogg,https://raw.githubusercontent.com/PokeAPI/sprites/master/sprites/pokemon/74.png,https://raw.githubusercontent.com/PokeAPI/sprites/master/sprites/pokemon/shiny/74.png
75,graveler,Rock Pokemon,Generation-i,False,False,"rock, ground",1.0,105.0,"Rock head, Sturdy, Sand veil (Hidden)",Mountain,Geodude,Rolls down slopes to move. It rolls over any obstacle without slowing or changing its direction.,55,95,115,45,45,35,0.5,0.5,4.0,0.0,4.0,2.0,2.0,0.25,2.0,0.5,1.0,1.0,0.5,1.0,1.0,2.0,1.0,1.0,https://raw.githubusercontent.com/PokeAPI/cries/main/cries/pokemon/latest/75.ogg,https://raw.githubusercontent.com/PokeAPI/sprites/master/sprites/pokemon/75.png,https://raw.githubusercontent.com/PokeAPI/sprites/master/sprites/pokemon/shiny/75.png
76,golem,Megaton Pokemon,Generation-i,False,False,"rock, ground",1.4,300.0,"Rock head, Sturdy, Sand veil (Hidden)",Mountain,Graveler,Its boulder-like body is extremely hard. It can easily withstand dynamite blasts without damage.,80,120,130,55,65,45,0.5,0.5,4.0,0.0,4.0,2.0,2.0,0.25,2.0,0.5,1.0,1.0,0.5,1.0,1.0,2.0,1.0,1.0,https://raw.githubusercontent.com/PokeAPI/cries/main/cries/pokemon/latest/76.ogg,https://raw.githubusercontent.com/PokeAPI/sprites/master/sprites/pokemon/76.png,https://raw.githubusercontent.com/PokeAPI/sprites/master/sprites/pokemon/shiny/76.png
77,ponyta,Fire Horse Pokemon,Generation-i,False,False,fire,1.0,30.0,"Run away, Flash fire, Flame body (Hidden)",Grassland,None,Its hooves are 10 times harder than diamonds. It can trample anything completely flat in little time.,50,85,55,65,65,90,1.0,0.5,2.0,1.0,0.5,0.5,1.0,1.0,2.0,1.0,1.0,0.5,2.0,1.0,1.0,0.5,1.0,0.5,https://raw.githubusercontent.com/PokeAPI/cries/main/cries/pokemon/latest/77.ogg,https://raw.githubusercontent.com/PokeAPI/sprites/master/sprites/pokemon/77.png,https://raw.githubusercontent.com/PokeAPI/sprites/master/sprites/pokemon/shiny/77.png
78,rapidash,Fire Horse Pokemon,Generation-i,False,False,fire,1.7,95.0,"Run away, Flash fire, Flame body (Hidden)",Grassland,Ponyta,"Very competitive, this POKeMON will chase anything that moves fast in the hopes of racing it.",65,100,70,80,80,105,1.0,0.5,2.0,1.0,0.5,0.5,1.0,1.0,2.0,1.0,1.0,0.5,2.0,1.0,1.0,0.5,1.0,0.5,https://raw.githubusercontent.com/PokeAPI/cries/main/cries/pokemon/latest/78.ogg,https://raw.githubusercontent.com/PokeAPI/sprites/master/sprites/pokemon/78.png,https://raw.githubusercontent.com/PokeAPI/sprites/master/sprites/pokemon/shiny/78.png
79,slowpoke,Dopey Pokemon,Generation-i,False,False,"water, psychic",1.2,36.0,"Oblivious, Own tempo, Regenerator (Hidden)",Waters-edge,None,Incredibly slow and dopey. It takes 5 seconds for it to feel pain when under attack.,90,65,65,40,40,15,1.0,0.5,0.5,2.0,2.0,0.5,0.5,1.0,1.0,1.0,0.5,2.0,1.0,2.0,1.0,0.5,2.0,1.0,https://raw.githubusercontent.com/PokeAPI/cries/main/cries/pokemon/latest/79.ogg,https://raw.githubusercontent.com/PokeAPI/sprites/master/sprites/pokemon/79.png,https://raw.githubusercontent.com/PokeAPI/sprites/master/sprites/pokemon/shiny/79.png
80,slowbro,Hermit Crab Pokemon,Generation-i,False,False,"water, psychic",1.6,78.5,"Oblivious, Own tempo, Regenerator (Hidden)",Waters-edge,Slowpoke,The SHELLDER that is latched onto SLOWPOKE's tail is said to feed on the host's left over scraps.,95,75,110,100,80,30,1.0,0.5,0.5,2.0,2.0,0.5,0.5,1.0,1.0,1.0,0.5,2.0,1.0,2.0,1.0,0.5,2.0,1.0,https://raw.githubusercontent.com/PokeAPI/cries/main/cries/pokemon/latest/80.ogg,https://raw.githubusercontent.com/PokeAPI/sprites/master/sprites/pokemon/80.png,https://raw.githubusercontent.com/PokeAPI/sprites/master/sprites/pokemon/shiny/80.png
81,magnemite,Magnet Pokemon,Generation-i,False,False,"electric, steel",0.3,6.0,"Magnet pull, Sturdy, Analytic (Hidden)",Rough-terrain,None,Uses anti-gravity to stay suspended. Appears without warning and uses THUNDER WAVE and similar moves.,25,35,70,95,55,45,0.5,2.0,1.0,0.5,0.5,0.5,2.0,0.0,4.0,0.25,0.5,0.5,0.5,1.0,0.5,0.25,1.0,0.5,https://raw.githubusercontent.com/PokeAPI/cries/main/cries/pokemon/latest/81.ogg,https://raw.githubusercontent.com/PokeAPI/sprites/master/sprites/pokemon/81.png,https://raw.githubusercontent.com/PokeAPI/sprites/master/sprites/pokemon/shiny/81.png
82,magneton,Magnet Pokemon,Generation-i,False,False,"electric, steel",1.0,60.0,"Magnet pull, Sturdy, Analytic (Hidden)",Rough-terrain,Magnemite,Formed by several MAGNEMITEs linked together. They frequently appear when sunspots flare up.,50,60,95,120,70,70,0.5,2.0,1.0,0.5,0.5,0.5,2.0,0.0,4.0,0.25,0.5,0.5,0.5,1.0,0.5,0.25,1.0,0.5,https://raw.githubusercontent.com/PokeAPI/cries/main/cries/pokemon/latest/82.ogg,https://raw.githubusercontent.com/PokeAPI/sprites/master/sprites/pokemon/82.png,https://raw.githubusercontent.com/PokeAPI/sprites/master/sprites/pokemon/shiny/82.png
83,farfetchd,Wild Duck Pokemon,Generation-i,False,False,"normal, flying",0.8,15.0,"Keen eye, Inner focus, Defiant (Hidden)",Grassland,None,The sprig of green onions it holds is its weapon. It is used much like a metal sword.,52,90,55,58,62,60,1.0,1.0,1.0,2.0,0.5,2.0,1.0,1.0,0.0,1.0,1.0,0.5,2.0,0.0,1.0,1.0,1.0,1.0,https://raw.githubusercontent.com/PokeAPI/cries/main/cries/pokemon/latest/83.ogg,https://raw.githubusercontent.com/PokeAPI/sprites/master/sprites/pokemon/83.png,https://raw.githubusercontent.com/PokeAPI/sprites/master/sprites/pokemon/shiny/83.png
84,doduo,Twin Bird Pokemon,Generation-i,False,False,"normal, flying",1.4,39.2,"Run away, Early bird, Tangled feet (Hidden)",Grassland,None,A bird that makes up for its poor flying with its fast foot speed. Leaves giant footprints.,35,85,45,35,35,75,1.0,1.0,1.0,2.0,0.5,2.0,1.0,1.0,0.0,1.0,1.0,0.5,2.0,0.0,1.0,1.0,1.0,1.0,https://raw.githubusercontent.com/PokeAPI/cries/main/cries/pokemon/latest/84.ogg,https://raw.githubusercontent.com/PokeAPI/sprites/master/sprites/pokemon/84.png,https://raw.githubusercontent.com/PokeAPI/sprites/master/sprites/pokemon/shiny/84.png
85,dodrio,Triple Bird Pokemon,Generation-i,False,False,"normal, flying",1.8,85.2,"Run away, Early bird, Tangled feet (Hidden)",Grassland,Doduo,"Uses its three brains to execute complex plans. While two heads sleep, one head stays awake.",60,110,70,60,60,110,1.0,1.0,1.0,2.0,0.5,2.0,1.0,1.0,0.0,1.0,1.0,0.5,2.0,0.0,1.0,1.0,1.0,1.0,https://raw.githubusercontent.com/PokeAPI/cries/main/cries/pokemon/latest/85.ogg,https://raw.githubusercontent.com/PokeAPI/sprites/master/sprites/pokemon/85.png,https://raw.githubusercontent.com/PokeAPI/sprites/master/sprites/pokemon/shiny/85.png
86,seel,Sea Lion Pokemon,Generation-i,False,False,water,1.1,90.0,"Thick fat, Hydration, Ice body (Hidden)",Sea,None,The protruding horn on its head is very hard. It is used for bashing through thick ice.,65,45,55,45,70,45,1.0,0.5,0.5,2.0,2.0,0.5,1.0,1.0,1.0,1.0,1.0,1.0,1.0,1.0,1.0,0.5,1.0,1.0,https://raw.githubusercontent.com/PokeAPI/cries/main/cries/pokemon/latest/86.ogg,https://raw.githubusercontent.com/PokeAPI/sprites/master/sprites/pokemon/86.png,https://raw.githubusercontent.com/PokeAPI/sprites/master/sprites/pokemon/shiny/86.png
87,dewgong,Sea Lion Pokemon,Generation-i,False,False,"water, ice",1.7,120.0,"Thick fat, Hydration, Ice body (Hidden)",Sea,Seel,Stores thermal energy in its body. Swims at a steady 8 knots even in intensely cold waters.,90,70,80,70,95,70,1.0,1.0,0.5,2.0,2.0,0.25,2.0,1.0,1.0,1.0,1.0,1.0,2.0,1.0,1.0,1.0,1.0,1.0,https://raw.githubusercontent.com/PokeAPI/cries/main/cries/pokemon/latest/87.ogg,https://raw.githubusercontent.com/PokeAPI/sprites/master/sprites/pokemon/87.png,https://raw.githubusercontent.com/PokeAPI/sprites/master/sprites/pokemon/shiny/87.png
88,grimer,Sludge Pokemon,Generation-i,False,False,poison,0.9,30.0,"Stench, Sticky hold, Poison touch (Hidden)",Urban,None,Appears in filthy areas. Thrives by sucking up polluted sludge that is pumped out of factories.,80,80,50,40,50,25,1.0,1.0,1.0,1.0,0.5,1.0,0.5,0.5,2.0,1.0,2.0,0.5,1.0,1.0,1.0,1.0,1.0,0.5,https://raw.githubusercontent.com/PokeAPI/cries/main/cries/pokemon/latest/88.ogg,https://raw.githubusercontent.com/PokeAPI/sprites/master/sprites/pokemon/88.png,https://raw.githubusercontent.com/PokeAPI/sprites/master/sprites/pokemon/shiny/88.png
89,muk,Sludge Pokemon,Generation-i,False,False,poison,1.2,30.0,"Stench, Sticky hold, Poison touch (Hidden)",Urban,Grimer,"Thickly covered with a filthy, vile sludge. It is so toxic, even its footprints contain poison.",105,105,75,65,100,50,1.0,1.0,1.0,1.0,0.5,1.0,0.5,0.5,2.0,1.0,2.0,0.5,1.0,1.0,1.0,1.0,1.0,0.5,https://raw.githubusercontent.com/PokeAPI/cries/main/cries/pokemon/latest/89.ogg,https://raw.githubusercontent.com/PokeAPI/sprites/master/sprites/pokemon/89.png,https://raw.githubusercontent.com/PokeAPI/sprites/master/sprites/pokemon/shiny/89.png
90,shellder,Bivalve Pokemon,Generation-i,False,False,water,0.3,4.0,"Shell armor, Skill link, Overcoat (Hidden)",Sea,None,Its hard shell repels any kind of attack. It is vulnerable only when its shell is open.,30,65,100,45,25,40,1.0,0.5,0.5,2.0,2.0,0.5,1.0,1.0,1.0,1.0,1.0,1.0,1.0,1.0,1.0,0.5,1.0,1.0,https://raw.githubusercontent.com/PokeAPI/cries/main/cries/pokemon/latest/90.ogg,https://raw.githubusercontent.com/PokeAPI/sprites/master/sprites/pokemon/90.png,https://raw.githubusercontent.com/PokeAPI/sprites/master/sprites/pokemon/shiny/90.png
91,cloyster,Bivalve Pokemon,Generation-i,False,False,"water, ice",1.5,132.5,"Shell armor, Skill link, Overcoat (Hidden)",Sea,Shellder,"When attacked, it launches its horns in quick volleys. Its innards have never been seen.",50,95,180,85,45,70,1.0,1.0,0.5,2.0,2.0,0.25,2.0,1.0,1.0,1.0,1.0,1.0,2.0,1.0,1.0,1.0,1.0,1.0,https://raw.githubusercontent.com/PokeAPI/cries/main/cries/pokemon/latest/91.ogg,https://raw.githubusercontent.com/PokeAPI/sprites/master/sprites/pokemon/91.png,https://raw.githubusercontent.com/PokeAPI/sprites/master/sprites/pokemon/shiny/91.png
92,gastly,Gas Pokemon,Generation-i,False,False,"ghost, poison",1.3,0.1,Levitate,Cave,None,"Almost invisible, this gaseous POKeMON cloaks the target and puts it to sleep without notice.",30,35,30,100,35,80,0.0,1.0,1.0,1.0,0.5,1.0,0.0,0.25,2.0,1.0,2.0,0.25,1.0,2.0,1.0,1.0,2.0,0.5,https://raw.githubusercontent.com/PokeAPI/cries/main/cries/pokemon/latest/92.ogg,https://raw.githubusercontent.com/PokeAPI/sprites/master/sprites/pokemon/92.png,https://raw.githubusercontent.com/PokeAPI/sprites/master/sprites/pokemon/shiny/92.png
93,haunter,Gas Pokemon,Generation-i,False,False,"ghost, poison",1.6,0.1,Levitate,Cave,Gastly,"Because of its ability to slip through block walls, it is said to be from an­ other dimension.",45,50,45,115,55,95,0.0,1.0,1.0,1.0,0.5,1.0,0.0,0.25,2.0,1.0,2.0,0.25,1.0,2.0,1.0,1.0,2.0,0.5,https://raw.githubusercontent.com/PokeAPI/cries/main/cries/pokemon/latest/93.ogg,https://raw.githubusercontent.com/PokeAPI/sprites/master/sprites/pokemon/93.png,https://raw.githubusercontent.com/PokeAPI/sprites/master/sprites/pokemon/shiny/93.png
94,gengar,Shadow Pokemon,Generation-i,False,False,"ghost, poison",1.5,40.5,Cursed body,Cave,Haunter,"Under a full moon, this POKeMON likes to mimic the shadows of people and laugh at their fright.",60,65,60,130,75,110,0.0,1.0,1.0,1.0,0.5,1.0,0.0,0.25,2.0,1.0,2.0,0.25,1.0,2.0,1.0,1.0,2.0,0.5,https://raw.githubusercontent.com/PokeAPI/cries/main/cries/pokemon/latest/94.ogg,https://raw.githubusercontent.com/PokeAPI/sprites/master/sprites/pokemon/94.png,https://raw.githubusercontent.com/PokeAPI/sprites/master/sprites/pokemon/shiny/94.png
95,onix,Rock Snake Pokemon,Generation-i,False,False,"rock, ground",8.8,210.0,"Rock head, Sturdy, Weak armor (Hidden)",Cave,None,"As it grows, the stone portions of its body harden to become similar to a diamond, but colored black.",35,45,160,30,45,70,0.5,0.5,4.0,0.0,4.0,2.0,2.0,0.25,2.0,0.5,1.0,1.0,0.5,1.0,1.0,2.0,1.0,1.0,https://raw.githubusercontent.com/PokeAPI/cries/main/cries/pokemon/latest/95.ogg,https://raw.githubusercontent.com/PokeAPI/sprites/master/sprites/pokemon/95.png,https://raw.githubusercontent.com/PokeAPI/sprites/master/sprites/pokemon/shiny/95.png
96,drowzee,Hypnosis Pokemon,Generation-i,False,False,psychic,1.0,32.4,"Insomnia, Forewarn, Inner focus (Hidden)",Grassland,None,Puts enemies to sleep then eats their dreams. Occasionally gets sick from eating bad dreams.,60,48,45,43,90,42,1.0,1.0,1.0,1.0,1.0,1.0,0.5,1.0,1.0,1.0,0.5,2.0,1.0,2.0,1.0,1.0,2.0,1.0,https://raw.githubusercontent.com/PokeAPI/cries/main/cries/pokemon/latest/96.ogg,https://raw.githubusercontent.com/PokeAPI/sprites/master/sprites/pokemon/96.png,https://raw.githubusercontent.com/PokeAPI/sprites/master/sprites/pokemon/shiny/96.png
97,hypno,Hypnosis Pokemon,Generation-i,False,False,psychic,1.6,75.6,"Insomnia, Forewarn, Inner focus (Hidden)",Grassland,Drowzee,"When it locks eyes with an enemy, it will use a mix of PSI moves such as HYPNOSIS and CONFUSION.",85,73,70,73,115,67,1.0,1.0,1.0,1.0,1.0,1.0,0.5,1.0,1.0,1.0,0.5,2.0,1.0,2.0,1.0,1.0,2.0,1.0,https://raw.githubusercontent.com/PokeAPI/cries/main/cries/pokemon/latest/97.ogg,https://raw.githubusercontent.com/PokeAPI/sprites/master/sprites/pokemon/97.png,https://raw.githubusercontent.com/PokeAPI/sprites/master/sprites/pokemon/shiny/97.png
98,krabby,River Crab Pokemon,Generation-i,False,False,water,0.4,6.5,"Hyper cutter, Shell armor, Sheer force (Hidden)",Waters-edge,None,"Its pincers are not only powerful weapons, they are used for balance when walking sideways.",30,105,90,25,25,50,1.0,0.5,0.5,2.0,2.0,0.5,1.0,1.0,1.0,1.0,1.0,1.0,1.0,1.0,1.0,0.5,1.0,1.0,https://raw.githubusercontent.com/PokeAPI/cries/main/cries/pokemon/latest/98.ogg,https://raw.githubusercontent.com/PokeAPI/sprites/master/sprites/pokemon/98.png,https://raw.githubusercontent.com/PokeAPI/sprites/master/sprites/pokemon/shiny/98.png
99,kingler,Pincer Pokemon,Generation-i,False,False,water,1.3,60.0,"Hyper cutter, Shell armor, Sheer force (Hidden)",Waters-edge,Krabby,"The large pincer has 10000 hp of crushing power. However, its huge size makes it unwieldy to use.",55,130,115,50,50,75,1.0,0.5,0.5,2.0,2.0,0.5,1.0,1.0,1.0,1.0,1.0,1.0,1.0,1.0,1.0,0.5,1.0,1.0,https://raw.githubusercontent.com/PokeAPI/cries/main/cries/pokemon/latest/99.ogg,https://raw.githubusercontent.com/PokeAPI/sprites/master/sprites/pokemon/99.png,https://raw.githubusercontent.com/PokeAPI/sprites/master/sprites/pokemon/shiny/99.png
100,voltorb,Ball Pokemon,Generation-i,False,False,electric,0.5,10.4,"Soundproof, Static, Aftermath (Hidden)",Urban,None,"Usually found in power plants. Easily mistaken for a POKe BALL, they have zapped many people.",40,30,50,55,55,100,1.0,1.0,1.0,0.5,1.0,1.0,1.0,1.0,2.0,0.5,1.0,1.0,1.0,1.0,1.0,0.5,1.0,1.0,https://raw.githubusercontent.com/PokeAPI/cries/main/cries/pokemon/latest/100.ogg,https://raw.githubusercontent.com/PokeAPI/sprites/master/sprites/pokemon/100.png,https://raw.githubusercontent.com/PokeAPI/sprites/master/sprites/pokemon/shiny/100.png
101,electrode,Ball Pokemon,Generation-i,False,False,electric,1.2,66.6,"Soundproof, Static, Aftermath (Hidden)",Urban,Voltorb,It stores electric energy under very high pressure. It often explodes with little or no provocation.,60,50,70,80,80,150,1.0,1.0,1.0,0.5,1.0,1.0,1.0,1.0,2.0,0.5,1.0,1.0,1.0,1.0,1.0,0.5,1.0,1.0,https://raw.githubusercontent.com/PokeAPI/cries/main/cries/pokemon/latest/101.ogg,https://raw.githubusercontent.com/PokeAPI/sprites/master/sprites/pokemon/101.png,https://raw.githubusercontent.com/PokeAPI/sprites/master/sprites/pokemon/shiny/101.png
102,exeggcute,Egg Pokemon,Generation-i,False,False,"grass, psychic",0.4,2.5,"Chlorophyll, Harvest (Hidden)",Forest,None,"Often mistaken for eggs. When disturbed, they quickly gather and attack in swarms.",60,40,80,60,45,40,1.0,2.0,0.5,0.5,0.5,2.0,0.5,2.0,0.5,2.0,0.5,4.0,1.0,2.0,1.0,1.0,2.0,1.0,https://raw.githubusercontent.com/PokeAPI/cries/main/cries/pokemon/latest/102.ogg,https://raw.githubusercontent.com/PokeAPI/sprites/master/sprites/pokemon/102.png,https://raw.githubusercontent.com/PokeAPI/sprites/master/sprites/pokemon/shiny/102.png
103,exeggutor,Coconut Pokemon,Generation-i,False,False,"grass, psychic",2.0,120.0,"Chlorophyll, Harvest (Hidden)",Forest,Exeggcute,"Legend has it that on rare occasions, one of its heads will drop off and continue on as an EXEGGCUTE.",95,95,85,125,75,55,1.0,2.0,0.5,0.5,0.5,2.0,0.5,2.0,0.5,2.0,0.5,4.0,1.0,2.0,1.0,1.0,2.0,1.0,https://raw.githubusercontent.com/PokeAPI/cries/main/cries/pokemon/latest/103.ogg,https://raw.githubusercontent.com/PokeAPI/sprites/master/sprites/pokemon/103.png,https://raw.githubusercontent.com/PokeAPI/sprites/master/sprites/pokemon/shiny/103.png
104,cubone,Lonely Pokemon,Generation-i,False,False,ground,0.4,6.5,"Rock head, Lightning rod, Battle armor (Hidden)",Mountain,None,"Because it never removes its skull helmet, no one has ever seen this POKeMON's real face.",50,50,95,40,50,35,1.0,1.0,2.0,0.0,2.0,2.0,1.0,0.5,1.0,1.0,1.0,1.0,0.5,1.0,1.0,1.0,1.0,1.0,https://raw.githubusercontent.com/PokeAPI/cries/main/cries/pokemon/latest/104.ogg,https://raw.githubusercontent.com/PokeAPI/sprites/master/sprites/pokemon/104.png,https://raw.githubusercontent.com/PokeAPI/sprites/master/sprites/pokemon/shiny/104.png
105,marowak,Bone Keeper Pokemon,Generation-i,False,False,ground,1.0,45.0,"Rock head, Lightning rod, Battle armor (Hidden)",Mountain,Cubone,The bone it holds is its key weapon. It throws the bone skillfully like a boomerang to KO targets.,60,80,110,50,80,45,1.0,1.0,2.0,0.0,2.0,2.0,1.0,0.5,1.0,1.0,1.0,1.0,0.5,1.0,1.0,1.0,1.0,1.0,https://raw.githubusercontent.com/PokeAPI/cries/main/cries/pokemon/latest/105.ogg,https://raw.githubusercontent.com/PokeAPI/sprites/master/sprites/pokemon/105.png,https://raw.githubusercontent.com/PokeAPI/sprites/master/sprites/pokemon/shiny/105.png
106,hitmonlee,Kicking Pokemon,Generation-i,False,False,fighting,1.5,49.8,"Limber, Reckless, Unburden (Hidden)",Urban,Tyrogue,"When in a hurry, its legs lengthen progressively. It runs smoothly with extra long, loping strides.",50,120,53,35,110,87,1.0,1.0,1.0,1.0,1.0,1.0,1.0,1.0,1.0,2.0,2.0,0.5,0.5,1.0,1.0,1.0,0.5,2.0,https://raw.githubusercontent.com/PokeAPI/cries/main/cries/pokemon/latest/106.ogg,https://raw.githubusercontent.com/PokeAPI/sprites/master/sprites/pokemon/106.png,https://raw.githubusercontent.com/PokeAPI/sprites/master/sprites/pokemon/shiny/106.png
107,hitmonchan,Punching Pokemon,Generation-i,False,False,fighting,1.4,50.2,"Keen eye, Iron fist, Inner focus (Hidden)",Urban,Tyrogue,"While apparently doing nothing, it fires punches in lightning fast volleys that are impossible to see.",50,105,79,35,110,76,1.0,1.0,1.0,1.0,1.0,1.0,1.0,1.0,1.0,2.0,2.0,0.5,0.5,1.0,1.0,1.0,0.5,2.0,https://raw.githubusercontent.com/PokeAPI/cries/main/cries/pokemon/latest/107.ogg,https://raw.githubusercontent.com/PokeAPI/sprites/master/sprites/pokemon/107.png,https://raw.githubusercontent.com/PokeAPI/sprites/master/sprites/pokemon/shiny/107.png
108,lickitung,Licking Pokemon,Generation-i,False,False,normal,1.2,65.5,"Own tempo, Oblivious, Cloud nine (Hidden)",Grassland,None,Its tongue can be extended like a chameleon's. It leaves a tingling sensation when it licks enemies.,90,55,75,60,75,30,1.0,1.0,1.0,1.0,1.0,1.0,2.0,1.0,1.0,1.0,1.0,1.0,1.0,0.0,1.0,1.0,1.0,1.0,https://raw.githubusercontent.com/PokeAPI/cries/main/cries/pokemon/latest/108.ogg,https://raw.githubusercontent.com/PokeAPI/sprites/master/sprites/pokemon/108.png,https://raw.githubusercontent.com/PokeAPI/sprites/master/sprites/pokemon/shiny/108.png
109,koffing,Poison Gas Pokemon,Generation-i,False,False,poison,0.6,1.0,"Levitate, Neutralizing gas, Stench (Hidden)",Urban,None,"Because it stores several kinds of toxic gases in its body, it is prone to exploding without warning.",40,65,95,60,45,35,1.0,1.0,1.0,1.0,0.5,1.0,0.5,0.5,2.0,1.0,2.0,0.5,1.0,1.0,1.0,1.0,1.0,0.5,https://raw.githubusercontent.com/PokeAPI/cries/main/cries/pokemon/latest/109.ogg,https://raw.githubusercontent.com/PokeAPI/sprites/master/sprites/pokemon/109.png,https://raw.githubusercontent.com/PokeAPI/sprites/master/sprites/pokemon/shiny/109.png
110,weezing,Poison Gas Pokemon,Generation-i,False,False,poison,1.2,9.5,"Levitate, Neutralizing gas, Stench (Hidden)",Urban,Koffing,"Where two kinds of poison gases meet, 2 KOFFINGs can fuse into a WEEZING over many years.",65,90,120,85,70,60,1.0,1.0,1.0,1.0,0.5,1.0,0.5,0.5,2.0,1.0,2.0,0.5,1.0,1.0,1.0,1.0,1.0,0.5,https://raw.githubusercontent.com/PokeAPI/cries/main/cries/pokemon/latest/110.ogg,https://raw.githubusercontent.com/PokeAPI/sprites/master/sprites/pokemon/110.png,https://raw.githubusercontent.com/PokeAPI/sprites/master/sprites/pokemon/shiny/110.png
111,rhyhorn,Spikes Pokemon,Generation-i,False,False,"ground, rock",1.0,115.0,"Lightning rod, Rock head, Reckless (Hidden)",Rough-terrain,None,"A POKeMON with a one-track mind. Once it charges,  it won't stop running until it falls asleep.",80,85,95,30,30,25,0.5,0.5,4.0,0.0,4.0,2.0,2.0,0.25,2.0,0.5,1.0,1.0,0.5,1.0,1.0,2.0,1.0,1.0,https://raw.githubusercontent.com/PokeAPI/cries/main/cries/pokemon/latest/111.ogg,https://raw.githubusercontent.com/PokeAPI/sprites/master/sprites/pokemon/111.png,https://raw.githubusercontent.com/PokeAPI/sprites/master/sprites/pokemon/shiny/111.png
112,rhydon,Drill Pokemon,Generation-i,False,False,"ground, rock",1.9,120.0,"Lightning rod, Rock head, Reckless (Hidden)",Rough-terrain,Rhyhorn,"Protected by an armor-like hide, it is capable of living in molten lava of 3,600 degrees.",105,130,120,45,45,40,0.5,0.5,4.0,0.0,4.0,2.0,2.0,0.25,2.0,0.5,1.0,1.0,0.5,1.0,1.0,2.0,1.0,1.0,https://raw.githubusercontent.com/PokeAPI/cries/main/cries/pokemon/latest/112.ogg,https://raw.githubusercontent.com/PokeAPI/sprites/master/sprites/pokemon/112.png,https://raw.githubusercontent.com/PokeAPI/sprites/master/sprites/pokemon/shiny/112.png
113,chansey,Egg Pokemon,Generation-i,False,False,normal,1.1,34.6,"Natural cure, Serene grace, Healer (Hidden)",Urban,Happiny,A rare and elusive POKeMON that is said to bring happiness to those who manage to get it.,250,5,5,35,105,50,1.0,1.0,1.0,1.0,1.0,1.0,2.0,1.0,1.0,1.0,1.0,1.0,1.0,0.0,1.0,1.0,1.0,1.0,https://raw.githubusercontent.com/PokeAPI/cries/main/cries/pokemon/latest/113.ogg,https://raw.githubusercontent.com/PokeAPI/sprites/master/sprites/pokemon/113.png,https://raw.githubusercontent.com/PokeAPI/sprites/master/sprites/pokemon/shiny/113.png
114,tangela,Vine Pokemon,Generation-i,False,False,grass,1.0,35.0,"Chlorophyll, Leaf guard, Regenerator (Hidden)",Grassland,None,The whole body is swathed with wide vines that are similar to sea­ weed. Its vines shake as it walks.,65,55,115,100,40,60,1.0,2.0,0.5,0.5,0.5,2.0,1.0,2.0,0.5,2.0,1.0,2.0,1.0,1.0,1.0,1.0,1.0,1.0,https://raw.githubusercontent.com/PokeAPI/cries/main/cries/pokemon/latest/114.ogg,https://raw.githubusercontent.com/PokeAPI/sprites/master/sprites/pokemon/114.png,https://raw.githubusercontent.com/PokeAPI/sprites/master/sprites/pokemon/shiny/114.png
115,kangaskhan,Parent Pokemon,Generation-i,False,False,normal,2.2,80.0,"Early bird, Scrappy, Inner focus (Hidden)",Grassland,None,The infant rarely ventures out of its mother's protective pouch until it is 3 years old.,105,95,80,40,80,90,1.0,1.0,1.0,1.0,1.0,1.0,2.0,1.0,1.0,1.0,1.0,1.0,1.0,0.0,1.0,1.0,1.0,1.0,https://raw.githubusercontent.com/PokeAPI/cries/main/cries/pokemon/latest/115.ogg,https://raw.githubusercontent.com/PokeAPI/sprites/master/sprites/pokemon/115.png,https://raw.githubusercontent.com/PokeAPI/sprites/master/sprites/pokemon/shiny/115.png
116,horsea,Dragon Pokemon,Generation-i,False,False,water,0.4,8.0,"Swift swim, Sniper, Damp (Hidden)",Sea,None,Known to shoot down flying bugs with precision blasts of ink from the surface of the water.,30,40,70,70,25,60,1.0,0.5,0.5,2.0,2.0,0.5,1.0,1.0,1.0,1.0,1.0,1.0,1.0,1.0,1.0,0.5,1.0,1.0,https://raw.githubusercontent.com/PokeAPI/cries/main/cries/pokemon/latest/116.ogg,https://raw.githubusercontent.com/PokeAPI/sprites/master/sprites/pokemon/116.png,https://raw.githubusercontent.com/PokeAPI/sprites/master/sprites/pokemon/shiny/116.png
117,seadra,Dragon Pokemon,Generation-i,False,False,water,1.2,25.0,"Poison point, Sniper, Damp (Hidden)",Sea,Horsea,Capable of swim­ ming backwards by rapidly flapping its wing-like pectoral fins and stout tail.,55,65,95,95,45,85,1.0,0.5,0.5,2.0,2.0,0.5,1.0,1.0,1.0,1.0,1.0,1.0,1.0,1.0,1.0,0.5,1.0,1.0,https://raw.githubusercontent.com/PokeAPI/cries/main/cries/pokemon/latest/117.ogg,https://raw.githubusercontent.com/PokeAPI/sprites/master/sprites/pokemon/117.png,https://raw.githubusercontent.com/PokeAPI/sprites/master/sprites/pokemon/shiny/117.png
118,goldeen,Goldfish Pokemon,Generation-i,False,False,water,0.6,15.0,"Swift swim, Water veil, Lightning rod (Hidden)",Waters-edge,None,"Its tail fin billows like an elegant ballroom dress, giving it the nickname of the Water Queen.",45,67,60,35,50,63,1.0,0.5,0.5,2.0,2.0,0.5,1.0,1.0,1.0,1.0,1.0,1.0,1.0,1.0,1.0,0.5,1.0,1.0,https://raw.githubusercontent.com/PokeAPI/cries/main/cries/pokemon/latest/118.ogg,https://raw.githubusercontent.com/PokeAPI/sprites/master/sprites/pokemon/118.png,https://raw.githubusercontent.com/PokeAPI/sprites/master/sprites/pokemon/shiny/118.png
119,seaking,Goldfish Pokemon,Generation-i,False,False,water,1.3,39.0,"Swift swim, Water veil, Lightning rod (Hidden)",Waters-edge,Goldeen,"In the autumn spawning season, they can be seen swimming powerfully up rivers and creeks.",80,92,65,65,80,68,1.0,0.5,0.5,2.0,2.0,0.5,1.0,1.0,1.0,1.0,1.0,1.0,1.0,1.0,1.0,0.5,1.0,1.0,https://raw.githubusercontent.com/PokeAPI/cries/main/cries/pokemon/latest/119.ogg,https://raw.githubusercontent.com/PokeAPI/sprites/master/sprites/pokemon/119.png,https://raw.githubusercontent.com/PokeAPI/sprites/master/sprites/pokemon/shiny/119.png
120,staryu,Star Shape Pokemon,Generation-i,False,False,water,0.8,34.5,"Illuminate, Natural cure, Analytic (Hidden)",Sea,None,"If its body is torn, it can grow back if the red core remains. The core flashes at midnight.",30,45,55,70,55,85,1.0,0.5,0.5,2.0,2.0,0.5,1.0,1.0,1.0,1.0,1.0,1.0,1.0,1.0,1.0,0.5,1.0,1.0,https://raw.githubusercontent.com/PokeAPI/cries/main/cries/pokemon/latest/120.ogg,https://raw.githubusercontent.com/PokeAPI/sprites/master/sprites/pokemon/120.png,https://raw.githubusercontent.com/PokeAPI/sprites/master/sprites/pokemon/shiny/120.png
121,starmie,Mysterious Pokemon,Generation-i,False,False,"water, psychic",1.1,80.0,"Illuminate, Natural cure, Analytic (Hidden)",Sea,Staryu,Its central core glows with the seven colors of the rainbow. Some people value the core as a gem.,60,75,85,100,85,115,1.0,0.5,0.5,2.0,2.0,0.5,0.5,1.0,1.0,1.0,0.5,2.0,1.0,2.0,1.0,0.5,2.0,1.0,https://raw.githubusercontent.com/PokeAPI/cries/main/cries/pokemon/latest/121.ogg,https://raw.githubusercontent.com/PokeAPI/sprites/master/sprites/pokemon/121.png,https://raw.githubusercontent.com/PokeAPI/sprites/master/sprites/pokemon/shiny/121.png
122,mr-mime,Barrier Pokemon,Generation-i,False,False,"psychic, fairy",1.3,54.5,"Soundproof, Filter, Technician (Hidden)",Urban,Mime-jr,"If interrupted while it is miming, it will slap around the offender with its broad hands.",40,45,65,100,120,90,1.0,1.0,1.0,1.0,1.0,1.0,0.25,2.0,1.0,1.0,0.5,1.0,1.0,2.0,0.0,2.0,1.0,1.0,https://raw.githubusercontent.com/PokeAPI/cries/main/cries/pokemon/latest/122.ogg,https://raw.githubusercontent.com/PokeAPI/sprites/master/sprites/pokemon/122.png,https://raw.githubusercontent.com/PokeAPI/sprites/master/sprites/pokemon/shiny/122.png
123,scyther,Mantis Pokemon,Generation-i,False,False,"bug, flying",1.5,56.0,"Swarm, Technician, Steadfast (Hidden)",Grassland,None,"With ninja-like agility and speed, it can create the illusion that there is more than one.",70,110,80,55,80,105,1.0,2.0,1.0,2.0,0.25,2.0,0.25,1.0,0.0,2.0,1.0,0.5,4.0,1.0,1.0,1.0,1.0,1.0,https://raw.githubusercontent.com/PokeAPI/cries/main/cries/pokemon/latest/123.ogg,https://raw.githubusercontent.com/PokeAPI/sprites/master/sprites/pokemon/123.png,https://raw.githubusercontent.com/PokeAPI/sprites/master/sprites/pokemon/shiny/123.png
124,jynx,Human Shape Pokemon,Generation-i,False,False,"ice, psychic",1.4,40.6,"Oblivious, Forewarn, Dry skin (Hidden)",Urban,Smoochum,It seductively wiggles its hips as it walks. It can cause people to dance in unison with it.,65,50,35,115,95,95,1.0,2.0,1.0,1.0,1.0,0.5,1.0,1.0,1.0,1.0,0.5,2.0,2.0,2.0,1.0,2.0,2.0,1.0,https://raw.githubusercontent.com/PokeAPI/cries/main/cries/pokemon/latest/124.ogg,https://raw.githubusercontent.com/PokeAPI/sprites/master/sprites/pokemon/124.png,https://raw.githubusercontent.com/PokeAPI/sprites/master/sprites/pokemon/shiny/124.png
125,electabuzz,Electric Pokemon,Generation-i,False,False,electric,1.1,30.0,"Static, Vital spirit (Hidden)",Grassland,Elekid,"Normally found near power plants, they can wander away and cause major blackouts in cities.",65,83,57,95,85,105,1.0,1.0,1.0,0.5,1.0,1.0,1.0,1.0,2.0,0.5,1.0,1.0,1.0,1.0,1.0,0.5,1.0,1.0,https://raw.githubusercontent.com/PokeAPI/cries/main/cries/pokemon/latest/125.ogg,https://raw.githubusercontent.com/PokeAPI/sprites/master/sprites/pokemon/125.png,https://raw.githubusercontent.com/PokeAPI/sprites/master/sprites/pokemon/shiny/125.png
126,magmar,Spitfire Pokemon,Generation-i,False,False,fire,1.3,44.5,"Flame body, Vital spirit (Hidden)",Mountain,Magby,Its body always burns with an orange glow that enables it to hide perfectly among flames.,65,95,57,100,85,93,1.0,0.5,2.0,1.0,0.5,0.5,1.0,1.0,2.0,1.0,1.0,0.5,2.0,1.0,1.0,0.5,1.0,0.5,https://raw.githubusercontent.com/PokeAPI/cries/main/cries/pokemon/latest/126.ogg,https://raw.githubusercontent.com/PokeAPI/sprites/master/sprites/pokemon/126.png,https://raw.githubusercontent.com/PokeAPI/sprites/master/sprites/pokemon/shiny/126.png
127,pinsir,Stag Beetle Pokemon,Generation-i,False,False,bug,1.5,55.0,"Hyper cutter, Mold breaker, Moxie (Hidden)",Forest,None,"If it fails to crush the victim in its pincers, it will swing it around and toss it hard.",65,125,100,55,70,85,1.0,2.0,1.0,1.0,0.5,1.0,0.5,1.0,0.5,2.0,1.0,1.0,2.0,1.0,1.0,1.0,1.0,1.0,https://raw.githubusercontent.com/PokeAPI/cries/main/cries/pokemon/latest/127.ogg,https://raw.githubusercontent.com/PokeAPI/sprites/master/sprites/pokemon/127.png,https://raw.githubusercontent.com/PokeAPI/sprites/master/sprites/pokemon/shiny/127.png
128,tauros,Wild Bull Pokemon,Generation-i,False,False,normal,1.4,88.4,"Intimidate, Anger point, Sheer force (Hidden)",Grassland,None,"When it targets an enemy, it charges furiously while whipping its body with its long tails.",75,100,95,40,70,110,1.0,1.0,1.0,1.0,1.0,1.0,2.0,1.0,1.0,1.0,1.0,1.0,1.0,0.0,1.0,1.0,1.0,1.0,https://raw.githubusercontent.com/PokeAPI/cries/main/cries/pokemon/latest/128.ogg,https://raw.githubusercontent.com/PokeAPI/sprites/master/sprites/pokemon/128.png,https://raw.githubusercontent.com/PokeAPI/sprites/master/sprites/pokemon/shiny/128.png
129,magikarp,Fish Pokemon,Generation-i,False,False,water,0.9,10.0,"Swift swim, Rattled (Hidden)",Waters-edge,None,"In the distant past, it was somewhat stronger than the horribly weak descendants that exist today.",20,10,55,15,20,80,1.0,0.5,0.5,2.0,2.0,0.5,1.0,1.0,1.0,1.0,1.0,1.0,1.0,1.0,1.0,0.5,1.0,1.0,https://raw.githubusercontent.com/PokeAPI/cries/main/cries/pokemon/latest/129.ogg,https://raw.githubusercontent.com/PokeAPI/sprites/master/sprites/pokemon/129.png,https://raw.githubusercontent.com/PokeAPI/sprites/master/sprites/pokemon/shiny/129.png
130,gyarados,Atrocious Pokemon,Generation-i,False,False,"water, flying",6.5,235.0,"Intimidate, Moxie (Hidden)",Waters-edge,Magikarp,"Once it begins to rampage, a GYARADOS will burn everything down, even in a harsh storm.",95,125,79,60,100,81,1.0,0.5,0.5,4.0,1.0,1.0,0.5,1.0,0.0,1.0,1.0,0.5,2.0,1.0,1.0,0.5,1.0,1.0,https://raw.githubusercontent.com/PokeAPI/cries/main/cries/pokemon/latest/130.ogg,https://raw.githubusercontent.com/PokeAPI/sprites/master/sprites/pokemon/130.png,https://raw.githubusercontent.com/PokeAPI/sprites/master/sprites/pokemon/shiny/130.png
131,lapras,Transport Pokemon,Generation-i,False,False,"water, ice",2.5,220.0,"Water absorb, Shell armor, Hydration (Hidden)",Sea,None,A POKeMON that has been over­ hunted almost to extinction. It can ferry people across the water.,130,85,80,85,95,60,1.0,1.0,0.5,2.0,2.0,0.25,2.0,1.0,1.0,1.0,1.0,1.0,2.0,1.0,1.0,1.0,1.0,1.0,https://raw.githubusercontent.com/PokeAPI/cries/main/cries/pokemon/latest/131.ogg,https://raw.githubusercontent.com/PokeAPI/sprites/master/sprites/pokemon/131.png,https://raw.githubusercontent.com/PokeAPI/sprites/master/sprites/pokemon/shiny/131.png
132,ditto,Transform Pokemon,Generation-i,False,False,normal,0.3,4.0,"Limber, Imposter (Hidden)",Urban,None,Capable of copying an enemy's genetic code to instantly transform itself into a duplicate of the enemy.,48,48,48,48,48,48,1.0,1.0,1.0,1.0,1.0,1.0,2.0,1.0,1.0,1.0,1.0,1.0,1.0,0.0,1.0,1.0,1.0,1.0,https://raw.githubusercontent.com/PokeAPI/cries/main/cries/pokemon/latest/132.ogg,https://raw.githubusercontent.com/PokeAPI/sprites/master/sprites/pokemon/132.png,https://raw.githubusercontent.com/PokeAPI/sprites/master/sprites/pokemon/shiny/132.png
133,eevee,Evolution Pokemon,Generation-i,False,False,normal,0.3,6.5,"Run away, Adaptability, Anticipation (Hidden)",Urban,None,Its genetic code is irregular. It may mutate if it is exposed to radiation from element STONEs.,55,55,50,45,65,55,1.0,1.0,1.0,1.0,1.0,1.0,2.0,1.0,1.0,1.0,1.0,1.0,1.0,0.0,1.0,1.0,1.0,1.0,https://raw.githubusercontent.com/PokeAPI/cries/main/cries/pokemon/latest/133.ogg,https://raw.githubusercontent.com/PokeAPI/sprites/master/sprites/pokemon/133.png,https://raw.githubusercontent.com/PokeAPI/sprites/master/sprites/pokemon/shiny/133.png
134,vaporeon,Bubble Jet Pokemon,Generation-i,False,False,water,1.0,29.0,"Water absorb, Hydration (Hidden)",Urban,Eevee,Lives close to water. Its long tail is ridged with a fin which is often mistaken for a mermaid's.,130,65,60,110,95,65,1.0,0.5,0.5,2.0,2.0,0.5,1.0,1.0,1.0,1.0,1.0,1.0,1.0,1.0,1.0,0.5,1.0,1.0,https://raw.githubusercontent.com/PokeAPI/cries/main/cries/pokemon/latest/134.ogg,https://raw.githubusercontent.com/PokeAPI/sprites/master/sprites/pokemon/134.png,https://raw.githubusercontent.com/PokeAPI/sprites/master/sprites/pokemon/shiny/134.png
135,jolteon,Lightning Pokemon,Generation-i,False,False,electric,0.8,24.5,"Volt absorb, Quick feet (Hidden)",Urban,Eevee,It accumulates negative ions in the atmosphere to blast out 10000- volt lightning bolts.,65,65,60,110,95,130,1.0,1.0,1.0,0.5,1.0,1.0,1.0,1.0,2.0,0.5,1.0,1.0,1.0,1.0,1.0,0.5,1.0,1.0,https://raw.githubusercontent.com/PokeAPI/cries/main/cries/pokemon/latest/135.ogg,https://raw.githubusercontent.com/PokeAPI/sprites/master/sprites/pokemon/135.png,https://raw.githubusercontent.com/PokeAPI/sprites/master/sprites/pokemon/shiny/135.png
136,flareon,Flame Pokemon,Generation-i,False,False,fire,0.9,25.0,"Flash fire, Guts (Hidden)",Urban,Eevee,"When storing thermal energy in its body, its temperature could soar to over 1600 degrees.",65,130,60,95,110,65,1.0,0.5,2.0,1.0,0.5,0.5,1.0,1.0,2.0,1.0,1.0,0.5,2.0,1.0,1.0,0.5,1.0,0.5,https://raw.githubusercontent.com/PokeAPI/cries/main/cries/pokemon/latest/136.ogg,https://raw.githubusercontent.com/PokeAPI/sprites/master/sprites/pokemon/136.png,https://raw.githubusercontent.com/PokeAPI/sprites/master/sprites/pokemon/shiny/136.png
137,porygon,Virtual Pokemon,Generation-i,False,False,normal,0.8,36.5,"Trace, Download, Analytic (Hidden)",Urban,None,A POKeMON that consists entirely of programming code. Capable of moving freely in cyberspace.,65,60,70,85,75,40,1.0,1.0,1.0,1.0,1.0,1.0,2.0,1.0,1.0,1.0,1.0,1.0,1.0,0.0,1.0,1.0,1.0,1.0,https://raw.githubusercontent.com/PokeAPI/cries/main/cries/pokemon/latest/137.ogg,https://raw.githubusercontent.com/PokeAPI/sprites/master/sprites/pokemon/137.png,https://raw.githubusercontent.com/PokeAPI/sprites/master/sprites/pokemon/shiny/137.png
138,omanyte,Spiral Pokemon,Generation-i,False,False,"rock, water",0.4,7.5,"Swift swim, Shell armor, Weak armor (Hidden)",Sea,None,"Although long extinct, in rare cases, it can be genetically resurrected from fossils.",35,40,100,90,55,35,0.5,0.25,1.0,2.0,4.0,0.5,2.0,0.5,2.0,0.5,1.0,1.0,1.0,1.0,1.0,1.0,1.0,1.0,https://raw.githubusercontent.com/PokeAPI/cries/main/cries/pokemon/latest/138.ogg,https://raw.githubusercontent.com/PokeAPI/sprites/master/sprites/pokemon/138.png,https://raw.githubusercontent.com/PokeAPI/sprites/master/sprites/pokemon/shiny/138.png
139,omastar,Spiral Pokemon,Generation-i,False,False,"rock, water",1.0,35.0,"Swift swim, Shell armor, Weak armor (Hidden)",Sea,Omanyte,A prehistoric POKeMON that died out when its heavy shell made it impossible to catch prey.,70,60,125,115,70,55,0.5,0.25,1.0,2.0,4.0,0.5,2.0,0.5,2.0,0.5,1.0,1.0,1.0,1.0,1.0,1.0,1.0,1.0,https://raw.githubusercontent.com/PokeAPI/cries/main/cries/pokemon/latest/139.ogg,https://raw.githubusercontent.com/PokeAPI/sprites/master/sprites/pokemon/139.png,https://raw.githubusercontent.com/PokeAPI/sprites/master/sprites/pokemon/shiny/139.png
140,kabuto,Shellfish Pokemon,Generation-i,False,False,"rock, water",0.5,11.5,"Swift swim, Battle armor, Weak armor (Hidden)",Sea,None,A POKeMON that was resurrected from a fossil found in what was once the ocean floor eons ago.,30,80,90,55,45,55,0.5,0.25,1.0,2.0,4.0,0.5,2.0,0.5,2.0,0.5,1.0,1.0,1.0,1.0,1.0,1.0,1.0,1.0,https://raw.githubusercontent.com/PokeAPI/cries/main/cries/pokemon/latest/140.ogg,https://raw.githubusercontent.com/PokeAPI/sprites/master/sprites/pokemon/140.png,https://raw.githubusercontent.com/PokeAPI/sprites/master/sprites/pokemon/shiny/140.png
141,kabutops,Shellfish Pokemon,Generation-i,False,False,"rock, water",1.3,40.5,"Swift swim, Battle armor, Weak armor (Hidden)",Sea,Kabuto,Its sleek shape is perfect for swim­ ming. It slashes prey with its claws and drains the body fluids.,60,115,105,65,70,80,0.5,0.25,1.0,2.0,4.0,0.5,2.0,0.5,2.0,0.5,1.0,1.0,1.0,1.0,1.0,1.0,1.0,1.0,https://raw.githubusercontent.com/PokeAPI/cries/main/cries/pokemon/latest/141.ogg,https://raw.githubusercontent.com/PokeAPI/sprites/master/sprites/pokemon/141.png,https://raw.githubusercontent.com/PokeAPI/sprites/master/sprites/pokemon/shiny/141.png
142,aerodactyl,Fossil Pokemon,Generation-i,False,False,"rock, flying",1.8,59.0,"Rock head, Pressure, Unnerve (Hidden)",Mountain,None,A Pokemon that roamed the skies in the dinosaur era. Its teeth are like saw blades.,80,105,65,60,75,130,0.5,0.5,2.0,2.0,1.0,2.0,1.0,0.5,0.0,0.5,1.0,0.5,2.0,1.0,1.0,2.0,1.0,1.0,https://raw.githubusercontent.com/PokeAPI/cries/main/cries/pokemon/latest/142.ogg,https://raw.githubusercontent.com/PokeAPI/sprites/master/sprites/pokemon/142.png,https://raw.githubusercontent.com/PokeAPI/sprites/master/sprites/pokemon/shiny/142.png
143,snorlax,Sleeping Pokemon,Generation-i,False,False,normal,2.1,460.0,"Immunity, Thick fat, Gluttony (Hidden)",Mountain,Munchlax,"Very lazy. Just eats and sleeps. As its rotund bulk builds, it becomes steadily more slothful.",160,110,65,65,110,30,1.0,1.0,1.0,1.0,1.0,1.0,2.0,1.0,1.0,1.0,1.0,1.0,1.0,0.0,1.0,1.0,1.0,1.0,https://raw.githubusercontent.com/PokeAPI/cries/main/cries/pokemon/latest/143.ogg,https://raw.githubusercontent.com/PokeAPI/sprites/master/sprites/pokemon/143.png,https://raw.githubusercontent.com/PokeAPI/sprites/master/sprites/pokemon/shiny/143.png
144,articuno,Freeze Pokemon,Generation-i,True,False,"ice, flying",1.7,55.4,"Pressure, Snow cloak (Hidden)",Rare,None,A legendary bird POKeMON that is said to appear to doomed people who are lost in icy mountains.,90,85,100,95,125,85,1.0,2.0,1.0,2.0,0.5,1.0,1.0,1.0,0.0,1.0,1.0,0.5,4.0,1.0,1.0,2.0,1.0,1.0,https://raw.githubusercontent.com/PokeAPI/cries/main/cries/pokemon/latest/144.ogg,https://raw.githubusercontent.com/PokeAPI/sprites/master/sprites/pokemon/144.png,https://raw.githubusercontent.com/PokeAPI/sprites/master/sprites/pokemon/shiny/144.png
145,zapdos,Electric Pokemon,Generation-i,True,False,"electric, flying",1.6,52.6,"Pressure, Static (Hidden)",Rare,None,A legendary bird POKeMON that is said to appear from clouds while dropping enormous lightning bolts.,90,90,85,125,90,100,1.0,1.0,1.0,1.0,0.5,2.0,0.5,1.0,0.0,0.5,1.0,0.5,2.0,1.0,1.0,0.5,1.0,1.0,https://raw.githubusercontent.com/PokeAPI/cries/main/cries/pokemon/latest/145.ogg,https://raw.githubusercontent.com/PokeAPI/sprites/master/sprites/pokemon/145.png,https://raw.githubusercontent.com/PokeAPI/sprites/master/sprites/pokemon/shiny/145.png
146,moltres,Flame Pokemon,Generation-i,True,False,"fire, flying",2.0,60.0,"Pressure, Flame body (Hidden)",Rare,None,Known as the legendary bird of fire. Every flap of its wings creates a dazzling flash of flames.,90,100,90,125,85,90,1.0,0.5,2.0,2.0,0.25,1.0,0.5,1.0,0.0,1.0,1.0,0.25,4.0,1.0,1.0,0.5,1.0,0.5,https://raw.githubusercontent.com/PokeAPI/cries/main/cries/pokemon/latest/146.ogg,https://raw.githubusercontent.com/PokeAPI/sprites/master/sprites/pokemon/146.png,https://raw.githubusercontent.com/PokeAPI/sprites/master/sprites/pokemon/shiny/146.png
147,dratini,Dragon Pokemon,Generation-i,False,False,dragon,1.8,3.3,"Shed skin, Marvel scale (Hidden)",Waters-edge,None,Long considered a mythical POKeMON until recently when a small colony was found living underwater.,41,64,45,50,50,50,1.0,0.5,0.5,0.5,0.5,2.0,1.0,1.0,1.0,1.0,1.0,1.0,1.0,1.0,2.0,1.0,1.0,2.0,https://raw.githubusercontent.com/PokeAPI/cries/main/cries/pokemon/latest/147.ogg,https://raw.githubusercontent.com/PokeAPI/sprites/master/sprites/pokemon/147.png,https://raw.githubusercontent.com/PokeAPI/sprites/master/sprites/pokemon/shiny/147.png
148,dragonair,Dragon Pokemon,Generation-i,False,False,dragon,4.0,16.5,"Shed skin, Marvel scale (Hidden)",Waters-edge,Dratini,A mystical POKeMON that exudes a gentle aura. Has the ability to change climate conditions.,61,84,65,70,70,70,1.0,0.5,0.5,0.5,0.5,2.0,1.0,1.0,1.0,1.0,1.0,1.0,1.0,1.0,2.0,1.0,1.0,2.0,https://raw.githubusercontent.com/PokeAPI/cries/main/cries/pokemon/latest/148.ogg,https://raw.githubusercontent.com/PokeAPI/sprites/master/sprites/pokemon/148.png,https://raw.githubusercontent.com/PokeAPI/sprites/master/sprites/pokemon/shiny/148.png
149,dragonite,Dragon Pokemon,Generation-i,False,False,"dragon, flying",2.2,210.0,"Inner focus, Multiscale (Hidden)",Waters-edge,Dragonair,An extremely rarely seen marine POKeMON. Its intelligence is said to match that of humans.,91,134,95,100,100,80,1.0,0.5,0.5,1.0,0.25,4.0,0.5,1.0,0.0,1.0,1.0,0.5,2.0,1.0,2.0,1.0,1.0,2.0,https://raw.githubusercontent.com/PokeAPI/cries/main/cries/pokemon/latest/149.ogg,https://raw.githubusercontent.com/PokeAPI/sprites/master/sprites/pokemon/149.png,https://raw.githubusercontent.com/PokeAPI/sprites/master/sprites/pokemon/shiny/149.png
150,mewtwo,Genetic Pokemon,Generation-i,True,False,psychic,2.0,122.0,"Pressure, Unnerve (Hidden)",Rare,None,It was created by a scientist after years of horrific gene splicing and DNA engineering experiments.,106,110,90,154,90,130,1.0,1.0,1.0,1.0,1.0,1.0,0.5,1.0,1.0,1.0,0.5,2.0,1.0,2.0,1.0,1.0,2.0,1.0,https://raw.githubusercontent.com/PokeAPI/cries/main/cries/pokemon/latest/150.ogg,https://raw.githubusercontent.com/PokeAPI/sprites/master/sprites/pokemon/150.png,https://raw.githubusercontent.com/PokeAPI/sprites/master/sprites/pokemon/shiny/150.png
151,mew,New Species Pokemon,Generation-i,False,True,psychic,0.4,4.0,Synchronize,Rare,None,So rare that it is still said to be a mirage by many experts. Only a few people have seen it worldwide.,100,100,100,100,100,100,1.0,1.0,1.0,1.0,1.0,1.0,0.5,1.0,1.0,1.0,0.5,2.0,1.0,2.0,1.0,1.0,2.0,1.0,https://raw.githubusercontent.com/PokeAPI/cries/main/cries/pokemon/latest/151.ogg,https://raw.githubusercontent.com/PokeAPI/sprites/master/sprites/pokemon/151.png,https://raw.githubusercontent.com/PokeAPI/sprites/master/sprites/pokemon/shiny/151.png
152,chikorita,Leaf Pokemon,Generation-ii,False,False,grass,0.9,6.4,"Overgrow, Leaf guard (Hidden)",Grassland,None,A sweet aroma gently wafts from the leaf on its head. It is docile and loves to soak up the sun's rays.,45,49,65,49,65,45,1.0,2.0,0.5,0.5,0.5,2.0,1.0,2.0,0.5,2.0,1.0,2.0,1.0,1.0,1.0,1.0,1.0,1.0,https://raw.githubusercontent.com/PokeAPI/cries/main/cries/pokemon/latest/152.ogg,https://raw.githubusercontent.com/PokeAPI/sprites/master/sprites/pokemon/152.png,https://raw.githubusercontent.com/PokeAPI/sprites/master/sprites/pokemon/shiny/152.png
153,bayleef,Leaf Pokemon,Generation-ii,False,False,grass,1.2,15.8,"Overgrow, Leaf guard (Hidden)",Grassland,Chikorita,"The scent of spices comes from around its neck. Somehow, sniffing it makes you want to fight.",60,62,80,63,80,60,1.0,2.0,0.5,0.5,0.5,2.0,1.0,2.0,0.5,2.0,1.0,2.0,1.0,1.0,1.0,1.0,1.0,1.0,https://raw.githubusercontent.com/PokeAPI/cries/main/cries/pokemon/latest/153.ogg,https://raw.githubusercontent.com/PokeAPI/sprites/master/sprites/pokemon/153.png,https://raw.githubusercontent.com/PokeAPI/sprites/master/sprites/pokemon/shiny/153.png
154,meganium,Herb Pokemon,Generation-ii,False,False,grass,1.8,100.5,"Overgrow, Leaf guard (Hidden)",Grassland,Bayleef,The aroma that rises from its petals contains a substance that calms aggressive feelings.,80,82,100,83,100,80,1.0,2.0,0.5,0.5,0.5,2.0,1.0,2.0,0.5,2.0,1.0,2.0,1.0,1.0,1.0,1.0,1.0,1.0,https://raw.githubusercontent.com/PokeAPI/cries/main/cries/pokemon/latest/154.ogg,https://raw.githubusercontent.com/PokeAPI/sprites/master/sprites/pokemon/154.png,https://raw.githubusercontent.com/PokeAPI/sprites/master/sprites/pokemon/shiny/154.png
155,cyndaquil,Fire Mouse Pokemon,Generation-ii,False,False,fire,0.5,7.9,"Blaze, Flash fire (Hidden)",Grassland,None,"It has a timid nature. If it is startled, the flames on its back burn more vigorously.",39,52,43,60,50,65,1.0,0.5,2.0,1.0,0.5,0.5,1.0,1.0,2.0,1.0,1.0,0.5,2.0,1.0,1.0,0.5,1.0,0.5,https://raw.githubusercontent.com/PokeAPI/cries/main/cries/pokemon/latest/155.ogg,https://raw.githubusercontent.com/PokeAPI/sprites/master/sprites/pokemon/155.png,https://raw.githubusercontent.com/PokeAPI/sprites/master/sprites/pokemon/shiny/155.png
156,quilava,Volcano Pokemon,Generation-ii,False,False,fire,0.9,19.0,"Blaze, Flash fire (Hidden)",Grassland,Cyndaquil,Be careful if it turns its back during battle. It means that it will attack with the fire on its back.,58,64,58,80,65,80,1.0,0.5,2.0,1.0,0.5,0.5,1.0,1.0,2.0,1.0,1.0,0.5,2.0,1.0,1.0,0.5,1.0,0.5,https://raw.githubusercontent.com/PokeAPI/cries/main/cries/pokemon/latest/156.ogg,https://raw.githubusercontent.com/PokeAPI/sprites/master/sprites/pokemon/156.png,https://raw.githubusercontent.com/PokeAPI/sprites/master/sprites/pokemon/shiny/156.png
157,typhlosion,Volcano Pokemon,Generation-ii,False,False,fire,1.7,79.5,"Blaze, Flash fire (Hidden)",Grassland,Quilava,"If its rage peaks, it becomes so hot that anything that touches it will instantly go up in flames.",78,84,78,109,85,100,1.0,0.5,2.0,1.0,0.5,0.5,1.0,1.0,2.0,1.0,1.0,0.5,2.0,1.0,1.0,0.5,1.0,0.5,https://raw.githubusercontent.com/PokeAPI/cries/main/cries/pokemon/latest/157.ogg,https://raw.githubusercontent.com/PokeAPI/sprites/master/sprites/pokemon/157.png,https://raw.githubusercontent.com/PokeAPI/sprites/master/sprites/pokemon/shiny/157.png
158,totodile,Big Jaw Pokemon,Generation-ii,False,False,water,0.6,9.5,"Torrent, Sheer force (Hidden)",Waters-edge,None,Its well-developed jaws are powerful and capable of crushing anything. Even its trainer must be careful.,50,65,64,44,48,43,1.0,0.5,0.5,2.0,2.0,0.5,1.0,1.0,1.0,1.0,1.0,1.0,1.0,1.0,1.0,0.5,1.0,1.0,https://raw.githubusercontent.com/PokeAPI/cries/main/cries/pokemon/latest/158.ogg,https://raw.githubusercontent.com/PokeAPI/sprites/master/sprites/pokemon/158.png,https://raw.githubusercontent.com/PokeAPI/sprites/master/sprites/pokemon/shiny/158.png
159,croconaw,Big Jaw Pokemon,Generation-ii,False,False,water,1.1,25.0,"Torrent, Sheer force (Hidden)",Waters-edge,Totodile,"If it loses a fang, a new one grows back in its place. There are always 48 fangs lining its mouth.",65,80,80,59,63,58,1.0,0.5,0.5,2.0,2.0,0.5,1.0,1.0,1.0,1.0,1.0,1.0,1.0,1.0,1.0,0.5,1.0,1.0,https://raw.githubusercontent.com/PokeAPI/cries/main/cries/pokemon/latest/159.ogg,https://raw.githubusercontent.com/PokeAPI/sprites/master/sprites/pokemon/159.png,https://raw.githubusercontent.com/PokeAPI/sprites/master/sprites/pokemon/shiny/159.png
160,feraligatr,Big Jaw Pokemon,Generation-ii,False,False,water,2.3,88.8,"Torrent, Sheer force (Hidden)",Waters-edge,Croconaw,"When it bites with its massive and powerful jaws, it shakes its head and savagely tears its victim up.",85,105,100,79,83,78,1.0,0.5,0.5,2.0,2.0,0.5,1.0,1.0,1.0,1.0,1.0,1.0,1.0,1.0,1.0,0.5,1.0,1.0,https://raw.githubusercontent.com/PokeAPI/cries/main/cries/pokemon/latest/160.ogg,https://raw.githubusercontent.com/PokeAPI/sprites/master/sprites/pokemon/160.png,https://raw.githubusercontent.com/PokeAPI/sprites/master/sprites/pokemon/shiny/160.png
161,sentret,Scout Pokemon,Generation-ii,False,False,normal,0.8,6.0,"Run away, Keen eye, Frisk (Hidden)",Grassland,None,"A very cautious POKeMON, it raises itself up using its tail to get a better view of its surroundings.",35,46,34,35,45,20,1.0,1.0,1.0,1.0,1.0,1.0,2.0,1.0,1.0,1.0,1.0,1.0,1.0,0.0,1.0,1.0,1.0,1.0,https://raw.githubusercontent.com/PokeAPI/cries/main/cries/pokemon/latest/161.ogg,https://raw.githubusercontent.com/PokeAPI/sprites/master/sprites/pokemon/161.png,https://raw.githubusercontent.com/PokeAPI/sprites/master/sprites/pokemon/shiny/161.png
162,furret,Long Body Pokemon,Generation-ii,False,False,normal,1.8,32.5,"Run away, Keen eye, Frisk (Hidden)",Grassland,Sentret,It makes a nest to suit its long and skinny body. The nest is impossible for other POKeMON to enter.,85,76,64,45,55,90,1.0,1.0,1.0,1.0,1.0,1.0,2.0,1.0,1.0,1.0,1.0,1.0,1.0,0.0,1.0,1.0,1.0,1.0,https://raw.githubusercontent.com/PokeAPI/cries/main/cries/pokemon/latest/162.ogg,https://raw.githubusercontent.com/PokeAPI/sprites/master/sprites/pokemon/162.png,https://raw.githubusercontent.com/PokeAPI/sprites/master/sprites/pokemon/shiny/162.png
163,hoothoot,Owl Pokemon,Generation-ii,False,False,"normal, flying",0.7,21.2,"Insomnia, Keen eye, Tinted lens (Hidden)",Forest,None,"It always stands on one foot. It changes feet so fast, the movement can rarely be seen.",60,30,30,36,56,50,1.0,1.0,1.0,2.0,0.5,2.0,1.0,1.0,0.0,1.0,1.0,0.5,2.0,0.0,1.0,1.0,1.0,1.0,https://raw.githubusercontent.com/PokeAPI/cries/main/cries/pokemon/latest/163.ogg,https://raw.githubusercontent.com/PokeAPI/sprites/master/sprites/pokemon/163.png,https://raw.githubusercontent.com/PokeAPI/sprites/master/sprites/pokemon/shiny/163.png
164,noctowl,Owl Pokemon,Generation-ii,False,False,"normal, flying",1.6,40.8,"Insomnia, Keen eye, Tinted lens (Hidden)",Forest,Hoothoot,Its eyes are specially adapted. They concentrate even faint light and enable it to see in the dark.,100,50,50,86,96,70,1.0,1.0,1.0,2.0,0.5,2.0,1.0,1.0,0.0,1.0,1.0,0.5,2.0,0.0,1.0,1.0,1.0,1.0,https://raw.githubusercontent.com/PokeAPI/cries/main/cries/pokemon/latest/164.ogg,https://raw.githubusercontent.com/PokeAPI/sprites/master/sprites/pokemon/164.png,https://raw.githubusercontent.com/PokeAPI/sprites/master/sprites/pokemon/shiny/164.png
165,ledyba,Five Star Pokemon,Generation-ii,False,False,"bug, flying",1.0,10.8,"Swarm, Early bird, Rattled (Hidden)",Forest,None,It is very timid. It will be afraid to move if it is alone. But it will be active if it is in a group.,40,20,30,40,80,55,1.0,2.0,1.0,2.0,0.25,2.0,0.25,1.0,0.0,2.0,1.0,0.5,4.0,1.0,1.0,1.0,1.0,1.0,https://raw.githubusercontent.com/PokeAPI/cries/main/cries/pokemon/latest/165.ogg,https://raw.githubusercontent.com/PokeAPI/sprites/master/sprites/pokemon/165.png,https://raw.githubusercontent.com/PokeAPI/sprites/master/sprites/pokemon/shiny/165.png
166,ledian,Five Star Pokemon,Generation-ii,False,False,"bug, flying",1.4,35.6,"Swarm, Early bird, Iron fist (Hidden)",Forest,Ledyba,"When the stars flicker in the night sky, it flutters about, scattering a glowing powder.",55,35,50,55,110,85,1.0,2.0,1.0,2.0,0.25,2.0,0.25,1.0,0.0,2.0,1.0,0.5,4.0,1.0,1.0,1.0,1.0,1.0,https://raw.githubusercontent.com/PokeAPI/cries/main/cries/pokemon/latest/166.ogg,https://raw.githubusercontent.com/PokeAPI/sprites/master/sprites/pokemon/166.png,https://raw.githubusercontent.com/PokeAPI/sprites/master/sprites/pokemon/shiny/166.png
167,spinarak,String Spit Pokemon,Generation-ii,False,False,"bug, poison",0.5,8.5,"Swarm, Insomnia, Sniper (Hidden)",Forest,None,"It lies still in the same pose for days in its web, waiting for its unsuspecting prey to wander close.",40,60,40,40,40,30,1.0,2.0,1.0,1.0,0.25,1.0,0.25,0.5,1.0,2.0,2.0,0.5,2.0,1.0,1.0,1.0,1.0,0.5,https://raw.githubusercontent.com/PokeAPI/cries/main/cries/pokemon/latest/167.ogg,https://raw.githubusercontent.com/PokeAPI/sprites/master/sprites/pokemon/167.png,https://raw.githubusercontent.com/PokeAPI/sprites/master/sprites/pokemon/shiny/167.png
168,ariados,Long Leg Pokemon,Generation-ii,False,False,"bug, poison",1.1,33.5,"Swarm, Insomnia, Sniper (Hidden)",Forest,Spinarak,It spins string not only from its rear but also from its mouth. It is hard to tell which end is which.,70,90,70,60,70,40,1.0,2.0,1.0,1.0,0.25,1.0,0.25,0.5,1.0,2.0,2.0,0.5,2.0,1.0,1.0,1.0,1.0,0.5,https://raw.githubusercontent.com/PokeAPI/cries/main/cries/pokemon/latest/168.ogg,https://raw.githubusercontent.com/PokeAPI/sprites/master/sprites/pokemon/168.png,https://raw.githubusercontent.com/PokeAPI/sprites/master/sprites/pokemon/shiny/168.png
169,crobat,Bat Pokemon,Generation-ii,False,False,"poison, flying",1.8,75.0,"Inner focus, Infiltrator (Hidden)",Cave,Golbat,It flies so si­ lently through the dark on its four wings that it may not be noticed even when nearby.,85,90,80,70,80,130,1.0,1.0,1.0,2.0,0.25,2.0,0.25,0.5,0.0,1.0,2.0,0.25,2.0,1.0,1.0,1.0,1.0,0.5,https://raw.githubusercontent.com/PokeAPI/cries/main/cries/pokemon/latest/169.ogg,https://raw.githubusercontent.com/PokeAPI/sprites/master/sprites/pokemon/169.png,https://raw.githubusercontent.com/PokeAPI/sprites/master/sprites/pokemon/shiny/169.png
170,chinchou,Angler Pokemon,Generation-ii,False,False,"water, electric",0.5,12.0,"Volt absorb, Illuminate, Water absorb (Hidden)",Sea,None,Chinchou blink their shining antennae at one another to claim their respective turf.,75,38,38,56,56,67,1.0,0.5,0.5,1.0,2.0,0.5,1.0,1.0,2.0,0.5,1.0,1.0,1.0,1.0,1.0,0.25,1.0,1.0,https://raw.githubusercontent.com/PokeAPI/cries/main/cries/pokemon/latest/170.ogg,https://raw.githubusercontent.com/PokeAPI/sprites/master/sprites/pokemon/170.png,https://raw.githubusercontent.com/PokeAPI/sprites/master/sprites/pokemon/shiny/170.png
171,lanturn,Light Pokemon,Generation-ii,False,False,"water, electric",1.2,22.5,"Volt absorb, Illuminate, Water absorb (Hidden)",Sea,Chinchou,The light it emits is so bright that it can illuminate the sea's surface from a depth of over three miles.,125,58,58,76,76,67,1.0,0.5,0.5,1.0,2.0,0.5,1.0,1.0,2.0,0.5,1.0,1.0,1.0,1.0,1.0,0.25,1.0,1.0,https://raw.githubusercontent.com/PokeAPI/cries/main/cries/pokemon/latest/171.ogg,https://raw.githubusercontent.com/PokeAPI/sprites/master/sprites/pokemon/171.png,https://raw.githubusercontent.com/PokeAPI/sprites/master/sprites/pokemon/shiny/171.png
172,pichu,Tiny Mouse Pokemon,Generation-ii,False,False,electric,0.3,2.0,"Static, Lightning rod (Hidden)",Forest,None,It is not yet skilled at storing electricity. It may send out a jolt if amused or startled.,20,40,15,35,35,60,1.0,1.0,1.0,0.5,1.0,1.0,1.0,1.0,2.0,0.5,1.0,1.0,1.0,1.0,1.0,0.5,1.0,1.0,https://raw.githubusercontent.com/PokeAPI/cries/main/cries/pokemon/latest/172.ogg,https://raw.githubusercontent.com/PokeAPI/sprites/master/sprites/pokemon/172.png,https://raw.githubusercontent.com/PokeAPI/sprites/master/sprites/pokemon/shiny/172.png
173,cleffa,Star Shape Pokemon,Generation-ii,False,False,fairy,0.3,3.0,"Cute charm, Magic guard, Friend guard (Hidden)",Mountain,None,"Because of its unusual, star-like silhouette, people believe that it came here on a meteor.",50,25,28,45,55,15,1.0,1.0,1.0,1.0,1.0,1.0,0.5,2.0,1.0,1.0,1.0,0.5,1.0,1.0,0.0,2.0,0.5,1.0,https://raw.githubusercontent.com/PokeAPI/cries/main/cries/pokemon/latest/173.ogg,https://raw.githubusercontent.com/PokeAPI/sprites/master/sprites/pokemon/173.png,https://raw.githubusercontent.com/PokeAPI/sprites/master/sprites/pokemon/shiny/173.png
174,igglybuff,Balloon Pokemon,Generation-ii,False,False,"normal, fairy",0.3,1.0,"Cute charm, Competitive, Friend guard (Hidden)",Grassland,None,"It has a very soft body. If it starts to roll, it will bounce all over and be impossible to stop.",90,30,15,40,20,15,1.0,1.0,1.0,1.0,1.0,1.0,1.0,2.0,1.0,1.0,1.0,0.5,1.0,0.0,0.0,2.0,0.5,1.0,https://raw.githubusercontent.com/PokeAPI/cries/main/cries/pokemon/latest/174.ogg,https://raw.githubusercontent.com/PokeAPI/sprites/master/sprites/pokemon/174.png,https://raw.githubusercontent.com/PokeAPI/sprites/master/sprites/pokemon/shiny/174.png
175,togepi,Spike Ball Pokemon,Generation-ii,False,False,fairy,0.3,1.5,"Hustle, Serene grace, Super luck (Hidden)",Forest,None,The shell seems to be filled with joy. It is said that it will share good luck when treated kindly.,35,20,65,40,65,20,1.0,1.0,1.0,1.0,1.0,1.0,0.5,2.0,1.0,1.0,1.0,0.5,1.0,1.0,0.0,2.0,0.5,1.0,https://raw.githubusercontent.com/PokeAPI/cries/main/cries/pokemon/latest/175.ogg,https://raw.githubusercontent.com/PokeAPI/sprites/master/sprites/pokemon/175.png,https://raw.githubusercontent.com/PokeAPI/sprites/master/sprites/pokemon/shiny/175.png
176,togetic,Happiness Pokemon,Generation-ii,False,False,"fairy, flying",0.6,3.2,"Hustle, Serene grace, Super luck (Hidden)",Forest,Togepi,"They say that it will appear before kindhearted, car­ ing people and shower them with happiness.",55,40,85,80,105,40,1.0,1.0,1.0,2.0,0.5,2.0,0.25,2.0,0.0,1.0,1.0,0.25,2.0,1.0,0.0,2.0,0.5,1.0,https://raw.githubusercontent.com/PokeAPI/cries/main/cries/pokemon/latest/176.ogg,https://raw.githubusercontent.com/PokeAPI/sprites/master/sprites/pokemon/176.png,https://raw.githubusercontent.com/PokeAPI/sprites/master/sprites/pokemon/shiny/176.png
177,natu,Tiny Bird Pokemon,Generation-ii,False,False,"psychic, flying",0.2,2.0,"Synchronize, Early bird, Magic bounce (Hidden)",Forest,None,"Because its wings aren't yet fully grown, it has to hop to get around. It is always star­ ing at something.",40,50,45,70,45,70,1.0,1.0,1.0,2.0,0.5,2.0,0.25,1.0,0.0,1.0,0.5,1.0,2.0,2.0,1.0,1.0,2.0,1.0,https://raw.githubusercontent.com/PokeAPI/cries/main/cries/pokemon/latest/177.ogg,https://raw.githubusercontent.com/PokeAPI/sprites/master/sprites/pokemon/177.png,https://raw.githubusercontent.com/PokeAPI/sprites/master/sprites/pokemon/shiny/177.png
178,xatu,Mystic Pokemon,Generation-ii,False,False,"psychic, flying",1.5,15.0,"Synchronize, Early bird, Magic bounce (Hidden)",Forest,Natu,They say that it stays still and quiet because it is seeing both the past and future at the same time.,65,75,70,95,70,95,1.0,1.0,1.0,2.0,0.5,2.0,0.25,1.0,0.0,1.0,0.5,1.0,2.0,2.0,1.0,1.0,2.0,1.0,https://raw.githubusercontent.com/PokeAPI/cries/main/cries/pokemon/latest/178.ogg,https://raw.githubusercontent.com/PokeAPI/sprites/master/sprites/pokemon/178.png,https://raw.githubusercontent.com/PokeAPI/sprites/master/sprites/pokemon/shiny/178.png
179,mareep,Wool Pokemon,Generation-ii,False,False,electric,0.6,7.8,"Static, Plus (Hidden)",Grassland,None,"If static elec­ tricity builds in its body, its fleece doubles in volume. Touching it will shock you.",55,40,40,65,45,35,1.0,1.0,1.0,0.5,1.0,1.0,1.0,1.0,2.0,0.5,1.0,1.0,1.0,1.0,1.0,0.5,1.0,1.0,https://raw.githubusercontent.com/PokeAPI/cries/main/cries/pokemon/latest/179.ogg,https://raw.githubusercontent.com/PokeAPI/sprites/master/sprites/pokemon/179.png,https://raw.githubusercontent.com/PokeAPI/sprites/master/sprites/pokemon/shiny/179.png
180,flaaffy,Wool Pokemon,Generation-ii,False,False,electric,0.8,13.3,"Static, Plus (Hidden)",Grassland,Mareep,"As a result of storing too much electricity, it developed patches where even downy wool won't grow.",70,55,55,80,60,45,1.0,1.0,1.0,0.5,1.0,1.0,1.0,1.0,2.0,0.5,1.0,1.0,1.0,1.0,1.0,0.5,1.0,1.0,https://raw.githubusercontent.com/PokeAPI/cries/main/cries/pokemon/latest/180.ogg,https://raw.githubusercontent.com/PokeAPI/sprites/master/sprites/pokemon/180.png,https://raw.githubusercontent.com/PokeAPI/sprites/master/sprites/pokemon/shiny/180.png
181,ampharos,Light Pokemon,Generation-ii,False,False,electric,1.4,61.5,"Static, Plus (Hidden)",Grassland,Flaaffy,The tail's tip shines brightly and can be seen from far away. It acts as a beacon for lost people.,90,75,85,115,90,55,1.0,1.0,1.0,0.5,1.0,1.0,1.0,1.0,2.0,0.5,1.0,1.0,1.0,1.0,1.0,0.5,1.0,1.0,https://raw.githubusercontent.com/PokeAPI/cries/main/cries/pokemon/latest/181.ogg,https://raw.githubusercontent.com/PokeAPI/sprites/master/sprites/pokemon/181.png,https://raw.githubusercontent.com/PokeAPI/sprites/master/sprites/pokemon/shiny/181.png
182,bellossom,Flower Pokemon,Generation-ii,False,False,grass,0.4,5.8,"Chlorophyll, Healer (Hidden)",Grassland,Gloom,"Plentiful in the tropics. When it dances, its petals rub together and make a pleasant ringing sound.",75,80,95,90,100,50,1.0,2.0,0.5,0.5,0.5,2.0,1.0,2.0,0.5,2.0,1.0,2.0,1.0,1.0,1.0,1.0,1.0,1.0,https://raw.githubusercontent.com/PokeAPI/cries/main/cries/pokemon/latest/182.ogg,https://raw.githubusercontent.com/PokeAPI/sprites/master/sprites/pokemon/182.png,https://raw.githubusercontent.com/PokeAPI/sprites/master/sprites/pokemon/shiny/182.png
183,marill,Aqua Mouse Pokemon,Generation-ii,False,False,"water, fairy",0.4,8.5,"Thick fat, Huge power, Sap sipper (Hidden)",Waters-edge,Azurill,"The tip of its tail, which con­ tains oil that is lighter than wa­ ter, lets it swim without drowning.",70,20,50,20,50,40,1.0,0.5,0.5,2.0,2.0,0.5,0.5,2.0,1.0,1.0,1.0,0.5,1.0,1.0,0.0,1.0,0.5,1.0,https://raw.githubusercontent.com/PokeAPI/cries/main/cries/pokemon/latest/183.ogg,https://raw.githubusercontent.com/PokeAPI/sprites/master/sprites/pokemon/183.png,https://raw.githubusercontent.com/PokeAPI/sprites/master/sprites/pokemon/shiny/183.png
184,azumarill,Aqua Rabbit Pokemon,Generation-ii,False,False,"water, fairy",0.8,28.5,"Thick fat, Huge power, Sap sipper (Hidden)",Waters-edge,Marill,It lives in water virtually all day long. Its body color and pattern act as camouflage that makes it tough for enemies to spot in water.,100,50,80,60,80,50,1.0,0.5,0.5,2.0,2.0,0.5,0.5,2.0,1.0,1.0,1.0,0.5,1.0,1.0,0.0,1.0,0.5,1.0,https://raw.githubusercontent.com/PokeAPI/cries/main/cries/pokemon/latest/184.ogg,https://raw.githubusercontent.com/PokeAPI/sprites/master/sprites/pokemon/184.png,https://raw.githubusercontent.com/PokeAPI/sprites/master/sprites/pokemon/shiny/184.png
185,sudowoodo,Imitation Pokemon,Generation-ii,False,False,rock,1.2,38.0,"Sturdy, Rock head, Rattled (Hidden)",Forest,Bonsly,"Although it always pretends to be a tree, its composi­ tion appears to be closer to a rock than a plant.",70,100,115,30,65,30,0.5,0.5,2.0,1.0,2.0,1.0,2.0,0.5,2.0,0.5,1.0,1.0,1.0,1.0,1.0,2.0,1.0,1.0,https://raw.githubusercontent.com/PokeAPI/cries/main/cries/pokemon/latest/185.ogg,https://raw.githubusercontent.com/PokeAPI/sprites/master/sprites/pokemon/185.png,https://raw.githubusercontent.com/PokeAPI/sprites/master/sprites/pokemon/shiny/185.png
186,politoed,Frog Pokemon,Generation-ii,False,False,water,1.1,33.9,"Water absorb, Damp, Drizzle (Hidden)",Waters-edge,Poliwhirl,"If POLIWAG and POLIWHIRL hear its echoing cry, they respond by gather­ ing from far and wide.",90,75,75,90,100,70,1.0,0.5,0.5,2.0,2.0,0.5,1.0,1.0,1.0,1.0,1.0,1.0,1.0,1.0,1.0,0.5,1.0,1.0,https://raw.githubusercontent.com/PokeAPI/cries/main/cries/pokemon/latest/186.ogg,https://raw.githubusercontent.com/PokeAPI/sprites/master/sprites/pokemon/186.png,https://raw.githubusercontent.com/PokeAPI/sprites/master/sprites/pokemon/shiny/186.png
187,hoppip,Cottonweed Pokemon,Generation-ii,False,False,"grass, flying",0.4,0.5,"Chlorophyll, Leaf guard, Infiltrator (Hidden)",Grassland,None,"To keep from being blown away by the wind, they gather in clusters. They do enjoy gentle breezes, though.",35,35,40,35,55,50,1.0,2.0,0.5,1.0,0.25,4.0,0.5,2.0,0.0,2.0,1.0,1.0,2.0,1.0,1.0,1.0,1.0,1.0,https://raw.githubusercontent.com/PokeAPI/cries/main/cries/pokemon/latest/187.ogg,https://raw.githubusercontent.com/PokeAPI/sprites/master/sprites/pokemon/187.png,https://raw.githubusercontent.com/PokeAPI/sprites/master/sprites/pokemon/shiny/187.png
188,skiploom,Cottonweed Pokemon,Generation-ii,False,False,"grass, flying",0.6,1.0,"Chlorophyll, Leaf guard, Infiltrator (Hidden)",Grassland,Hoppip,The bloom on top of its head opens and closes as the temperature fluc­ tuates up and down.,55,45,50,45,65,80,1.0,2.0,0.5,1.0,0.25,4.0,0.5,2.0,0.0,2.0,1.0,1.0,2.0,1.0,1.0,1.0,1.0,1.0,https://raw.githubusercontent.com/PokeAPI/cries/main/cries/pokemon/latest/188.ogg,https://raw.githubusercontent.com/PokeAPI/sprites/master/sprites/pokemon/188.png,https://raw.githubusercontent.com/PokeAPI/sprites/master/sprites/pokemon/shiny/188.png
189,jumpluff,Cottonweed Pokemon,Generation-ii,False,False,"grass, flying",0.8,3.0,"Chlorophyll, Leaf guard, Infiltrator (Hidden)",Grassland,Skiploom,"Once it catches the wind, it deft­ ly controls its cotton-puff spores to float, even around the world.",75,55,70,55,95,110,1.0,2.0,0.5,1.0,0.25,4.0,0.5,2.0,0.0,2.0,1.0,1.0,2.0,1.0,1.0,1.0,1.0,1.0,https://raw.githubusercontent.com/PokeAPI/cries/main/cries/pokemon/latest/189.ogg,https://raw.githubusercontent.com/PokeAPI/sprites/master/sprites/pokemon/189.png,https://raw.githubusercontent.com/PokeAPI/sprites/master/sprites/pokemon/shiny/189.png
190,aipom,Long Tail Pokemon,Generation-ii,False,False,normal,0.8,11.5,"Run away, Pickup, Skill link (Hidden)",Forest,None,Its tail is so powerful that it can use it to grab a tree branch and hold itself up in the air.,55,70,55,40,55,85,1.0,1.0,1.0,1.0,1.0,1.0,2.0,1.0,1.0,1.0,1.0,1.0,1.0,0.0,1.0,1.0,1.0,1.0,https://raw.githubusercontent.com/PokeAPI/cries/main/cries/pokemon/latest/190.ogg,https://raw.githubusercontent.com/PokeAPI/sprites/master/sprites/pokemon/190.png,https://raw.githubusercontent.com/PokeAPI/sprites/master/sprites/pokemon/shiny/190.png
191,sunkern,Seed Pokemon,Generation-ii,False,False,grass,0.3,1.8,"Chlorophyll, Solar power, Early bird (Hidden)",Grassland,None,"It may drop out of the sky suddenly. If attacked by a SPEAROW, it will violently shake its leaves.",30,30,30,30,30,30,1.0,2.0,0.5,0.5,0.5,2.0,1.0,2.0,0.5,2.0,1.0,2.0,1.0,1.0,1.0,1.0,1.0,1.0,https://raw.githubusercontent.com/PokeAPI/cries/main/cries/pokemon/latest/191.ogg,https://raw.githubusercontent.com/PokeAPI/sprites/master/sprites/pokemon/191.png,https://raw.githubusercontent.com/PokeAPI/sprites/master/sprites/pokemon/shiny/191.png
192,sunflora,Sun Pokemon,Generation-ii,False,False,grass,0.8,8.5,"Chlorophyll, Solar power, Early bird (Hidden)",Grassland,Sunkern,"It converts sun­ light into energy. In the darkness after sunset, it closes its petals and becomes still.",75,75,55,105,85,30,1.0,2.0,0.5,0.5,0.5,2.0,1.0,2.0,0.5,2.0,1.0,2.0,1.0,1.0,1.0,1.0,1.0,1.0,https://raw.githubusercontent.com/PokeAPI/cries/main/cries/pokemon/latest/192.ogg,https://raw.githubusercontent.com/PokeAPI/sprites/master/sprites/pokemon/192.png,https://raw.githubusercontent.com/PokeAPI/sprites/master/sprites/pokemon/shiny/192.png
193,yanma,Clear Wing Pokemon,Generation-ii,False,False,"bug, flying",1.2,38.0,"Speed boost, Compound eyes, Frisk (Hidden)",Forest,None,"If it flaps its wings really fast, it can generate shock waves that will shatter win­ dows in the area.",65,65,45,75,45,95,1.0,2.0,1.0,2.0,0.25,2.0,0.25,1.0,0.0,2.0,1.0,0.5,4.0,1.0,1.0,1.0,1.0,1.0,https://raw.githubusercontent.com/PokeAPI/cries/main/cries/pokemon/latest/193.ogg,https://raw.githubusercontent.com/PokeAPI/sprites/master/sprites/pokemon/193.png,https://raw.githubusercontent.com/PokeAPI/sprites/master/sprites/pokemon/shiny/193.png
194,wooper,Water Fish Pokemon,Generation-ii,False,False,"water, ground",0.4,8.5,"Damp, Water absorb, Unaware (Hidden)",Waters-edge,None,This POKeMON lives in cold water. It will leave the water to search for food when it gets cold outside.,55,45,45,25,25,15,1.0,0.5,1.0,0.0,4.0,1.0,1.0,0.5,1.0,1.0,1.0,1.0,0.5,1.0,1.0,0.5,1.0,1.0,https://raw.githubusercontent.com/PokeAPI/cries/main/cries/pokemon/latest/194.ogg,https://raw.githubusercontent.com/PokeAPI/sprites/master/sprites/pokemon/194.png,https://raw.githubusercontent.com/PokeAPI/sprites/master/sprites/pokemon/shiny/194.png
195,quagsire,Water Fish Pokemon,Generation-ii,False,False,"water, ground",1.4,75.0,"Damp, Water absorb, Unaware (Hidden)",Waters-edge,Wooper,"This carefree POKeMON has an easy-going nature. While swimming, it always bumps into boat hulls.",95,85,85,65,65,35,1.0,0.5,1.0,0.0,4.0,1.0,1.0,0.5,1.0,1.0,1.0,1.0,0.5,1.0,1.0,0.5,1.0,1.0,https://raw.githubusercontent.com/PokeAPI/cries/main/cries/pokemon/latest/195.ogg,https://raw.githubusercontent.com/PokeAPI/sprites/master/sprites/pokemon/195.png,https://raw.githubusercontent.com/PokeAPI/sprites/master/sprites/pokemon/shiny/195.png
196,espeon,Sun Pokemon,Generation-ii,False,False,psychic,0.9,26.5,"Synchronize, Magic bounce (Hidden)",Urban,Eevee,It uses the fine hair that covers its body to sense air currents and predict its ene­ my's actions.,65,65,60,130,95,110,1.0,1.0,1.0,1.0,1.0,1.0,0.5,1.0,1.0,1.0,0.5,2.0,1.0,2.0,1.0,1.0,2.0,1.0,https://raw.githubusercontent.com/PokeAPI/cries/main/cries/pokemon/latest/196.ogg,https://raw.githubusercontent.com/PokeAPI/sprites/master/sprites/pokemon/196.png,https://raw.githubusercontent.com/PokeAPI/sprites/master/sprites/pokemon/shiny/196.png
197,umbreon,Moonlight Pokemon,Generation-ii,False,False,dark,1.0,27.0,"Synchronize, Inner focus (Hidden)",Urban,Eevee,"When agitated, this POKeMON pro­ tects itself by spraying poisonous sweat from its pores.",95,65,110,60,130,65,1.0,1.0,1.0,1.0,1.0,1.0,2.0,1.0,1.0,1.0,0.0,2.0,1.0,0.5,1.0,1.0,0.5,2.0,https://raw.githubusercontent.com/PokeAPI/cries/main/cries/pokemon/latest/197.ogg,https://raw.githubusercontent.com/PokeAPI/sprites/master/sprites/pokemon/197.png,https://raw.githubusercontent.com/PokeAPI/sprites/master/sprites/pokemon/shiny/197.png
198,murkrow,Darkness Pokemon,Generation-ii,False,False,"dark, flying",0.5,2.1,"Insomnia, Super luck, Prankster (Hidden)",Forest,None,"Feared and loathed by many, it is believed to bring misfortune to all those who see it at night.",60,85,42,85,42,91,1.0,1.0,1.0,2.0,0.5,2.0,1.0,1.0,0.0,1.0,0.0,1.0,2.0,0.5,1.0,1.0,0.5,2.0,https://raw.githubusercontent.com/PokeAPI/cries/main/cries/pokemon/latest/198.ogg,https://raw.githubusercontent.com/PokeAPI/sprites/master/sprites/pokemon/198.png,https://raw.githubusercontent.com/PokeAPI/sprites/master/sprites/pokemon/shiny/198.png
199,slowking,Royal Pokemon,Generation-ii,False,False,"water, psychic",2.0,79.5,"Oblivious, Own tempo, Regenerator (Hidden)",Waters-edge,Slowpoke,"It has incredible intellect and in­ tuition. Whatever the situation, it remains calm and collected.",95,75,80,100,110,30,1.0,0.5,0.5,2.0,2.0,0.5,0.5,1.0,1.0,1.0,0.5,2.0,1.0,2.0,1.0,0.5,2.0,1.0,https://raw.githubusercontent.com/PokeAPI/cries/main/cries/pokemon/latest/199.ogg,https://raw.githubusercontent.com/PokeAPI/sprites/master/sprites/pokemon/199.png,https://raw.githubusercontent.com/PokeAPI/sprites/master/sprites/pokemon/shiny/199.png
200,misdreavus,Screech Pokemon,Generation-ii,False,False,ghost,0.7,1.0,Levitate,Cave,None,It likes playing mischievous tricks such as screaming and wailing to startle people at night.,60,60,60,85,85,85,0.0,1.0,1.0,1.0,1.0,1.0,0.0,0.5,1.0,1.0,1.0,0.5,1.0,2.0,1.0,1.0,2.0,1.0,https://raw.githubusercontent.com/PokeAPI/cries/main/cries/pokemon/latest/200.ogg,https://raw.githubusercontent.com/PokeAPI/sprites/master/sprites/pokemon/200.png,https://raw.githubusercontent.com/PokeAPI/sprites/master/sprites/pokemon/shiny/200.png
201,unown,Symbol Pokemon,Generation-ii,False,False,psychic,0.5,5.0,Levitate,Rare,None,Their shapes look like hieroglyphs on ancient tab­ lets. It is said that the two are somehow related.,48,72,48,72,48,48,1.0,1.0,1.0,1.0,1.0,1.0,0.5,1.0,1.0,1.0,0.5,2.0,1.0,2.0,1.0,1.0,2.0,1.0,https://raw.githubusercontent.com/PokeAPI/cries/main/cries/pokemon/latest/201.ogg,https://raw.githubusercontent.com/PokeAPI/sprites/master/sprites/pokemon/201.png,https://raw.githubusercontent.com/PokeAPI/sprites/master/sprites/pokemon/shiny/201.png
202,wobbuffet,Patient Pokemon,Generation-ii,False,False,psychic,1.3,28.5,"Shadow tag, Telepathy (Hidden)",Cave,Wynaut,"It hates light and shock. If attack­ ed, it inflates its body to pump up its counter­ strike.",190,33,58,33,58,33,1.0,1.0,1.0,1.0,1.0,1.0,0.5,1.0,1.0,1.0,0.5,2.0,1.0,2.0,1.0,1.0,2.0,1.0,https://raw.githubusercontent.com/PokeAPI/cries/main/cries/pokemon/latest/202.ogg,https://raw.githubusercontent.com/PokeAPI/sprites/master/sprites/pokemon/202.png,https://raw.githubusercontent.com/PokeAPI/sprites/master/sprites/pokemon/shiny/202.png
203,girafarig,Long Neck Pokemon,Generation-ii,False,False,"normal, psychic",1.5,41.5,"Inner focus, Early bird, Sap sipper (Hidden)",Grassland,None,"Its tail has a small brain of its own. Beware! If you get close, it may react to your scent and bite.",70,80,65,90,65,85,1.0,1.0,1.0,1.0,1.0,1.0,1.0,1.0,1.0,1.0,0.5,2.0,1.0,0.0,1.0,1.0,2.0,1.0,https://raw.githubusercontent.com/PokeAPI/cries/main/cries/pokemon/latest/203.ogg,https://raw.githubusercontent.com/PokeAPI/sprites/master/sprites/pokemon/203.png,https://raw.githubusercontent.com/PokeAPI/sprites/master/sprites/pokemon/shiny/203.png
204,pineco,Bagworm Pokemon,Generation-ii,False,False,bug,0.6,7.2,"Sturdy, Overcoat (Hidden)",Forest,None,It likes to make its shell thicker by adding layers of tree bark. The additional weight doesn't bother it.,50,65,90,35,35,15,1.0,2.0,1.0,1.0,0.5,1.0,0.5,1.0,0.5,2.0,1.0,1.0,2.0,1.0,1.0,1.0,1.0,1.0,https://raw.githubusercontent.com/PokeAPI/cries/main/cries/pokemon/latest/204.ogg,https://raw.githubusercontent.com/PokeAPI/sprites/master/sprites/pokemon/204.png,https://raw.githubusercontent.com/PokeAPI/sprites/master/sprites/pokemon/shiny/204.png
205,forretress,Bagworm Pokemon,Generation-ii,False,False,"bug, steel",1.2,125.8,"Sturdy, Overcoat (Hidden)",Forest,Pineco,Its entire body is shielded by a steel-hard shell. What lurks inside the armor is a total mystery.,75,90,140,60,60,40,0.5,4.0,1.0,1.0,0.25,0.5,1.0,0.0,1.0,1.0,0.5,0.5,1.0,1.0,0.5,0.5,1.0,0.5,https://raw.githubusercontent.com/PokeAPI/cries/main/cries/pokemon/latest/205.ogg,https://raw.githubusercontent.com/PokeAPI/sprites/master/sprites/pokemon/205.png,https://raw.githubusercontent.com/PokeAPI/sprites/master/sprites/pokemon/shiny/205.png
206,dunsparce,Land Snake Pokemon,Generation-ii,False,False,normal,1.5,14.0,"Serene grace, Run away, Rattled (Hidden)",Cave,None,"When spotted, this POKeMON escapes backward by furi­ ously boring into the ground with its tail.",100,70,70,65,65,45,1.0,1.0,1.0,1.0,1.0,1.0,2.0,1.0,1.0,1.0,1.0,1.0,1.0,0.0,1.0,1.0,1.0,1.0,https://raw.githubusercontent.com/PokeAPI/cries/main/cries/pokemon/latest/206.ogg,https://raw.githubusercontent.com/PokeAPI/sprites/master/sprites/pokemon/206.png,https://raw.githubusercontent.com/PokeAPI/sprites/master/sprites/pokemon/shiny/206.png
207,gligar,Fly Scorpion Pokemon,Generation-ii,False,False,"ground, flying",1.1,64.8,"Hyper cutter, Sand veil, Immunity (Hidden)",Mountain,None,It flies straight at its target's face then clamps down on the star­ tled victim to inject poison.,65,75,105,35,65,85,1.0,1.0,2.0,0.0,1.0,4.0,0.5,0.5,0.0,1.0,1.0,0.5,1.0,1.0,1.0,1.0,1.0,1.0,https://raw.githubusercontent.com/PokeAPI/cries/main/cries/pokemon/latest/207.ogg,https://raw.githubusercontent.com/PokeAPI/sprites/master/sprites/pokemon/207.png,https://raw.githubusercontent.com/PokeAPI/sprites/master/sprites/pokemon/shiny/207.png
208,steelix,Iron Snake Pokemon,Generation-ii,False,False,"steel, ground",9.2,400.0,"Rock head, Sturdy, Sheer force (Hidden)",Cave,Onix,It is thought its body transformed as a result of iron accumulating internally from swallowing soil.,75,85,200,55,65,30,0.5,2.0,2.0,0.0,1.0,1.0,2.0,0.0,2.0,0.5,0.5,0.5,0.25,1.0,0.5,0.5,1.0,0.5,https://raw.githubusercontent.com/PokeAPI/cries/main/cries/pokemon/latest/208.ogg,https://raw.githubusercontent.com/PokeAPI/sprites/master/sprites/pokemon/208.png,https://raw.githubusercontent.com/PokeAPI/sprites/master/sprites/pokemon/shiny/208.png
209,snubbull,Fairy Pokemon,Generation-ii,False,False,fairy,0.6,7.8,"Intimidate, Run away, Rattled (Hidden)",Urban,None,"Although it looks frightening, it is actually kind and affectionate. It is very popular among women.",60,80,50,40,40,30,1.0,1.0,1.0,1.0,1.0,1.0,0.5,2.0,1.0,1.0,1.0,0.5,1.0,1.0,0.0,2.0,0.5,1.0,https://raw.githubusercontent.com/PokeAPI/cries/main/cries/pokemon/latest/209.ogg,https://raw.githubusercontent.com/PokeAPI/sprites/master/sprites/pokemon/209.png,https://raw.githubusercontent.com/PokeAPI/sprites/master/sprites/pokemon/shiny/209.png
210,granbull,Fairy Pokemon,Generation-ii,False,False,fairy,1.4,48.7,"Intimidate, Quick feet, Rattled (Hidden)",Urban,Snubbull,"It is actually timid and easily spooked. If at­ tacked, it flails about to fend off its attacker.",90,120,75,60,60,45,1.0,1.0,1.0,1.0,1.0,1.0,0.5,2.0,1.0,1.0,1.0,0.5,1.0,1.0,0.0,2.0,0.5,1.0,https://raw.githubusercontent.com/PokeAPI/cries/main/cries/pokemon/latest/210.ogg,https://raw.githubusercontent.com/PokeAPI/sprites/master/sprites/pokemon/210.png,https://raw.githubusercontent.com/PokeAPI/sprites/master/sprites/pokemon/shiny/210.png
211,qwilfish,Balloon Pokemon,Generation-ii,False,False,"water, poison",0.5,3.9,"Poison point, Swift swim, Intimidate (Hidden)",Sea,None,"To fire its poison spikes, it must inflate its body by drinking over 2.6 gallons of water all at once.",65,95,85,55,55,85,1.0,0.5,0.5,2.0,1.0,0.5,0.5,0.5,2.0,1.0,2.0,0.5,1.0,1.0,1.0,0.5,1.0,0.5,https://raw.githubusercontent.com/PokeAPI/cries/main/cries/pokemon/latest/211.ogg,https://raw.githubusercontent.com/PokeAPI/sprites/master/sprites/pokemon/211.png,https://raw.githubusercontent.com/PokeAPI/sprites/master/sprites/pokemon/shiny/211.png
212,scizor,Pincer Pokemon,Generation-ii,False,False,"bug, steel",1.8,118.0,"Swarm, Technician, Light metal (Hidden)",Grassland,Scyther,It has a steel-hard body. It intimidates foes by upraising its eye-patterned pincers.,70,130,100,55,80,65,0.5,4.0,1.0,1.0,0.25,0.5,1.0,0.0,1.0,1.0,0.5,0.5,1.0,1.0,0.5,0.5,1.0,0.5,https://raw.githubusercontent.com/PokeAPI/cries/main/cries/pokemon/latest/212.ogg,https://raw.githubusercontent.com/PokeAPI/sprites/master/sprites/pokemon/212.png,https://raw.githubusercontent.com/PokeAPI/sprites/master/sprites/pokemon/shiny/212.png
213,shuckle,Mold Pokemon,Generation-ii,False,False,"bug, rock",0.6,20.5,"Sturdy, Gluttony, Contrary (Hidden)",Mountain,None,The BERRIES it stores in its vase-like shell decompose and become a gooey liquid.,20,10,230,10,230,5,0.5,1.0,2.0,1.0,1.0,1.0,1.0,0.5,1.0,1.0,1.0,1.0,2.0,1.0,1.0,2.0,1.0,1.0,https://raw.githubusercontent.com/PokeAPI/cries/main/cries/pokemon/latest/213.ogg,https://raw.githubusercontent.com/PokeAPI/sprites/master/sprites/pokemon/213.png,https://raw.githubusercontent.com/PokeAPI/sprites/master/sprites/pokemon/shiny/213.png
214,heracross,Single Horn Pokemon,Generation-ii,False,False,"bug, fighting",1.5,54.0,"Swarm, Guts, Moxie (Hidden)",Forest,None,"It is usually docile, but if it is disturbed while sipping honey, it chases off the intruder with its horn.",80,125,75,40,95,85,1.0,2.0,1.0,1.0,0.5,1.0,0.5,1.0,0.5,4.0,2.0,0.5,1.0,1.0,1.0,1.0,0.5,2.0,https://raw.githubusercontent.com/PokeAPI/cries/main/cries/pokemon/latest/214.ogg,https://raw.githubusercontent.com/PokeAPI/sprites/master/sprites/pokemon/214.png,https://raw.githubusercontent.com/PokeAPI/sprites/master/sprites/pokemon/shiny/214.png
215,sneasel,Sharp Claw Pokemon,Generation-ii,False,False,"dark, ice",0.9,28.0,"Inner focus, Keen eye, Pickpocket (Hidden)",Forest,None,"Its paws conceal sharp claws. If attacked, it sud­ denly extends the claws and startles its enemy.",55,95,55,35,75,115,1.0,2.0,1.0,1.0,1.0,0.5,4.0,1.0,1.0,1.0,0.0,2.0,2.0,0.5,1.0,2.0,0.5,2.0,https://raw.githubusercontent.com/PokeAPI/cries/main/cries/pokemon/latest/215.ogg,https://raw.githubusercontent.com/PokeAPI/sprites/master/sprites/pokemon/215.png,https://raw.githubusercontent.com/PokeAPI/sprites/master/sprites/pokemon/shiny/215.png
216,teddiursa,Little Bear Pokemon,Generation-ii,False,False,normal,0.6,8.8,"Pickup, Quick feet, Honey gather (Hidden)",Mountain,None,"If it finds honey, its crescent mark glows. It always licks its paws because they are soaked with honey.",60,80,50,50,50,40,1.0,1.0,1.0,1.0,1.0,1.0,2.0,1.0,1.0,1.0,1.0,1.0,1.0,0.0,1.0,1.0,1.0,1.0,https://raw.githubusercontent.com/PokeAPI/cries/main/cries/pokemon/latest/216.ogg,https://raw.githubusercontent.com/PokeAPI/sprites/master/sprites/pokemon/216.png,https://raw.githubusercontent.com/PokeAPI/sprites/master/sprites/pokemon/shiny/216.png
217,ursaring,Hibernator Pokemon,Generation-ii,False,False,normal,1.8,125.8,"Guts, Quick feet, Unnerve (Hidden)",Mountain,Teddiursa,"Although it is a good climber, it prefers to snap trees with its forelegs and eat fallen BERRIES.",90,130,75,75,75,55,1.0,1.0,1.0,1.0,1.0,1.0,2.0,1.0,1.0,1.0,1.0,1.0,1.0,0.0,1.0,1.0,1.0,1.0,https://raw.githubusercontent.com/PokeAPI/cries/main/cries/pokemon/latest/217.ogg,https://raw.githubusercontent.com/PokeAPI/sprites/master/sprites/pokemon/217.png,https://raw.githubusercontent.com/PokeAPI/sprites/master/sprites/pokemon/shiny/217.png
218,slugma,Lava Pokemon,Generation-ii,False,False,fire,0.7,35.0,"Magma armor, Flame body, Weak armor (Hidden)",Mountain,None,"It never sleeps. It has to keep moving because if it stopped, its magma body would cool and harden.",40,40,40,70,40,20,1.0,0.5,2.0,1.0,0.5,0.5,1.0,1.0,2.0,1.0,1.0,0.5,2.0,1.0,1.0,0.5,1.0,0.5,https://raw.githubusercontent.com/PokeAPI/cries/main/cries/pokemon/latest/218.ogg,https://raw.githubusercontent.com/PokeAPI/sprites/master/sprites/pokemon/218.png,https://raw.githubusercontent.com/PokeAPI/sprites/master/sprites/pokemon/shiny/218.png
219,magcargo,Lava Pokemon,Generation-ii,False,False,"fire, rock",0.8,55.0,"Magma armor, Flame body, Weak armor (Hidden)",Mountain,Slugma,The shell on its back is just skin that has cooled and hardened. It breaks easily with a slight touch.,60,50,120,90,80,30,0.5,0.25,4.0,1.0,1.0,0.5,2.0,0.5,4.0,0.5,1.0,0.5,2.0,1.0,1.0,1.0,1.0,0.5,https://raw.githubusercontent.com/PokeAPI/cries/main/cries/pokemon/latest/219.ogg,https://raw.githubusercontent.com/PokeAPI/sprites/master/sprites/pokemon/219.png,https://raw.githubusercontent.com/PokeAPI/sprites/master/sprites/pokemon/shiny/219.png
220,swinub,Pig Pokemon,Generation-ii,False,False,"ice, ground",0.4,6.5,"Oblivious, Snow cloak, Thick fat (Hidden)",Cave,None,It rubs its snout on the ground to find and dig up food. It sometimes discovers hot springs.,50,50,40,30,30,50,1.0,2.0,2.0,0.0,2.0,1.0,2.0,0.5,1.0,1.0,1.0,1.0,1.0,1.0,1.0,2.0,1.0,1.0,https://raw.githubusercontent.com/PokeAPI/cries/main/cries/pokemon/latest/220.ogg,https://raw.githubusercontent.com/PokeAPI/sprites/master/sprites/pokemon/220.png,https://raw.githubusercontent.com/PokeAPI/sprites/master/sprites/pokemon/shiny/220.png
221,piloswine,Swine Pokemon,Generation-ii,False,False,"ice, ground",1.1,55.8,"Oblivious, Snow cloak, Thick fat (Hidden)",Cave,Swinub,"Because the long hair all over its body obscures its sight, it just keeps charging repeatedly.",100,100,80,60,60,50,1.0,2.0,2.0,0.0,2.0,1.0,2.0,0.5,1.0,1.0,1.0,1.0,1.0,1.0,1.0,2.0,1.0,1.0,https://raw.githubusercontent.com/PokeAPI/cries/main/cries/pokemon/latest/221.ogg,https://raw.githubusercontent.com/PokeAPI/sprites/master/sprites/pokemon/221.png,https://raw.githubusercontent.com/PokeAPI/sprites/master/sprites/pokemon/shiny/221.png
222,corsola,Coral Pokemon,Generation-ii,False,False,"water, rock",0.6,5.0,"Hustle, Natural cure, Regenerator (Hidden)",Sea,None,It continuously sheds and grows. The tip of its head is prized as a treasure for its beauty.,65,55,95,65,95,35,0.5,0.25,1.0,2.0,4.0,0.5,2.0,0.5,2.0,0.5,1.0,1.0,1.0,1.0,1.0,1.0,1.0,1.0,https://raw.githubusercontent.com/PokeAPI/cries/main/cries/pokemon/latest/222.ogg,https://raw.githubusercontent.com/PokeAPI/sprites/master/sprites/pokemon/222.png,https://raw.githubusercontent.com/PokeAPI/sprites/master/sprites/pokemon/shiny/222.png
223,remoraid,Jet Pokemon,Generation-ii,False,False,water,0.6,12.0,"Hustle, Sniper, Moody (Hidden)",Sea,None,It has superb ac­ curacy. The water it shoots out can strike even moving prey from more than 300 feet.,35,65,35,65,35,65,1.0,0.5,0.5,2.0,2.0,0.5,1.0,1.0,1.0,1.0,1.0,1.0,1.0,1.0,1.0,0.5,1.0,1.0,https://raw.githubusercontent.com/PokeAPI/cries/main/cries/pokemon/latest/223.ogg,https://raw.githubusercontent.com/PokeAPI/sprites/master/sprites/pokemon/223.png,https://raw.githubusercontent.com/PokeAPI/sprites/master/sprites/pokemon/shiny/223.png
224,octillery,Jet Pokemon,Generation-ii,False,False,water,0.9,28.5,"Suction cups, Sniper, Moody (Hidden)",Sea,Remoraid,It traps enemies with its suction- cupped tentacles then smashes them with its rock-hard head.,75,105,75,105,75,45,1.0,0.5,0.5,2.0,2.0,0.5,1.0,1.0,1.0,1.0,1.0,1.0,1.0,1.0,1.0,0.5,1.0,1.0,https://raw.githubusercontent.com/PokeAPI/cries/main/cries/pokemon/latest/224.ogg,https://raw.githubusercontent.com/PokeAPI/sprites/master/sprites/pokemon/224.png,https://raw.githubusercontent.com/PokeAPI/sprites/master/sprites/pokemon/shiny/224.png
225,delibird,Delivery Pokemon,Generation-ii,False,False,"ice, flying",0.9,16.0,"Vital spirit, Hustle, Insomnia (Hidden)",Mountain,None,It carries food all day long. There are tales about lost people who were saved by the food it had.,45,55,45,65,45,75,1.0,2.0,1.0,2.0,0.5,1.0,1.0,1.0,0.0,1.0,1.0,0.5,4.0,1.0,1.0,2.0,1.0,1.0,https://raw.githubusercontent.com/PokeAPI/cries/main/cries/pokemon/latest/225.ogg,https://raw.githubusercontent.com/PokeAPI/sprites/master/sprites/pokemon/225.png,https://raw.githubusercontent.com/PokeAPI/sprites/master/sprites/pokemon/shiny/225.png
226,mantine,Kite Pokemon,Generation-ii,False,False,"water, flying",2.1,220.0,"Swift swim, Water absorb, Water veil (Hidden)",Sea,Mantyke,"As it majestically swims, it doesn't care if REMORAID attach to it for scavenging its leftovers.",85,40,70,80,140,70,1.0,0.5,0.5,4.0,1.0,1.0,0.5,1.0,0.0,1.0,1.0,0.5,2.0,1.0,1.0,0.5,1.0,1.0,https://raw.githubusercontent.com/PokeAPI/cries/main/cries/pokemon/latest/226.ogg,https://raw.githubusercontent.com/PokeAPI/sprites/master/sprites/pokemon/226.png,https://raw.githubusercontent.com/PokeAPI/sprites/master/sprites/pokemon/shiny/226.png
227,skarmory,Armor Bird Pokemon,Generation-ii,False,False,"steel, flying",1.7,50.5,"Keen eye, Sturdy, Weak armor (Hidden)",Rough-terrain,None,"Its sturdy wings look heavy, but they are actually hollow and light, allowing it to fly freely in the sky.",65,80,140,40,70,70,0.5,2.0,1.0,2.0,0.25,1.0,1.0,0.0,0.0,0.5,0.5,0.25,1.0,1.0,0.5,0.5,1.0,0.5,https://raw.githubusercontent.com/PokeAPI/cries/main/cries/pokemon/latest/227.ogg,https://raw.githubusercontent.com/PokeAPI/sprites/master/sprites/pokemon/227.png,https://raw.githubusercontent.com/PokeAPI/sprites/master/sprites/pokemon/shiny/227.png
228,houndour,Dark Pokemon,Generation-ii,False,False,"dark, fire",0.6,10.8,"Early bird, Flash fire, Unnerve (Hidden)",Rough-terrain,None,It uses different kinds of cries for communicating with others of its kind and for pursuing its prey.,45,60,30,80,50,65,1.0,0.5,2.0,1.0,0.5,0.5,2.0,1.0,2.0,1.0,0.0,1.0,2.0,0.5,1.0,0.5,0.5,1.0,https://raw.githubusercontent.com/PokeAPI/cries/main/cries/pokemon/latest/228.ogg,https://raw.githubusercontent.com/PokeAPI/sprites/master/sprites/pokemon/228.png,https://raw.githubusercontent.com/PokeAPI/sprites/master/sprites/pokemon/shiny/228.png
229,houndoom,Dark Pokemon,Generation-ii,False,False,"dark, fire",1.4,35.0,"Early bird, Flash fire, Unnerve (Hidden)",Rough-terrain,Houndour,"If you are burned by the flames it shoots from its mouth, the pain will never go away.",75,90,50,110,80,95,1.0,0.5,2.0,1.0,0.5,0.5,2.0,1.0,2.0,1.0,0.0,1.0,2.0,0.5,1.0,0.5,0.5,1.0,https://raw.githubusercontent.com/PokeAPI/cries/main/cries/pokemon/latest/229.ogg,https://raw.githubusercontent.com/PokeAPI/sprites/master/sprites/pokemon/229.png,https://raw.githubusercontent.com/PokeAPI/sprites/master/sprites/pokemon/shiny/229.png
230,kingdra,Dragon Pokemon,Generation-ii,False,False,"water, dragon",1.8,152.0,"Swift swim, Sniper, Damp (Hidden)",Sea,Seadra,It is said that it usually hides in underwater caves. It can create whirlpools by yawning.,75,95,95,95,95,85,1.0,0.25,0.25,1.0,1.0,1.0,1.0,1.0,1.0,1.0,1.0,1.0,1.0,1.0,2.0,0.5,1.0,2.0,https://raw.githubusercontent.com/PokeAPI/cries/main/cries/pokemon/latest/230.ogg,https://raw.githubusercontent.com/PokeAPI/sprites/master/sprites/pokemon/230.png,https://raw.githubusercontent.com/PokeAPI/sprites/master/sprites/pokemon/shiny/230.png
231,phanpy,Long Nose Pokemon,Generation-ii,False,False,ground,0.5,33.5,"Pickup, Sand veil (Hidden)",Rough-terrain,None,"It swings its long snout around play­ fully, but because it is so strong, that can be dan­ gerous.",90,60,60,40,40,40,1.0,1.0,2.0,0.0,2.0,2.0,1.0,0.5,1.0,1.0,1.0,1.0,0.5,1.0,1.0,1.0,1.0,1.0,https://raw.githubusercontent.com/PokeAPI/cries/main/cries/pokemon/latest/231.ogg,https://raw.githubusercontent.com/PokeAPI/sprites/master/sprites/pokemon/231.png,https://raw.githubusercontent.com/PokeAPI/sprites/master/sprites/pokemon/shiny/231.png
232,donphan,Armor Pokemon,Generation-ii,False,False,ground,1.1,120.0,"Sturdy, Sand veil (Hidden)",Rough-terrain,Phanpy,"It has sharp, hard tusks and a rugged hide. Its TACKLE is strong enough to knock down a house.",90,120,120,60,60,50,1.0,1.0,2.0,0.0,2.0,2.0,1.0,0.5,1.0,1.0,1.0,1.0,0.5,1.0,1.0,1.0,1.0,1.0,https://raw.githubusercontent.com/PokeAPI/cries/main/cries/pokemon/latest/232.ogg,https://raw.githubusercontent.com/PokeAPI/sprites/master/sprites/pokemon/232.png,https://raw.githubusercontent.com/PokeAPI/sprites/master/sprites/pokemon/shiny/232.png
233,porygon2,Virtual Pokemon,Generation-ii,False,False,normal,0.6,32.5,"Trace, Download, Analytic (Hidden)",Urban,Porygon,"This upgraded version of PORYGON is designed for space exploration. It can't fly, though.",85,80,90,105,95,60,1.0,1.0,1.0,1.0,1.0,1.0,2.0,1.0,1.0,1.0,1.0,1.0,1.0,0.0,1.0,1.0,1.0,1.0,https://raw.githubusercontent.com/PokeAPI/cries/main/cries/pokemon/latest/233.ogg,https://raw.githubusercontent.com/PokeAPI/sprites/master/sprites/pokemon/233.png,https://raw.githubusercontent.com/PokeAPI/sprites/master/sprites/pokemon/shiny/233.png
234,stantler,Big Horn Pokemon,Generation-ii,False,False,normal,1.4,71.2,"Intimidate, Frisk, Sap sipper (Hidden)",Forest,None,The curved antlers subtly change the flow of air to create a strange space where real­ ity is distorted.,73,95,62,85,65,85,1.0,1.0,1.0,1.0,1.0,1.0,2.0,1.0,1.0,1.0,1.0,1.0,1.0,0.0,1.0,1.0,1.0,1.0,https://raw.githubusercontent.com/PokeAPI/cries/main/cries/pokemon/latest/234.ogg,https://raw.githubusercontent.com/PokeAPI/sprites/master/sprites/pokemon/234.png,https://raw.githubusercontent.com/PokeAPI/sprites/master/sprites/pokemon/shiny/234.png
235,smeargle,Painter Pokemon,Generation-ii,False,False,normal,1.2,58.0,"Own tempo, Technician, Moody (Hidden)",Urban,None,A special fluid oozes from the tip of its tail. It paints the fluid everywhere to mark its territory.,55,20,35,20,45,75,1.0,1.0,1.0,1.0,1.0,1.0,2.0,1.0,1.0,1.0,1.0,1.0,1.0,0.0,1.0,1.0,1.0,1.0,https://raw.githubusercontent.com/PokeAPI/cries/main/cries/pokemon/latest/235.ogg,https://raw.githubusercontent.com/PokeAPI/sprites/master/sprites/pokemon/235.png,https://raw.githubusercontent.com/PokeAPI/sprites/master/sprites/pokemon/shiny/235.png
236,tyrogue,Scuffle Pokemon,Generation-ii,False,False,fighting,0.7,21.0,"Guts, Steadfast, Vital spirit (Hidden)",Urban,None,"It is always bursting with en­ ergy. To make it­ self stronger, it keeps on fighting even if it loses.",35,35,35,35,35,35,1.0,1.0,1.0,1.0,1.0,1.0,1.0,1.0,1.0,2.0,2.0,0.5,0.5,1.0,1.0,1.0,0.5,2.0,https://raw.githubusercontent.com/PokeAPI/cries/main/cries/pokemon/latest/236.ogg,https://raw.githubusercontent.com/PokeAPI/sprites/master/sprites/pokemon/236.png,https://raw.githubusercontent.com/PokeAPI/sprites/master/sprites/pokemon/shiny/236.png
237,hitmontop,Handstand Pokemon,Generation-ii,False,False,fighting,1.4,48.0,"Intimidate, Technician, Steadfast (Hidden)",Urban,Tyrogue,"If you become enchanted by its smooth, elegant, dance-like kicks, you may get drilled hard.",50,95,95,35,110,70,1.0,1.0,1.0,1.0,1.0,1.0,1.0,1.0,1.0,2.0,2.0,0.5,0.5,1.0,1.0,1.0,0.5,2.0,https://raw.githubusercontent.com/PokeAPI/cries/main/cries/pokemon/latest/237.ogg,https://raw.githubusercontent.com/PokeAPI/sprites/master/sprites/pokemon/237.png,https://raw.githubusercontent.com/PokeAPI/sprites/master/sprites/pokemon/shiny/237.png
238,smoochum,Kiss Pokemon,Generation-ii,False,False,"ice, psychic",0.4,6.0,"Oblivious, Forewarn, Hydration (Hidden)",Urban,None,Its lips are the most sensitive parts on its body. It always uses its lips first to examine things.,45,30,15,85,65,65,1.0,2.0,1.0,1.0,1.0,0.5,1.0,1.0,1.0,1.0,0.5,2.0,2.0,2.0,1.0,2.0,2.0,1.0,https://raw.githubusercontent.com/PokeAPI/cries/main/cries/pokemon/latest/238.ogg,https://raw.githubusercontent.com/PokeAPI/sprites/master/sprites/pokemon/238.png,https://raw.githubusercontent.com/PokeAPI/sprites/master/sprites/pokemon/shiny/238.png
239,elekid,Electric Pokemon,Generation-ii,False,False,electric,0.6,23.5,"Static, Vital spirit (Hidden)",Grassland,None,"It rotates its arms to generate electricity, but it tires easily, so it charges up only a little bit.",45,63,37,65,55,95,1.0,1.0,1.0,0.5,1.0,1.0,1.0,1.0,2.0,0.5,1.0,1.0,1.0,1.0,1.0,0.5,1.0,1.0,https://raw.githubusercontent.com/PokeAPI/cries/main/cries/pokemon/latest/239.ogg,https://raw.githubusercontent.com/PokeAPI/sprites/master/sprites/pokemon/239.png,https://raw.githubusercontent.com/PokeAPI/sprites/master/sprites/pokemon/shiny/239.png
240,magby,Live Coal Pokemon,Generation-ii,False,False,fire,0.7,21.4,"Flame body, Vital spirit (Hidden)",Mountain,None,"Each and every time it inhales and exhales, hot embers dribble out of its mouth and nostrils.",45,75,37,70,55,83,1.0,0.5,2.0,1.0,0.5,0.5,1.0,1.0,2.0,1.0,1.0,0.5,2.0,1.0,1.0,0.5,1.0,0.5,https://raw.githubusercontent.com/PokeAPI/cries/main/cries/pokemon/latest/240.ogg,https://raw.githubusercontent.com/PokeAPI/sprites/master/sprites/pokemon/240.png,https://raw.githubusercontent.com/PokeAPI/sprites/master/sprites/pokemon/shiny/240.png
241,miltank,Milk Cow Pokemon,Generation-ii,False,False,normal,1.2,75.5,"Thick fat, Scrappy, Sap sipper (Hidden)",Grassland,None,"Its milk is packed with nutrition, making it the ultimate beverage for the sick or weary.",95,80,105,40,70,100,1.0,1.0,1.0,1.0,1.0,1.0,2.0,1.0,1.0,1.0,1.0,1.0,1.0,0.0,1.0,1.0,1.0,1.0,https://raw.githubusercontent.com/PokeAPI/cries/main/cries/pokemon/latest/241.ogg,https://raw.githubusercontent.com/PokeAPI/sprites/master/sprites/pokemon/241.png,https://raw.githubusercontent.com/PokeAPI/sprites/master/sprites/pokemon/shiny/241.png
242,blissey,Happiness Pokemon,Generation-ii,False,False,normal,1.5,46.8,"Natural cure, Serene grace, Healer (Hidden)",Urban,Chansey,Anyone who takes even one bite of BLISSEY's egg be­ comes unfailingly caring and pleas­ ant to everyone.,255,10,10,75,135,55,1.0,1.0,1.0,1.0,1.0,1.0,2.0,1.0,1.0,1.0,1.0,1.0,1.0,0.0,1.0,1.0,1.0,1.0,https://raw.githubusercontent.com/PokeAPI/cries/main/cries/pokemon/latest/242.ogg,https://raw.githubusercontent.com/PokeAPI/sprites/master/sprites/pokemon/242.png,https://raw.githubusercontent.com/PokeAPI/sprites/master/sprites/pokemon/shiny/242.png
243,raikou,Thunder Pokemon,Generation-ii,True,False,electric,1.9,178.0,"Pressure, Inner focus (Hidden)",Grassland,None,The rain clouds it carries let it fire thunderbolts at will. They say that it descended with lightning.,90,85,75,115,100,115,1.0,1.0,1.0,0.5,1.0,1.0,1.0,1.0,2.0,0.5,1.0,1.0,1.0,1.0,1.0,0.5,1.0,1.0,https://raw.githubusercontent.com/PokeAPI/cries/main/cries/pokemon/latest/243.ogg,https://raw.githubusercontent.com/PokeAPI/sprites/master/sprites/pokemon/243.png,https://raw.githubusercontent.com/PokeAPI/sprites/master/sprites/pokemon/shiny/243.png
244,entei,Volcano Pokemon,Generation-ii,True,False,fire,2.1,198.0,"Pressure, Inner focus (Hidden)",Grassland,None,"Volcanoes erupt when it barks. Un­ able to restrain its extreme power, it races headlong around the land.",115,115,85,90,75,100,1.0,0.5,2.0,1.0,0.5,0.5,1.0,1.0,2.0,1.0,1.0,0.5,2.0,1.0,1.0,0.5,1.0,0.5,https://raw.githubusercontent.com/PokeAPI/cries/main/cries/pokemon/latest/244.ogg,https://raw.githubusercontent.com/PokeAPI/sprites/master/sprites/pokemon/244.png,https://raw.githubusercontent.com/PokeAPI/sprites/master/sprites/pokemon/shiny/244.png
245,suicune,Aurora Pokemon,Generation-ii,True,False,water,2.0,187.0,"Pressure, Inner focus (Hidden)",Grassland,None,It races around the world to purify fouled water. It dashes away with the north wind.,100,75,115,90,115,85,1.0,0.5,0.5,2.0,2.0,0.5,1.0,1.0,1.0,1.0,1.0,1.0,1.0,1.0,1.0,0.5,1.0,1.0,https://raw.githubusercontent.com/PokeAPI/cries/main/cries/pokemon/latest/245.ogg,https://raw.githubusercontent.com/PokeAPI/sprites/master/sprites/pokemon/245.png,https://raw.githubusercontent.com/PokeAPI/sprites/master/sprites/pokemon/shiny/245.png
246,larvitar,Rock Skin Pokemon,Generation-ii,False,False,"rock, ground",0.6,72.0,"Guts, Sand veil (Hidden)",Mountain,None,"It feeds on soil. After it has eaten a large mountain, it will fall asleep so it can grow.",50,64,50,45,50,41,0.5,0.5,4.0,0.0,4.0,2.0,2.0,0.25,2.0,0.5,1.0,1.0,0.5,1.0,1.0,2.0,1.0,1.0,https://raw.githubusercontent.com/PokeAPI/cries/main/cries/pokemon/latest/246.ogg,https://raw.githubusercontent.com/PokeAPI/sprites/master/sprites/pokemon/246.png,https://raw.githubusercontent.com/PokeAPI/sprites/master/sprites/pokemon/shiny/246.png
247,pupitar,Hard Shell Pokemon,Generation-ii,False,False,"rock, ground",1.2,152.0,Shed skin,Mountain,Larvitar,"Its shell is as hard as sheet rock, and it is also very strong. Its THRASHING can topple a mountain.",70,84,70,65,70,51,0.5,0.5,4.0,0.0,4.0,2.0,2.0,0.25,2.0,0.5,1.0,1.0,0.5,1.0,1.0,2.0,1.0,1.0,https://raw.githubusercontent.com/PokeAPI/cries/main/cries/pokemon/latest/247.ogg,https://raw.githubusercontent.com/PokeAPI/sprites/master/sprites/pokemon/247.png,https://raw.githubusercontent.com/PokeAPI/sprites/master/sprites/pokemon/shiny/247.png
248,tyranitar,Armor Pokemon,Generation-ii,False,False,"rock, dark",2.0,202.0,"Sand stream, Unnerve (Hidden)",Mountain,Pupitar,"Its body can't be harmed by any sort of attack, so it is very eager to make challenges against enemies.",100,134,110,95,100,61,0.5,0.5,2.0,1.0,2.0,1.0,4.0,0.5,2.0,0.5,0.0,2.0,1.0,0.5,1.0,2.0,0.5,2.0,https://raw.githubusercontent.com/PokeAPI/cries/main/cries/pokemon/latest/248.ogg,https://raw.githubusercontent.com/PokeAPI/sprites/master/sprites/pokemon/248.png,https://raw.githubusercontent.com/PokeAPI/sprites/master/sprites/pokemon/shiny/248.png
249,lugia,Diving Pokemon,Generation-ii,True,False,"psychic, flying",5.2,216.0,"Pressure, Multiscale (Hidden)",Rare,None,It is said that it quietly spends its time deep at the bottom of the sea because its powers are too strong.,106,90,130,90,154,110,1.0,1.0,1.0,2.0,0.5,2.0,0.25,1.0,0.0,1.0,0.5,1.0,2.0,2.0,1.0,1.0,2.0,1.0,https://raw.githubusercontent.com/PokeAPI/cries/main/cries/pokemon/latest/249.ogg,https://raw.githubusercontent.com/PokeAPI/sprites/master/sprites/pokemon/249.png,https://raw.githubusercontent.com/PokeAPI/sprites/master/sprites/pokemon/shiny/249.png
250,ho-oh,Rainbow Pokemon,Generation-ii,True,False,"fire, flying",3.8,199.0,"Pressure, Regenerator (Hidden)",Rare,None,Legends claim this POKeMON flies the world's skies con­ tinuously on its magnificent seven- colored wings.,106,130,90,110,154,90,1.0,0.5,2.0,2.0,0.25,1.0,0.5,1.0,0.0,1.0,1.0,0.25,4.0,1.0,1.0,0.5,1.0,0.5,https://raw.githubusercontent.com/PokeAPI/cries/main/cries/pokemon/latest/250.ogg,https://raw.githubusercontent.com/PokeAPI/sprites/master/sprites/pokemon/250.png,https://raw.githubusercontent.com/PokeAPI/sprites/master/sprites/pokemon/shiny/250.png
251,celebi,Time Travel Pokemon,Generation-ii,False,True,"psychic, grass",0.6,5.0,Natural cure,Forest,None,This POKeMON wan­ ders across time. Grass and trees flourish in the forests in which it has appeared.,100,100,100,100,100,100,1.0,2.0,0.5,0.5,0.5,2.0,0.5,2.0,0.5,2.0,0.5,4.0,1.0,2.0,1.0,1.0,2.0,1.0,https://raw.githubusercontent.com/PokeAPI/cries/main/cries/pokemon/latest/251.ogg,https://raw.githubusercontent.com/PokeAPI/sprites/master/sprites/pokemon/251.png,https://raw.githubusercontent.com/PokeAPI/sprites/master/sprites/pokemon/shiny/251.png
252,treecko,Wood Gecko Pokemon,Generation-iii,False,False,grass,0.5,5.0,"Overgrow, Unburden (Hidden)",Forest,None,TREECKO has small hooks on the bottom of its feet that enable it to scale vertical walls. This POKeMON attacks by slamming foes with its thick tail.,40,45,35,65,55,70,1.0,2.0,0.5,0.5,0.5,2.0,1.0,2.0,0.5,2.0,1.0,2.0,1.0,1.0,1.0,1.0,1.0,1.0,https://raw.githubusercontent.com/PokeAPI/cries/main/cries/pokemon/latest/252.ogg,https://raw.githubusercontent.com/PokeAPI/sprites/master/sprites/pokemon/252.png,https://raw.githubusercontent.com/PokeAPI/sprites/master/sprites/pokemon/shiny/252.png
253,grovyle,Wood Gecko Pokemon,Generation-iii,False,False,grass,0.9,21.6,"Overgrow, Unburden (Hidden)",Forest,Treecko,The leaves growing out of GROVYLE’s body are convenient for camouflaging it from enemies in the forest. This POKeMON is a master at climbing trees in jungles.,50,65,45,85,65,95,1.0,2.0,0.5,0.5,0.5,2.0,1.0,2.0,0.5,2.0,1.0,2.0,1.0,1.0,1.0,1.0,1.0,1.0,https://raw.githubusercontent.com/PokeAPI/cries/main/cries/pokemon/latest/253.ogg,https://raw.githubusercontent.com/PokeAPI/sprites/master/sprites/pokemon/253.png,https://raw.githubusercontent.com/PokeAPI/sprites/master/sprites/pokemon/shiny/253.png
254,sceptile,Forest Pokemon,Generation-iii,False,False,grass,1.7,52.2,"Overgrow, Unburden (Hidden)",Forest,Grovyle,The leaves growing on SCEPTILE’s body are very sharp edged. This POKeMON is very agile - it leaps all over the branches of trees and jumps on its foe from above or behind.,70,85,65,105,85,120,1.0,2.0,0.5,0.5,0.5,2.0,1.0,2.0,0.5,2.0,1.0,2.0,1.0,1.0,1.0,1.0,1.0,1.0,https://raw.githubusercontent.com/PokeAPI/cries/main/cries/pokemon/latest/254.ogg,https://raw.githubusercontent.com/PokeAPI/sprites/master/sprites/pokemon/254.png,https://raw.githubusercontent.com/PokeAPI/sprites/master/sprites/pokemon/shiny/254.png
255,torchic,Chick Pokemon,Generation-iii,False,False,fire,0.4,2.5,"Blaze, Speed boost (Hidden)",Grassland,None,"TORCHIC sticks with its TRAINER, following behind with unsteady steps. This POKeMON breathes fire of over 1,800 degrees F, including fireballs that leave the foe scorched black.",45,60,40,70,50,45,1.0,0.5,2.0,1.0,0.5,0.5,1.0,1.0,2.0,1.0,1.0,0.5,2.0,1.0,1.0,0.5,1.0,0.5,https://raw.githubusercontent.com/PokeAPI/cries/main/cries/pokemon/latest/255.ogg,https://raw.githubusercontent.com/PokeAPI/sprites/master/sprites/pokemon/255.png,https://raw.githubusercontent.com/PokeAPI/sprites/master/sprites/pokemon/shiny/255.png
256,combusken,Young Fowl Pokemon,Generation-iii,False,False,"fire, fighting",0.9,19.5,"Blaze, Speed boost (Hidden)",Grassland,Torchic,"COMBUSKEN toughens up its legs and thighs by running through fields and mountains. This POKeMON’s legs possess both speed and power, enabling it to dole out ten kicks in one second.",60,85,60,85,60,55,1.0,0.5,2.0,1.0,0.5,0.5,1.0,1.0,2.0,2.0,2.0,0.25,1.0,1.0,1.0,0.5,0.5,1.0,https://raw.githubusercontent.com/PokeAPI/cries/main/cries/pokemon/latest/256.ogg,https://raw.githubusercontent.com/PokeAPI/sprites/master/sprites/pokemon/256.png,https://raw.githubusercontent.com/PokeAPI/sprites/master/sprites/pokemon/shiny/256.png
257,blaziken,Blaze Pokemon,Generation-iii,False,False,"fire, fighting",1.9,52.0,"Blaze, Speed boost (Hidden)",Grassland,Combusken,"In battle, BLAZIKEN blows out intense flames from its wrists and attacks foes courageously. The stronger the foe, the more intensely this POKeMON’s wrists burn.",80,120,70,110,70,80,1.0,0.5,2.0,1.0,0.5,0.5,1.0,1.0,2.0,2.0,2.0,0.25,1.0,1.0,1.0,0.5,0.5,1.0,https://raw.githubusercontent.com/PokeAPI/cries/main/cries/pokemon/latest/257.ogg,https://raw.githubusercontent.com/PokeAPI/sprites/master/sprites/pokemon/257.png,https://raw.githubusercontent.com/PokeAPI/sprites/master/sprites/pokemon/shiny/257.png
258,mudkip,Mud Fish Pokemon,Generation-iii,False,False,water,0.4,7.6,"Torrent, Damp (Hidden)",Waters-edge,None,"The fin on MUDKIP’s head acts as highly sensitive radar. Using this fin to sense movements of water and air, this POKeMON can determine what is taking place around it without using its eyes.",50,70,50,50,50,40,1.0,0.5,0.5,2.0,2.0,0.5,1.0,1.0,1.0,1.0,1.0,1.0,1.0,1.0,1.0,0.5,1.0,1.0,https://raw.githubusercontent.com/PokeAPI/cries/main/cries/pokemon/latest/258.ogg,https://raw.githubusercontent.com/PokeAPI/sprites/master/sprites/pokemon/258.png,https://raw.githubusercontent.com/PokeAPI/sprites/master/sprites/pokemon/shiny/258.png
259,marshtomp,Mud Fish Pokemon,Generation-iii,False,False,"water, ground",0.7,28.0,"Torrent, Damp (Hidden)",Waters-edge,Mudkip,"The surface of MARSHTOMP’s body is enveloped by a thin, sticky film that enables it to live on land. This POKeMON plays in mud on beaches when the ocean tide is low.",70,85,70,60,70,50,1.0,0.5,1.0,0.0,4.0,1.0,1.0,0.5,1.0,1.0,1.0,1.0,0.5,1.0,1.0,0.5,1.0,1.0,https://raw.githubusercontent.com/PokeAPI/cries/main/cries/pokemon/latest/259.ogg,https://raw.githubusercontent.com/PokeAPI/sprites/master/sprites/pokemon/259.png,https://raw.githubusercontent.com/PokeAPI/sprites/master/sprites/pokemon/shiny/259.png
260,swampert,Mud Fish Pokemon,Generation-iii,False,False,"water, ground",1.5,81.9,"Torrent, Damp (Hidden)",Waters-edge,Marshtomp,SWAMPERT is very strong. It has enough power to easily drag a boulder weighing more than a ton. This POKeMON also has powerful vision that lets it see even in murky water.,100,110,90,85,90,60,1.0,0.5,1.0,0.0,4.0,1.0,1.0,0.5,1.0,1.0,1.0,1.0,0.5,1.0,1.0,0.5,1.0,1.0,https://raw.githubusercontent.com/PokeAPI/cries/main/cries/pokemon/latest/260.ogg,https://raw.githubusercontent.com/PokeAPI/sprites/master/sprites/pokemon/260.png,https://raw.githubusercontent.com/PokeAPI/sprites/master/sprites/pokemon/shiny/260.png
261,poochyena,Bite Pokemon,Generation-iii,False,False,dark,0.5,13.6,"Run away, Quick feet, Rattled (Hidden)",Grassland,None,"At first sight, POOCHYENA takes a bite at anything that moves. This POKeMON chases after prey until the victim becomes exhausted. However, it may turn tail if the prey strikes back.",35,55,35,30,30,35,1.0,1.0,1.0,1.0,1.0,1.0,2.0,1.0,1.0,1.0,0.0,2.0,1.0,0.5,1.0,1.0,0.5,2.0,https://raw.githubusercontent.com/PokeAPI/cries/main/cries/pokemon/latest/261.ogg,https://raw.githubusercontent.com/PokeAPI/sprites/master/sprites/pokemon/261.png,https://raw.githubusercontent.com/PokeAPI/sprites/master/sprites/pokemon/shiny/261.png
262,mightyena,Bite Pokemon,Generation-iii,False,False,dark,1.0,37.0,"Intimidate, Quick feet, Moxie (Hidden)",Grassland,Poochyena,MIGHTYENA gives obvious signals when it is preparing to attack. It starts to growl deeply and then flattens its body. This POKeMON will bite savagely with its sharply pointed fangs.,70,90,70,60,60,70,1.0,1.0,1.0,1.0,1.0,1.0,2.0,1.0,1.0,1.0,0.0,2.0,1.0,0.5,1.0,1.0,0.5,2.0,https://raw.githubusercontent.com/PokeAPI/cries/main/cries/pokemon/latest/262.ogg,https://raw.githubusercontent.com/PokeAPI/sprites/master/sprites/pokemon/262.png,https://raw.githubusercontent.com/PokeAPI/sprites/master/sprites/pokemon/shiny/262.png
263,zigzagoon,Tiny Raccoon Pokemon,Generation-iii,False,False,normal,0.4,17.5,"Pickup, Gluttony, Quick feet (Hidden)",Grassland,None,ZIGZAGOON restlessly wanders everywhere at all times. This POKeMON does so because it is very curious. It becomes interested in anything that it happens to see.,38,30,41,30,41,60,1.0,1.0,1.0,1.0,1.0,1.0,2.0,1.0,1.0,1.0,1.0,1.0,1.0,0.0,1.0,1.0,1.0,1.0,https://raw.githubusercontent.com/PokeAPI/cries/main/cries/pokemon/latest/263.ogg,https://raw.githubusercontent.com/PokeAPI/sprites/master/sprites/pokemon/263.png,https://raw.githubusercontent.com/PokeAPI/sprites/master/sprites/pokemon/shiny/263.png
264,linoone,Rushing Pokemon,Generation-iii,False,False,normal,0.5,32.5,"Pickup, Gluttony, Quick feet (Hidden)",Grassland,Zigzagoon,"LINOONE always runs full speed and only in straight lines. If facing an obstacle, it makes a right-angle turn to evade it. This POKeMON is very challenged by gently curving roads.",78,70,61,50,61,100,1.0,1.0,1.0,1.0,1.0,1.0,2.0,1.0,1.0,1.0,1.0,1.0,1.0,0.0,1.0,1.0,1.0,1.0,https://raw.githubusercontent.com/PokeAPI/cries/main/cries/pokemon/latest/264.ogg,https://raw.githubusercontent.com/PokeAPI/sprites/master/sprites/pokemon/264.png,https://raw.githubusercontent.com/PokeAPI/sprites/master/sprites/pokemon/shiny/264.png
265,wurmple,Worm Pokemon,Generation-iii,False,False,bug,0.3,3.6,"Shield dust, Run away (Hidden)",Forest,None,"Using the spikes on its rear end,   WURMPLE peels the bark off trees and feeds on the sap that oozes out. This POKeMON’s feet are tipped with suction pads that allow it to cling to glass without slipping.",45,45,35,20,30,20,1.0,2.0,1.0,1.0,0.5,1.0,0.5,1.0,0.5,2.0,1.0,1.0,2.0,1.0,1.0,1.0,1.0,1.0,https://raw.githubusercontent.com/PokeAPI/cries/main/cries/pokemon/latest/265.ogg,https://raw.githubusercontent.com/PokeAPI/sprites/master/sprites/pokemon/265.png,https://raw.githubusercontent.com/PokeAPI/sprites/master/sprites/pokemon/shiny/265.png
266,silcoon,Cocoon Pokemon,Generation-iii,False,False,bug,0.6,10.0,Shed skin,Forest,Wurmple,"SILCOON tethers itself to a tree branch using silk to keep from falling. There,  this POKeMON hangs quietly while it awaits evolution. It peers out of the silk cocoon through a small hole.",50,35,55,25,25,15,1.0,2.0,1.0,1.0,0.5,1.0,0.5,1.0,0.5,2.0,1.0,1.0,2.0,1.0,1.0,1.0,1.0,1.0,https://raw.githubusercontent.com/PokeAPI/cries/main/cries/pokemon/latest/266.ogg,https://raw.githubusercontent.com/PokeAPI/sprites/master/sprites/pokemon/266.png,https://raw.githubusercontent.com/PokeAPI/sprites/master/sprites/pokemon/shiny/266.png
267,beautifly,Butterfly Pokemon,Generation-iii,False,False,"bug, flying",1.0,28.4,"Swarm, Rivalry (Hidden)",Forest,Silcoon,"BEAUTIFLY’s favorite food is the sweet pollen of flowers. If you want to see this POKeMON, just leave a potted flower by an open window. BEAUTIFLY is sure to come looking for pollen.",60,70,50,100,50,65,1.0,2.0,1.0,2.0,0.25,2.0,0.25,1.0,0.0,2.0,1.0,0.5,4.0,1.0,1.0,1.0,1.0,1.0,https://raw.githubusercontent.com/PokeAPI/cries/main/cries/pokemon/latest/267.ogg,https://raw.githubusercontent.com/PokeAPI/sprites/master/sprites/pokemon/267.png,https://raw.githubusercontent.com/PokeAPI/sprites/master/sprites/pokemon/shiny/267.png
268,cascoon,Cocoon Pokemon,Generation-iii,False,False,bug,0.7,11.5,Shed skin,Forest,Wurmple,"CASCOON makes its protective cocoon by wrapping its body entirely with a fine silk from its mouth. Once the silk goes around its body, it hardens. This POKeMON prepares for its evolution inside the cocoon.",50,35,55,25,25,15,1.0,2.0,1.0,1.0,0.5,1.0,0.5,1.0,0.5,2.0,1.0,1.0,2.0,1.0,1.0,1.0,1.0,1.0,https://raw.githubusercontent.com/PokeAPI/cries/main/cries/pokemon/latest/268.ogg,https://raw.githubusercontent.com/PokeAPI/sprites/master/sprites/pokemon/268.png,https://raw.githubusercontent.com/PokeAPI/sprites/master/sprites/pokemon/shiny/268.png
269,dustox,Poison Moth Pokemon,Generation-iii,False,False,"bug, poison",1.2,31.6,"Shield dust, Compound eyes (Hidden)",Forest,Cascoon,"DUSTOX is instinctively drawn to light. Swarms of this POKeMON are attracted by the bright lights of cities, where they wreak havoc by stripping the leaves off roadside trees for food.",60,50,70,50,90,65,1.0,2.0,1.0,1.0,0.25,1.0,0.25,0.5,1.0,2.0,2.0,0.5,2.0,1.0,1.0,1.0,1.0,0.5,https://raw.githubusercontent.com/PokeAPI/cries/main/cries/pokemon/latest/269.ogg,https://raw.githubusercontent.com/PokeAPI/sprites/master/sprites/pokemon/269.png,https://raw.githubusercontent.com/PokeAPI/sprites/master/sprites/pokemon/shiny/269.png
270,lotad,Water Weed Pokemon,Generation-iii,False,False,"water, grass",0.5,2.6,"Swift swim, Rain dish, Own tempo (Hidden)",Waters-edge,None,"It searches about for clean water. If it does not drink water for too long, the leaf on its head wilts.",40,30,30,40,50,30,1.0,1.0,0.25,1.0,1.0,1.0,1.0,2.0,0.5,2.0,1.0,2.0,1.0,1.0,1.0,0.5,1.0,1.0,https://raw.githubusercontent.com/PokeAPI/cries/main/cries/pokemon/latest/270.ogg,https://raw.githubusercontent.com/PokeAPI/sprites/master/sprites/pokemon/270.png,https://raw.githubusercontent.com/PokeAPI/sprites/master/sprites/pokemon/shiny/270.png
271,lombre,Jolly Pokemon,Generation-iii,False,False,"water, grass",1.2,32.5,"Swift swim, Rain dish, Own tempo (Hidden)",Waters-edge,Lotad,It lives at the water’s edge where it is sunny. It sleeps on a bed of water grass by day and becomes active at night.,60,50,50,60,70,50,1.0,1.0,0.25,1.0,1.0,1.0,1.0,2.0,0.5,2.0,1.0,2.0,1.0,1.0,1.0,0.5,1.0,1.0,https://raw.githubusercontent.com/PokeAPI/cries/main/cries/pokemon/latest/271.ogg,https://raw.githubusercontent.com/PokeAPI/sprites/master/sprites/pokemon/271.png,https://raw.githubusercontent.com/PokeAPI/sprites/master/sprites/pokemon/shiny/271.png
272,ludicolo,Carefree Pokemon,Generation-iii,False,False,"water, grass",1.5,55.0,"Swift swim, Rain dish, Own tempo (Hidden)",Waters-edge,Lombre,"LUDICOLO begins dancing as soon as it hears cheerful, festive music. This POKeMON is said to appear when it hears the singing of children on hiking outings.",80,70,70,90,100,70,1.0,1.0,0.25,1.0,1.0,1.0,1.0,2.0,0.5,2.0,1.0,2.0,1.0,1.0,1.0,0.5,1.0,1.0,https://raw.githubusercontent.com/PokeAPI/cries/main/cries/pokemon/latest/272.ogg,https://raw.githubusercontent.com/PokeAPI/sprites/master/sprites/pokemon/272.png,https://raw.githubusercontent.com/PokeAPI/sprites/master/sprites/pokemon/shiny/272.png
273,seedot,Acorn Pokemon,Generation-iii,False,False,grass,0.5,4.0,"Chlorophyll, Early bird, Pickpocket (Hidden)",Forest,None,"SEEDOT attaches itself to a tree branch using the top of its head. It sucks moisture from the tree while hanging off the branch. The more water it drinks, the glossier this POKeMON’s body becomes.",40,40,50,30,30,30,1.0,2.0,0.5,0.5,0.5,2.0,1.0,2.0,0.5,2.0,1.0,2.0,1.0,1.0,1.0,1.0,1.0,1.0,https://raw.githubusercontent.com/PokeAPI/cries/main/cries/pokemon/latest/273.ogg,https://raw.githubusercontent.com/PokeAPI/sprites/master/sprites/pokemon/273.png,https://raw.githubusercontent.com/PokeAPI/sprites/master/sprites/pokemon/shiny/273.png
274,nuzleaf,Wily Pokemon,Generation-iii,False,False,"grass, dark",1.0,28.0,"Chlorophyll, Early bird, Pickpocket (Hidden)",Forest,Seedot,NUZLEAF live in densely overgrown forests. They occasionally venture out of the forest to startle people. This POKeMON dislikes having its long nose pinched.,70,70,40,60,40,60,1.0,2.0,0.5,0.5,0.5,2.0,2.0,2.0,0.5,2.0,0.0,4.0,1.0,0.5,1.0,1.0,0.5,2.0,https://raw.githubusercontent.com/PokeAPI/cries/main/cries/pokemon/latest/274.ogg,https://raw.githubusercontent.com/PokeAPI/sprites/master/sprites/pokemon/274.png,https://raw.githubusercontent.com/PokeAPI/sprites/master/sprites/pokemon/shiny/274.png
275,shiftry,Wicked Pokemon,Generation-iii,False,False,"grass, dark",1.3,59.6,"Chlorophyll, Wind rider, Pickpocket (Hidden)",Forest,Nuzleaf,It lives quietly in the deep forest. It is said to create chilly winter winds with the fans it holds.,90,100,60,90,60,80,1.0,2.0,0.5,0.5,0.5,2.0,2.0,2.0,0.5,2.0,0.0,4.0,1.0,0.5,1.0,1.0,0.5,2.0,https://raw.githubusercontent.com/PokeAPI/cries/main/cries/pokemon/latest/275.ogg,https://raw.githubusercontent.com/PokeAPI/sprites/master/sprites/pokemon/275.png,https://raw.githubusercontent.com/PokeAPI/sprites/master/sprites/pokemon/shiny/275.png
276,taillow,Tiny Swallow Pokemon,Generation-iii,False,False,"normal, flying",0.3,2.3,"Guts, Scrappy (Hidden)",Grassland,None,"TAILLOW courageously stands its ground against foes, however strong they may be. This gutsy POKeMON will remain defiant even after a loss. On the other hand, it cries loudly if it becomes hungry.",40,55,30,30,30,85,1.0,1.0,1.0,2.0,0.5,2.0,1.0,1.0,0.0,1.0,1.0,0.5,2.0,0.0,1.0,1.0,1.0,1.0,https://raw.githubusercontent.com/PokeAPI/cries/main/cries/pokemon/latest/276.ogg,https://raw.githubusercontent.com/PokeAPI/sprites/master/sprites/pokemon/276.png,https://raw.githubusercontent.com/PokeAPI/sprites/master/sprites/pokemon/shiny/276.png
277,swellow,Swallow Pokemon,Generation-iii,False,False,"normal, flying",0.7,19.8,"Guts, Scrappy (Hidden)",Grassland,Taillow,"SWELLOW flies high above our heads, making graceful arcs in the sky. This POKeMON dives at a steep angle as soon as it spots its prey. The hapless prey is tightly grasped by SWELLOW’s clawed feet, preventing escape.",60,85,60,75,50,125,1.0,1.0,1.0,2.0,0.5,2.0,1.0,1.0,0.0,1.0,1.0,0.5,2.0,0.0,1.0,1.0,1.0,1.0,https://raw.githubusercontent.com/PokeAPI/cries/main/cries/pokemon/latest/277.ogg,https://raw.githubusercontent.com/PokeAPI/sprites/master/sprites/pokemon/277.png,https://raw.githubusercontent.com/PokeAPI/sprites/master/sprites/pokemon/shiny/277.png
278,wingull,Seagull Pokemon,Generation-iii,False,False,"water, flying",0.6,9.5,"Keen eye, Hydration, Rain dish (Hidden)",Sea,None,WINGULL has the habit of carrying prey and valuables in its beak and hiding them in all sorts of locations. This POKeMON rides the winds and flies as if it were skating across the sky.,40,30,30,55,30,85,1.0,0.5,0.5,4.0,1.0,1.0,0.5,1.0,0.0,1.0,1.0,0.5,2.0,1.0,1.0,0.5,1.0,1.0,https://raw.githubusercontent.com/PokeAPI/cries/main/cries/pokemon/latest/278.ogg,https://raw.githubusercontent.com/PokeAPI/sprites/master/sprites/pokemon/278.png,https://raw.githubusercontent.com/PokeAPI/sprites/master/sprites/pokemon/shiny/278.png
279,pelipper,Water Bird Pokemon,Generation-iii,False,False,"water, flying",1.2,28.0,"Keen eye, Drizzle, Rain dish (Hidden)",Sea,Wingull,"It is a messenger of the skies, carrying small Pokemon and eggs to safety in its bill.",60,50,100,95,70,65,1.0,0.5,0.5,4.0,1.0,1.0,0.5,1.0,0.0,1.0,1.0,0.5,2.0,1.0,1.0,0.5,1.0,1.0,https://raw.githubusercontent.com/PokeAPI/cries/main/cries/pokemon/latest/279.ogg,https://raw.githubusercontent.com/PokeAPI/sprites/master/sprites/pokemon/279.png,https://raw.githubusercontent.com/PokeAPI/sprites/master/sprites/pokemon/shiny/279.png
280,ralts,Feeling Pokemon,Generation-iii,False,False,"psychic, fairy",0.4,6.6,"Synchronize, Trace, Telepathy (Hidden)",Urban,None,"RALTS senses the emotions of people using the horns on its head. This POKeMON rarely appears before people. But when it does, it draws closer if it senses that the person has a positive disposition.",28,25,25,45,35,40,1.0,1.0,1.0,1.0,1.0,1.0,0.25,2.0,1.0,1.0,0.5,1.0,1.0,2.0,0.0,2.0,1.0,1.0,https://raw.githubusercontent.com/PokeAPI/cries/main/cries/pokemon/latest/280.ogg,https://raw.githubusercontent.com/PokeAPI/sprites/master/sprites/pokemon/280.png,https://raw.githubusercontent.com/PokeAPI/sprites/master/sprites/pokemon/shiny/280.png
281,kirlia,Emotion Pokemon,Generation-iii,False,False,"psychic, fairy",0.8,20.2,"Synchronize, Trace, Telepathy (Hidden)",Urban,Ralts,It is said that a KIRLIA that is exposed to the positive emotions of its TRAINER grows beautiful. This POKeMON controls psychokinetic powers with its highly developed brain.,38,35,35,65,55,50,1.0,1.0,1.0,1.0,1.0,1.0,0.25,2.0,1.0,1.0,0.5,1.0,1.0,2.0,0.0,2.0,1.0,1.0,https://raw.githubusercontent.com/PokeAPI/cries/main/cries/pokemon/latest/281.ogg,https://raw.githubusercontent.com/PokeAPI/sprites/master/sprites/pokemon/281.png,https://raw.githubusercontent.com/PokeAPI/sprites/master/sprites/pokemon/shiny/281.png
282,gardevoir,Embrace Pokemon,Generation-iii,False,False,"psychic, fairy",1.6,48.4,"Synchronize, Trace, Telepathy (Hidden)",Urban,Kirlia,"GARDEVOIR has the ability to read the future. If it senses impending danger to its TRAINER, this POKeMON is said to unleash its psychokinetic energy at full power.",68,65,65,125,115,80,1.0,1.0,1.0,1.0,1.0,1.0,0.25,2.0,1.0,1.0,0.5,1.0,1.0,2.0,0.0,2.0,1.0,1.0,https://raw.githubusercontent.com/PokeAPI/cries/main/cries/pokemon/latest/282.ogg,https://raw.githubusercontent.com/PokeAPI/sprites/master/sprites/pokemon/282.png,https://raw.githubusercontent.com/PokeAPI/sprites/master/sprites/pokemon/shiny/282.png
283,surskit,Pond Skater Pokemon,Generation-iii,False,False,"bug, water",0.5,1.7,"Swift swim, Rain dish (Hidden)",Waters-edge,None,"From the tips of its feet, SURSKIT secretes an oil that enables it to walk on water as if it were skating. This POKeMON feeds on microscopic organisms in ponds and lakes.",40,30,32,50,52,65,1.0,1.0,0.5,2.0,1.0,0.5,0.5,1.0,0.5,2.0,1.0,1.0,2.0,1.0,1.0,0.5,1.0,1.0,https://raw.githubusercontent.com/PokeAPI/cries/main/cries/pokemon/latest/283.ogg,https://raw.githubusercontent.com/PokeAPI/sprites/master/sprites/pokemon/283.png,https://raw.githubusercontent.com/PokeAPI/sprites/master/sprites/pokemon/shiny/283.png
284,masquerain,Eyeball Pokemon,Generation-iii,False,False,"bug, flying",0.8,3.6,"Intimidate, Unnerve (Hidden)",Waters-edge,Surskit,MASQUERAIN intimidates enemies with the eyelike patterns on its antennas. This POKeMON flaps its four wings to freely fly in any direction - even sideways and backwards - as if it were a helicopter.,70,60,62,100,82,80,1.0,2.0,1.0,2.0,0.25,2.0,0.25,1.0,0.0,2.0,1.0,0.5,4.0,1.0,1.0,1.0,1.0,1.0,https://raw.githubusercontent.com/PokeAPI/cries/main/cries/pokemon/latest/284.ogg,https://raw.githubusercontent.com/PokeAPI/sprites/master/sprites/pokemon/284.png,https://raw.githubusercontent.com/PokeAPI/sprites/master/sprites/pokemon/shiny/284.png
285,shroomish,Mushroom Pokemon,Generation-iii,False,False,grass,0.4,4.5,"Effect spore, Poison heal, Quick feet (Hidden)",Forest,None,"SHROOMISH live in damp soil in the dark depths of forests. They are often found keeping still under fallen leaves. This POKeMON feeds on compost that is made up of fallen, rotted leaves.",60,40,60,40,60,35,1.0,2.0,0.5,0.5,0.5,2.0,1.0,2.0,0.5,2.0,1.0,2.0,1.0,1.0,1.0,1.0,1.0,1.0,https://raw.githubusercontent.com/PokeAPI/cries/main/cries/pokemon/latest/285.ogg,https://raw.githubusercontent.com/PokeAPI/sprites/master/sprites/pokemon/285.png,https://raw.githubusercontent.com/PokeAPI/sprites/master/sprites/pokemon/shiny/285.png
286,breloom,Mushroom Pokemon,Generation-iii,False,False,"grass, fighting",1.2,39.2,"Effect spore, Poison heal, Technician (Hidden)",Forest,Shroomish,"BRELOOM closes in on its foe with light and sprightly footwork, then throws punches with its stretchy arms. This POKeMON’s fighting technique puts boxers to shame.",60,130,80,60,60,70,1.0,2.0,0.5,0.5,0.5,2.0,1.0,2.0,0.5,4.0,2.0,1.0,0.5,1.0,1.0,1.0,0.5,2.0,https://raw.githubusercontent.com/PokeAPI/cries/main/cries/pokemon/latest/286.ogg,https://raw.githubusercontent.com/PokeAPI/sprites/master/sprites/pokemon/286.png,https://raw.githubusercontent.com/PokeAPI/sprites/master/sprites/pokemon/shiny/286.png
287,slakoth,Slacker Pokemon,Generation-iii,False,False,normal,0.8,24.0,Truant,Forest,None,"SLAKOTH lolls around for over twenty hours every day. Because it moves so little, it does not need much food. This POKeMON’s sole daily meal consists of just three leaves.",60,60,60,35,35,30,1.0,1.0,1.0,1.0,1.0,1.0,2.0,1.0,1.0,1.0,1.0,1.0,1.0,0.0,1.0,1.0,1.0,1.0,https://raw.githubusercontent.com/PokeAPI/cries/main/cries/pokemon/latest/287.ogg,https://raw.githubusercontent.com/PokeAPI/sprites/master/sprites/pokemon/287.png,https://raw.githubusercontent.com/PokeAPI/sprites/master/sprites/pokemon/shiny/287.png
288,vigoroth,Wild Monkey Pokemon,Generation-iii,False,False,normal,1.4,46.5,Vital spirit,Forest,Slakoth,VIGOROTH is always itching and agitated to go on a wild rampage. It simply can’t tolerate sitting still for even a minute. This POKeMON’s stress level rises if it can’t be moving constantly.,80,80,80,55,55,90,1.0,1.0,1.0,1.0,1.0,1.0,2.0,1.0,1.0,1.0,1.0,1.0,1.0,0.0,1.0,1.0,1.0,1.0,https://raw.githubusercontent.com/PokeAPI/cries/main/cries/pokemon/latest/288.ogg,https://raw.githubusercontent.com/PokeAPI/sprites/master/sprites/pokemon/288.png,https://raw.githubusercontent.com/PokeAPI/sprites/master/sprites/pokemon/shiny/288.png
289,slaking,Lazy Pokemon,Generation-iii,False,False,normal,2.0,130.5,Truant,Forest,Vigoroth,"SLAKING spends all day lying down and lolling about. It eats grass growing within its reach. If it eats all the grass it can reach, this POKeMON reluctantly moves to another spot.",150,160,100,95,65,100,1.0,1.0,1.0,1.0,1.0,1.0,2.0,1.0,1.0,1.0,1.0,1.0,1.0,0.0,1.0,1.0,1.0,1.0,https://raw.githubusercontent.com/PokeAPI/cries/main/cries/pokemon/latest/289.ogg,https://raw.githubusercontent.com/PokeAPI/sprites/master/sprites/pokemon/289.png,https://raw.githubusercontent.com/PokeAPI/sprites/master/sprites/pokemon/shiny/289.png
290,nincada,Trainee Pokemon,Generation-iii,False,False,"bug, ground",0.5,5.5,"Compound eyes, Run away (Hidden)",Forest,None,NINCADA lives underground for many years in complete darkness. This POKeMON absorbs nutrients from the roots of trees. It stays motionless as it waits for evolution.,31,45,90,30,30,40,1.0,2.0,2.0,0.0,1.0,2.0,0.5,0.5,0.5,2.0,1.0,1.0,1.0,1.0,1.0,1.0,1.0,1.0,https://raw.githubusercontent.com/PokeAPI/cries/main/cries/pokemon/latest/290.ogg,https://raw.githubusercontent.com/PokeAPI/sprites/master/sprites/pokemon/290.png,https://raw.githubusercontent.com/PokeAPI/sprites/master/sprites/pokemon/shiny/290.png
291,ninjask,Ninja Pokemon,Generation-iii,False,False,"bug, flying",0.8,12.0,"Speed boost, Infiltrator (Hidden)",Forest,Nincada,"NINJASK moves around at such a high speed that it cannot be seen, even while its crying can be clearly heard. For that reason, this POKeMON was long believed to be invisible.",61,90,45,50,50,160,1.0,2.0,1.0,2.0,0.25,2.0,0.25,1.0,0.0,2.0,1.0,0.5,4.0,1.0,1.0,1.0,1.0,1.0,https://raw.githubusercontent.com/PokeAPI/cries/main/cries/pokemon/latest/291.ogg,https://raw.githubusercontent.com/PokeAPI/sprites/master/sprites/pokemon/291.png,https://raw.githubusercontent.com/PokeAPI/sprites/master/sprites/pokemon/shiny/291.png
292,shedinja,Shed Pokemon,Generation-iii,False,False,"bug, ghost",0.8,1.2,Wonder guard,Forest,Nincada,"SHEDINJA’s hard body doesn’t move - not even a twitch. In fact, its body appears to be merely a hollow shell. It is believed that this POKeMON will steal the spirit of anyone peering into its hollow body from its back.",1,90,45,30,30,40,0.0,2.0,1.0,1.0,0.5,1.0,0.0,0.5,0.5,2.0,1.0,0.5,2.0,2.0,1.0,1.0,2.0,1.0,https://raw.githubusercontent.com/PokeAPI/cries/main/cries/pokemon/latest/292.ogg,https://raw.githubusercontent.com/PokeAPI/sprites/master/sprites/pokemon/292.png,https://raw.githubusercontent.com/PokeAPI/sprites/master/sprites/pokemon/shiny/292.png
293,whismur,Whisper Pokemon,Generation-iii,False,False,normal,0.6,16.3,"Soundproof, Rattled (Hidden)",Cave,None,"Normally, WHISMUR’s voice is very quiet - it is barely audible even if one is paying close attention. However, if this POKeMON senses danger, it starts crying at an earsplitting volume.",64,51,23,51,23,28,1.0,1.0,1.0,1.0,1.0,1.0,2.0,1.0,1.0,1.0,1.0,1.0,1.0,0.0,1.0,1.0,1.0,1.0,https://raw.githubusercontent.com/PokeAPI/cries/main/cries/pokemon/latest/293.ogg,https://raw.githubusercontent.com/PokeAPI/sprites/master/sprites/pokemon/293.png,https://raw.githubusercontent.com/PokeAPI/sprites/master/sprites/pokemon/shiny/293.png
294,loudred,Big Voice Pokemon,Generation-iii,False,False,normal,1.0,40.5,"Soundproof, Scrappy (Hidden)",Cave,Whismur,LOUDRED’s bellowing can completely decimate a wood-frame house. It uses its voice to punish its foes. This POKeMON’s round ears serve as loudspeakers.,84,71,43,71,43,48,1.0,1.0,1.0,1.0,1.0,1.0,2.0,1.0,1.0,1.0,1.0,1.0,1.0,0.0,1.0,1.0,1.0,1.0,https://raw.githubusercontent.com/PokeAPI/cries/main/cries/pokemon/latest/294.ogg,https://raw.githubusercontent.com/PokeAPI/sprites/master/sprites/pokemon/294.png,https://raw.githubusercontent.com/PokeAPI/sprites/master/sprites/pokemon/shiny/294.png
295,exploud,Loud Noise Pokemon,Generation-iii,False,False,normal,1.5,84.0,"Soundproof, Scrappy (Hidden)",Cave,Loudred,"EXPLOUD triggers earthquakes with the tremors it creates by bellowing. If this POKeMON violently inhales from the ports on its body, it’s a sign that it is preparing to let loose a huge bellow.",104,91,63,91,73,68,1.0,1.0,1.0,1.0,1.0,1.0,2.0,1.0,1.0,1.0,1.0,1.0,1.0,0.0,1.0,1.0,1.0,1.0,https://raw.githubusercontent.com/PokeAPI/cries/main/cries/pokemon/latest/295.ogg,https://raw.githubusercontent.com/PokeAPI/sprites/master/sprites/pokemon/295.png,https://raw.githubusercontent.com/PokeAPI/sprites/master/sprites/pokemon/shiny/295.png
296,makuhita,Guts Pokemon,Generation-iii,False,False,fighting,1.0,86.4,"Thick fat, Guts, Sheer force (Hidden)",Mountain,None,"MAKUHITA is tenacious - it will keep getting up and attacking its foe however many times it is knocked down. Every time it gets back up, this POKeMON stores more energy in its body for evolving.",72,60,30,20,30,25,1.0,1.0,1.0,1.0,1.0,1.0,1.0,1.0,1.0,2.0,2.0,0.5,0.5,1.0,1.0,1.0,0.5,2.0,https://raw.githubusercontent.com/PokeAPI/cries/main/cries/pokemon/latest/296.ogg,https://raw.githubusercontent.com/PokeAPI/sprites/master/sprites/pokemon/296.png,https://raw.githubusercontent.com/PokeAPI/sprites/master/sprites/pokemon/shiny/296.png
297,hariyama,Arm Thrust Pokemon,Generation-iii,False,False,fighting,2.3,253.8,"Thick fat, Guts, Sheer force (Hidden)",Mountain,Makuhita,It has the habit of challenging others without hesitation to tests of strength. It’s been known to stand on train tracks and stop trains using forearm thrusts.,144,120,60,40,60,50,1.0,1.0,1.0,1.0,1.0,1.0,1.0,1.0,1.0,2.0,2.0,0.5,0.5,1.0,1.0,1.0,0.5,2.0,https://raw.githubusercontent.com/PokeAPI/cries/main/cries/pokemon/latest/297.ogg,https://raw.githubusercontent.com/PokeAPI/sprites/master/sprites/pokemon/297.png,https://raw.githubusercontent.com/PokeAPI/sprites/master/sprites/pokemon/shiny/297.png
298,azurill,Polka Dot Pokemon,Generation-iii,False,False,"normal, fairy",0.2,2.0,"Thick fat, Huge power, Sap sipper (Hidden)",Waters-edge,None,A Pokemon that lives by water. It moves quickly on land by bouncing on its big tail.,50,20,40,20,40,20,1.0,1.0,1.0,1.0,1.0,1.0,1.0,2.0,1.0,1.0,1.0,0.5,1.0,0.0,0.0,2.0,0.5,1.0,https://raw.githubusercontent.com/PokeAPI/cries/main/cries/pokemon/latest/298.ogg,https://raw.githubusercontent.com/PokeAPI/sprites/master/sprites/pokemon/298.png,https://raw.githubusercontent.com/PokeAPI/sprites/master/sprites/pokemon/shiny/298.png
299,nosepass,Compass Pokemon,Generation-iii,False,False,rock,1.0,97.0,"Sturdy, Magnet pull, Sand force (Hidden)",Cave,None,"NOSEPASS’s magnetic nose is always pointed to the north. If two of these POKeMON meet, they cannot turn their faces to each other when they are close because their magnetic noses repel one another.",30,45,135,45,90,30,0.5,0.5,2.0,1.0,2.0,1.0,2.0,0.5,2.0,0.5,1.0,1.0,1.0,1.0,1.0,2.0,1.0,1.0,https://raw.githubusercontent.com/PokeAPI/cries/main/cries/pokemon/latest/299.ogg,https://raw.githubusercontent.com/PokeAPI/sprites/master/sprites/pokemon/299.png,https://raw.githubusercontent.com/PokeAPI/sprites/master/sprites/pokemon/shiny/299.png
300,skitty,Kitten Pokemon,Generation-iii,False,False,normal,0.6,11.0,"Cute charm, Normalize, Wonder skin (Hidden)",Forest,None,SKITTY has the habit of becoming fascinated by moving objects and chasing them around. This POKeMON is known to chase after its own tail and become dizzy.,50,45,45,35,35,50,1.0,1.0,1.0,1.0,1.0,1.0,2.0,1.0,1.0,1.0,1.0,1.0,1.0,0.0,1.0,1.0,1.0,1.0,https://raw.githubusercontent.com/PokeAPI/cries/main/cries/pokemon/latest/300.ogg,https://raw.githubusercontent.com/PokeAPI/sprites/master/sprites/pokemon/300.png,https://raw.githubusercontent.com/PokeAPI/sprites/master/sprites/pokemon/shiny/300.png
301,delcatty,Prim Pokemon,Generation-iii,False,False,normal,1.1,32.6,"Cute charm, Normalize, Wonder skin (Hidden)",Forest,Skitty,"DELCATTY prefers to live an unfettered existence in which it can do as it pleases at its own pace. Because this POKeMON eats and sleeps whenever it decides, its daily routines are completely random.",70,65,65,55,55,90,1.0,1.0,1.0,1.0,1.0,1.0,2.0,1.0,1.0,1.0,1.0,1.0,1.0,0.0,1.0,1.0,1.0,1.0,https://raw.githubusercontent.com/PokeAPI/cries/main/cries/pokemon/latest/301.ogg,https://raw.githubusercontent.com/PokeAPI/sprites/master/sprites/pokemon/301.png,https://raw.githubusercontent.com/PokeAPI/sprites/master/sprites/pokemon/shiny/301.png
302,sableye,Darkness Pokemon,Generation-iii,False,False,"dark, ghost",0.5,11.0,"Keen eye, Stall, Prankster (Hidden)",Cave,None,"SABLEYE lead quiet lives deep inside caverns. They are feared, however, because these POKeMON are thought to steal the spirits of people when their eyes burn with a sinister glow in the darkness.",50,75,75,65,65,50,0.0,1.0,1.0,1.0,1.0,1.0,0.0,0.5,1.0,1.0,0.0,1.0,1.0,1.0,1.0,1.0,1.0,2.0,https://raw.githubusercontent.com/PokeAPI/cries/main/cries/pokemon/latest/302.ogg,https://raw.githubusercontent.com/PokeAPI/sprites/master/sprites/pokemon/302.png,https://raw.githubusercontent.com/PokeAPI/sprites/master/sprites/pokemon/shiny/302.png
303,mawile,Deceiver Pokemon,Generation-iii,False,False,"steel, fairy",0.6,11.5,"Hyper cutter, Intimidate, Sheer force (Hidden)",Cave,None,"MAWHILE’s huge jaws are actually steel horns that have been transformed. Its docile-looking face serves to lull its foe into letting down its guard. When the foe least expects it, MAWHILE chomps it with its gaping jaws.",50,85,85,55,55,50,0.5,2.0,1.0,1.0,0.5,0.5,1.0,0.0,2.0,0.5,0.5,0.25,0.5,1.0,0.0,1.0,0.5,0.5,https://raw.githubusercontent.com/PokeAPI/cries/main/cries/pokemon/latest/303.ogg,https://raw.githubusercontent.com/PokeAPI/sprites/master/sprites/pokemon/303.png,https://raw.githubusercontent.com/PokeAPI/sprites/master/sprites/pokemon/shiny/303.png
304,aron,Iron Armor Pokemon,Generation-iii,False,False,"steel, rock",0.4,60.0,"Sturdy, Rock head, Heavy metal (Hidden)",Mountain,None,"This POKeMON has a body of steel. To make its body, ARON feeds on iron ore that it digs from mountains. Occasionally, it causes major trouble by eating bridges and rails.",50,70,100,40,40,30,0.25,1.0,2.0,1.0,1.0,0.5,4.0,0.0,4.0,0.25,0.5,0.5,0.5,1.0,0.5,1.0,1.0,0.5,https://raw.githubusercontent.com/PokeAPI/cries/main/cries/pokemon/latest/304.ogg,https://raw.githubusercontent.com/PokeAPI/sprites/master/sprites/pokemon/304.png,https://raw.githubusercontent.com/PokeAPI/sprites/master/sprites/pokemon/shiny/304.png
305,lairon,Iron Armor Pokemon,Generation-iii,False,False,"steel, rock",0.9,120.0,"Sturdy, Rock head, Heavy metal (Hidden)",Mountain,Aron,LAIRON tempers its steel body by drinking highly nutritious mineral springwater until it is bloated. This POKeMON makes its nest close to springs of delicious water.,60,90,140,50,50,40,0.25,1.0,2.0,1.0,1.0,0.5,4.0,0.0,4.0,0.25,0.5,0.5,0.5,1.0,0.5,1.0,1.0,0.5,https://raw.githubusercontent.com/PokeAPI/cries/main/cries/pokemon/latest/305.ogg,https://raw.githubusercontent.com/PokeAPI/sprites/master/sprites/pokemon/305.png,https://raw.githubusercontent.com/PokeAPI/sprites/master/sprites/pokemon/shiny/305.png
306,aggron,Iron Armor Pokemon,Generation-iii,False,False,"steel, rock",2.1,360.0,"Sturdy, Rock head, Heavy metal (Hidden)",Mountain,Lairon,AGGRON claims an entire mountain as its own territory. It mercilessly beats up anything that violates its environment. This POKeMON vigilantly patrols its territory at all times.,70,110,180,60,60,50,0.25,1.0,2.0,1.0,1.0,0.5,4.0,0.0,4.0,0.25,0.5,0.5,0.5,1.0,0.5,1.0,1.0,0.5,https://raw.githubusercontent.com/PokeAPI/cries/main/cries/pokemon/latest/306.ogg,https://raw.githubusercontent.com/PokeAPI/sprites/master/sprites/pokemon/306.png,https://raw.githubusercontent.com/PokeAPI/sprites/master/sprites/pokemon/shiny/306.png
307,meditite,Meditate Pokemon,Generation-iii,False,False,"fighting, psychic",0.6,11.2,"Pure power, Telepathy (Hidden)",Mountain,None,"MEDITITE undertakes rigorous mental training deep in the mountains. However, whenever it meditates, this POKeMON always loses its concentration and focus. As a result, its training never ends.",30,40,55,40,55,60,1.0,1.0,1.0,1.0,1.0,1.0,0.5,1.0,1.0,2.0,1.0,1.0,0.5,2.0,1.0,1.0,1.0,2.0,https://raw.githubusercontent.com/PokeAPI/cries/main/cries/pokemon/latest/307.ogg,https://raw.githubusercontent.com/PokeAPI/sprites/master/sprites/pokemon/307.png,https://raw.githubusercontent.com/PokeAPI/sprites/master/sprites/pokemon/shiny/307.png
308,medicham,Meditate Pokemon,Generation-iii,False,False,"fighting, psychic",1.3,31.5,"Pure power, Telepathy (Hidden)",Mountain,Meditite,"It is said that through meditation, MEDICHAM heightens energy inside its body and sharpens its sixth sense. This POKeMON hides its presence by merging itself with fields and mountains.",60,60,75,60,75,80,1.0,1.0,1.0,1.0,1.0,1.0,0.5,1.0,1.0,2.0,1.0,1.0,0.5,2.0,1.0,1.0,1.0,2.0,https://raw.githubusercontent.com/PokeAPI/cries/main/cries/pokemon/latest/308.ogg,https://raw.githubusercontent.com/PokeAPI/sprites/master/sprites/pokemon/308.png,https://raw.githubusercontent.com/PokeAPI/sprites/master/sprites/pokemon/shiny/308.png
309,electrike,Lightning Pokemon,Generation-iii,False,False,electric,0.6,15.2,"Static, Lightning rod, Minus (Hidden)",Grassland,None,ELECTRIKE stores electricity in its long body hair. This POKeMON stimulates its leg muscles with electric charges. These jolts of power give its legs explosive acceleration performance.,40,45,40,65,40,65,1.0,1.0,1.0,0.5,1.0,1.0,1.0,1.0,2.0,0.5,1.0,1.0,1.0,1.0,1.0,0.5,1.0,1.0,https://raw.githubusercontent.com/PokeAPI/cries/main/cries/pokemon/latest/309.ogg,https://raw.githubusercontent.com/PokeAPI/sprites/master/sprites/pokemon/309.png,https://raw.githubusercontent.com/PokeAPI/sprites/master/sprites/pokemon/shiny/309.png
310,manectric,Discharge Pokemon,Generation-iii,False,False,electric,1.5,40.2,"Static, Lightning rod, Minus (Hidden)",Grassland,Electrike,"MANECTRIC is constantly discharging electricity from its mane. The sparks sometimes ignite forest fires. When it enters a battle, this POKeMON creates thunderclouds.",70,75,60,105,60,105,1.0,1.0,1.0,0.5,1.0,1.0,1.0,1.0,2.0,0.5,1.0,1.0,1.0,1.0,1.0,0.5,1.0,1.0,https://raw.githubusercontent.com/PokeAPI/cries/main/cries/pokemon/latest/310.ogg,https://raw.githubusercontent.com/PokeAPI/sprites/master/sprites/pokemon/310.png,https://raw.githubusercontent.com/PokeAPI/sprites/master/sprites/pokemon/shiny/310.png
311,plusle,Cheering Pokemon,Generation-iii,False,False,electric,0.4,4.2,"Plus, Lightning rod (Hidden)",Grassland,None,"PLUSLE always acts as a cheerleader for its partners. Whenever a teammate puts out a good effort in battle, this POKeMON shorts out its body to create the crackling noises of sparks to show its joy.",60,50,40,85,75,95,1.0,1.0,1.0,0.5,1.0,1.0,1.0,1.0,2.0,0.5,1.0,1.0,1.0,1.0,1.0,0.5,1.0,1.0,https://raw.githubusercontent.com/PokeAPI/cries/main/cries/pokemon/latest/311.ogg,https://raw.githubusercontent.com/PokeAPI/sprites/master/sprites/pokemon/311.png,https://raw.githubusercontent.com/PokeAPI/sprites/master/sprites/pokemon/shiny/311.png
312,minun,Cheering Pokemon,Generation-iii,False,False,electric,0.4,4.2,"Minus, Volt absorb (Hidden)",Grassland,None,MINUN is more concerned about cheering on its partners than its own safety. It shorts out the electricity in its body to create brilliant showers of sparks to cheer on its teammates.,60,40,50,75,85,95,1.0,1.0,1.0,0.5,1.0,1.0,1.0,1.0,2.0,0.5,1.0,1.0,1.0,1.0,1.0,0.5,1.0,1.0,https://raw.githubusercontent.com/PokeAPI/cries/main/cries/pokemon/latest/312.ogg,https://raw.githubusercontent.com/PokeAPI/sprites/master/sprites/pokemon/312.png,https://raw.githubusercontent.com/PokeAPI/sprites/master/sprites/pokemon/shiny/312.png
313,volbeat,Firefly Pokemon,Generation-iii,False,False,bug,0.7,17.7,"Illuminate, Swarm, Prankster (Hidden)",Forest,None,"With the arrival of night, VOLBEAT emits light from its tail. It communicates with others by adjusting the intensity and flashing of its light. This POKeMON is attracted by the sweet aroma of ILLUMISE.",65,73,75,47,85,85,1.0,2.0,1.0,1.0,0.5,1.0,0.5,1.0,0.5,2.0,1.0,1.0,2.0,1.0,1.0,1.0,1.0,1.0,https://raw.githubusercontent.com/PokeAPI/cries/main/cries/pokemon/latest/313.ogg,https://raw.githubusercontent.com/PokeAPI/sprites/master/sprites/pokemon/313.png,https://raw.githubusercontent.com/PokeAPI/sprites/master/sprites/pokemon/shiny/313.png
314,illumise,Firefly Pokemon,Generation-iii,False,False,bug,0.6,17.7,"Oblivious, Tinted lens, Prankster (Hidden)",Forest,None,"With its sweet aroma, it guides Volbeat to draw signs with light in the night sky.",65,47,75,73,85,85,1.0,2.0,1.0,1.0,0.5,1.0,0.5,1.0,0.5,2.0,1.0,1.0,2.0,1.0,1.0,1.0,1.0,1.0,https://raw.githubusercontent.com/PokeAPI/cries/main/cries/pokemon/latest/314.ogg,https://raw.githubusercontent.com/PokeAPI/sprites/master/sprites/pokemon/314.png,https://raw.githubusercontent.com/PokeAPI/sprites/master/sprites/pokemon/shiny/314.png
315,roselia,Thorn Pokemon,Generation-iii,False,False,"grass, poison",0.3,2.0,"Natural cure, Poison point, Leaf guard (Hidden)",Grassland,Budew,ROSELIA shoots sharp thorns as projectiles at any opponent that tries to steal the flowers on its arms. The aroma of this POKeMON brings serenity to living things.,50,60,45,100,80,65,1.0,2.0,0.5,0.5,0.25,2.0,0.5,1.0,1.0,2.0,2.0,1.0,1.0,1.0,1.0,1.0,1.0,0.5,https://raw.githubusercontent.com/PokeAPI/cries/main/cries/pokemon/latest/315.ogg,https://raw.githubusercontent.com/PokeAPI/sprites/master/sprites/pokemon/315.png,https://raw.githubusercontent.com/PokeAPI/sprites/master/sprites/pokemon/shiny/315.png
316,gulpin,Stomach Pokemon,Generation-iii,False,False,poison,0.4,10.3,"Liquid ooze, Sticky hold, Gluttony (Hidden)",Grassland,None,"Virtually all of GULPIN’s body is its stomach. As a result, it can swallow something its own size. This POKeMON’s stomach contains a special fluid that digests anything.",70,43,53,43,53,40,1.0,1.0,1.0,1.0,0.5,1.0,0.5,0.5,2.0,1.0,2.0,0.5,1.0,1.0,1.0,1.0,1.0,0.5,https://raw.githubusercontent.com/PokeAPI/cries/main/cries/pokemon/latest/316.ogg,https://raw.githubusercontent.com/PokeAPI/sprites/master/sprites/pokemon/316.png,https://raw.githubusercontent.com/PokeAPI/sprites/master/sprites/pokemon/shiny/316.png
317,swalot,Poison Bag Pokemon,Generation-iii,False,False,poison,1.7,80.0,"Liquid ooze, Sticky hold, Gluttony (Hidden)",Grassland,Gulpin,"When SWALOT spots prey, it spurts out a hideously toxic fluid from its pores and sprays the target. Once the prey has weakened, this POKeMON gulps it down whole with its cavernous mouth.",100,73,83,73,83,55,1.0,1.0,1.0,1.0,0.5,1.0,0.5,0.5,2.0,1.0,2.0,0.5,1.0,1.0,1.0,1.0,1.0,0.5,https://raw.githubusercontent.com/PokeAPI/cries/main/cries/pokemon/latest/317.ogg,https://raw.githubusercontent.com/PokeAPI/sprites/master/sprites/pokemon/317.png,https://raw.githubusercontent.com/PokeAPI/sprites/master/sprites/pokemon/shiny/317.png
318,carvanha,Savage Pokemon,Generation-iii,False,False,"water, dark",0.8,20.8,"Rough skin, Speed boost (Hidden)",Sea,None,CARVANHA’s strongly developed jaws and its sharply pointed fangs pack the destructive power to rip out boat hulls. Many boats have been attacked and sunk by this POKeMON.,45,90,20,65,20,65,1.0,0.5,0.5,2.0,2.0,0.5,2.0,1.0,1.0,1.0,0.0,2.0,1.0,0.5,1.0,0.5,0.5,2.0,https://raw.githubusercontent.com/PokeAPI/cries/main/cries/pokemon/latest/318.ogg,https://raw.githubusercontent.com/PokeAPI/sprites/master/sprites/pokemon/318.png,https://raw.githubusercontent.com/PokeAPI/sprites/master/sprites/pokemon/shiny/318.png
319,sharpedo,Brutal Pokemon,Generation-iii,False,False,"water, dark",1.8,88.8,"Rough skin, Speed boost (Hidden)",Sea,Carvanha,"Nicknamed “the bully of the sea,” SHARPEDO is widely feared. Its cruel fangs grow back immediately if they snap off. Just one of these POKeMON can thoroughly tear apart a supertanker.",70,120,40,95,40,95,1.0,0.5,0.5,2.0,2.0,0.5,2.0,1.0,1.0,1.0,0.0,2.0,1.0,0.5,1.0,0.5,0.5,2.0,https://raw.githubusercontent.com/PokeAPI/cries/main/cries/pokemon/latest/319.ogg,https://raw.githubusercontent.com/PokeAPI/sprites/master/sprites/pokemon/319.png,https://raw.githubusercontent.com/PokeAPI/sprites/master/sprites/pokemon/shiny/319.png
320,wailmer,Ball Whale Pokemon,Generation-iii,False,False,water,2.0,130.0,"Water veil, Oblivious, Pressure (Hidden)",Sea,None,WAILMER’s nostrils are located above its eyes. This playful POKeMON loves to startle people by forcefully snorting out seawater it stores inside its body out of its nostrils.,130,70,35,70,35,60,1.0,0.5,0.5,2.0,2.0,0.5,1.0,1.0,1.0,1.0,1.0,1.0,1.0,1.0,1.0,0.5,1.0,1.0,https://raw.githubusercontent.com/PokeAPI/cries/main/cries/pokemon/latest/320.ogg,https://raw.githubusercontent.com/PokeAPI/sprites/master/sprites/pokemon/320.png,https://raw.githubusercontent.com/PokeAPI/sprites/master/sprites/pokemon/shiny/320.png
321,wailord,Float Whale Pokemon,Generation-iii,False,False,water,14.5,398.0,"Water veil, Oblivious, Pressure (Hidden)",Sea,Wailmer,"WAILORD is the largest of all identified POKeMON up to now. This giant POKeMON swims languorously in the vast open sea, eating massive amounts of food at once with its enormous mouth.",170,90,45,90,45,60,1.0,0.5,0.5,2.0,2.0,0.5,1.0,1.0,1.0,1.0,1.0,1.0,1.0,1.0,1.0,0.5,1.0,1.0,https://raw.githubusercontent.com/PokeAPI/cries/main/cries/pokemon/latest/321.ogg,https://raw.githubusercontent.com/PokeAPI/sprites/master/sprites/pokemon/321.png,https://raw.githubusercontent.com/PokeAPI/sprites/master/sprites/pokemon/shiny/321.png
322,numel,Numb Pokemon,Generation-iii,False,False,"fire, ground",0.7,24.0,"Oblivious, Simple, Own tempo (Hidden)",Mountain,None,"NUMEL is extremely dull witted - it doesn’t notice being hit. However, it can’t stand hunger for even a second. This POKeMON’s body is a seething cauldron of boiling magma.",60,60,40,65,45,35,1.0,0.5,4.0,0.0,1.0,1.0,1.0,0.5,2.0,1.0,1.0,0.5,1.0,1.0,1.0,0.5,1.0,0.5,https://raw.githubusercontent.com/PokeAPI/cries/main/cries/pokemon/latest/322.ogg,https://raw.githubusercontent.com/PokeAPI/sprites/master/sprites/pokemon/322.png,https://raw.githubusercontent.com/PokeAPI/sprites/master/sprites/pokemon/shiny/322.png
323,camerupt,Eruption Pokemon,Generation-iii,False,False,"fire, ground",1.9,220.0,"Magma armor, Solid rock, Anger point (Hidden)",Mountain,Numel,"CAMERUPT has a volcano inside its body. Magma of 18,000 degrees F courses through its body. Occasionally, the humps on this POKeMON’s back erupt, spewing the superheated magma.",70,100,70,105,75,40,1.0,0.5,4.0,0.0,1.0,1.0,1.0,0.5,2.0,1.0,1.0,0.5,1.0,1.0,1.0,0.5,1.0,0.5,https://raw.githubusercontent.com/PokeAPI/cries/main/cries/pokemon/latest/323.ogg,https://raw.githubusercontent.com/PokeAPI/sprites/master/sprites/pokemon/323.png,https://raw.githubusercontent.com/PokeAPI/sprites/master/sprites/pokemon/shiny/323.png
324,torkoal,Coal Pokemon,Generation-iii,False,False,fire,0.5,80.4,"White smoke, Drought, Shell armor (Hidden)",Mountain,None,You can tell how it’s feeling by the smoke spouting from its shell. Tremendous velocity is a sign of good health.,70,85,140,85,70,20,1.0,0.5,2.0,1.0,0.5,0.5,1.0,1.0,2.0,1.0,1.0,0.5,2.0,1.0,1.0,0.5,1.0,0.5,https://raw.githubusercontent.com/PokeAPI/cries/main/cries/pokemon/latest/324.ogg,https://raw.githubusercontent.com/PokeAPI/sprites/master/sprites/pokemon/324.png,https://raw.githubusercontent.com/PokeAPI/sprites/master/sprites/pokemon/shiny/324.png
325,spoink,Bounce Pokemon,Generation-iii,False,False,psychic,0.7,30.6,"Thick fat, Own tempo, Gluttony (Hidden)",Mountain,None,"SPOINK bounces around on its tail. The shock of its bouncing makes its heart pump. As a result, this POKeMON cannot afford to stop bouncing - if it stops, its heart will stop.",60,25,35,70,80,60,1.0,1.0,1.0,1.0,1.0,1.0,0.5,1.0,1.0,1.0,0.5,2.0,1.0,2.0,1.0,1.0,2.0,1.0,https://raw.githubusercontent.com/PokeAPI/cries/main/cries/pokemon/latest/325.ogg,https://raw.githubusercontent.com/PokeAPI/sprites/master/sprites/pokemon/325.png,https://raw.githubusercontent.com/PokeAPI/sprites/master/sprites/pokemon/shiny/325.png
326,grumpig,Manipulate Pokemon,Generation-iii,False,False,psychic,0.9,71.5,"Thick fat, Own tempo, Gluttony (Hidden)",Mountain,Spoink,"GRUMPIG uses the black pearls on its body to amplify its psychic power waves for gaining total control over its foe. When this POKeMON uses its special power, its snorting breath grows labored.",80,45,65,90,110,80,1.0,1.0,1.0,1.0,1.0,1.0,0.5,1.0,1.0,1.0,0.5,2.0,1.0,2.0,1.0,1.0,2.0,1.0,https://raw.githubusercontent.com/PokeAPI/cries/main/cries/pokemon/latest/326.ogg,https://raw.githubusercontent.com/PokeAPI/sprites/master/sprites/pokemon/326.png,https://raw.githubusercontent.com/PokeAPI/sprites/master/sprites/pokemon/shiny/326.png
327,spinda,Spot Panda Pokemon,Generation-iii,False,False,normal,1.1,5.0,"Own tempo, Tangled feet, Contrary (Hidden)",Mountain,None,No two Spinda have the same pattern of spots. Its tottering step fouls the aim of foes.,60,60,60,60,60,60,1.0,1.0,1.0,1.0,1.0,1.0,2.0,1.0,1.0,1.0,1.0,1.0,1.0,0.0,1.0,1.0,1.0,1.0,https://raw.githubusercontent.com/PokeAPI/cries/main/cries/pokemon/latest/327.ogg,https://raw.githubusercontent.com/PokeAPI/sprites/master/sprites/pokemon/327.png,https://raw.githubusercontent.com/PokeAPI/sprites/master/sprites/pokemon/shiny/327.png
328,trapinch,Ant Pit Pokemon,Generation-iii,False,False,ground,0.7,15.0,"Hyper cutter, Arena trap, Sheer force (Hidden)",Rough-terrain,None,"TRAPINCH’s nest is a sloped, bowl-like pit dug in sand. This POKeMON patiently waits for prey to tumble down the pit. Its giant jaws have enough strength to crush even boulders.",45,100,45,45,45,10,1.0,1.0,2.0,0.0,2.0,2.0,1.0,0.5,1.0,1.0,1.0,1.0,0.5,1.0,1.0,1.0,1.0,1.0,https://raw.githubusercontent.com/PokeAPI/cries/main/cries/pokemon/latest/328.ogg,https://raw.githubusercontent.com/PokeAPI/sprites/master/sprites/pokemon/328.png,https://raw.githubusercontent.com/PokeAPI/sprites/master/sprites/pokemon/shiny/328.png
329,vibrava,Vibration Pokemon,Generation-iii,False,False,"ground, dragon",1.1,15.3,Levitate,Rough-terrain,Trapinch,"To make prey faint, VIBRAVA generates ultrasonic waves by vigorously making its two wings vibrate. This POKeMON’s ultrasonic waves are so powerful, they can bring on headaches in people.",50,70,50,50,50,70,1.0,0.5,1.0,0.0,1.0,4.0,1.0,0.5,1.0,1.0,1.0,1.0,0.5,1.0,2.0,1.0,1.0,2.0,https://raw.githubusercontent.com/PokeAPI/cries/main/cries/pokemon/latest/329.ogg,https://raw.githubusercontent.com/PokeAPI/sprites/master/sprites/pokemon/329.png,https://raw.githubusercontent.com/PokeAPI/sprites/master/sprites/pokemon/shiny/329.png
330,flygon,Mystic Pokemon,Generation-iii,False,False,"ground, dragon",2.0,82.0,Levitate,Rough-terrain,Vibrava,"FLYGON is nicknamed “the elemental  spirit of the desert.” Because its flapping wings whip up a cloud of sand, this POKeMON is always enveloped in a sandstorm while flying.",80,100,80,80,80,100,1.0,0.5,1.0,0.0,1.0,4.0,1.0,0.5,1.0,1.0,1.0,1.0,0.5,1.0,2.0,1.0,1.0,2.0,https://raw.githubusercontent.com/PokeAPI/cries/main/cries/pokemon/latest/330.ogg,https://raw.githubusercontent.com/PokeAPI/sprites/master/sprites/pokemon/330.png,https://raw.githubusercontent.com/PokeAPI/sprites/master/sprites/pokemon/shiny/330.png
331,cacnea,Cactus Pokemon,Generation-iii,False,False,grass,0.4,51.3,"Sand veil, Water absorb (Hidden)",Rough-terrain,None,"CACNEA lives in arid locations such as deserts. It releases a strong aroma from its flower to attract prey. When prey comes near, this POKeMON shoots sharp thorns from its body to bring the victim down.",50,85,40,85,40,35,1.0,2.0,0.5,0.5,0.5,2.0,1.0,2.0,0.5,2.0,1.0,2.0,1.0,1.0,1.0,1.0,1.0,1.0,https://raw.githubusercontent.com/PokeAPI/cries/main/cries/pokemon/latest/331.ogg,https://raw.githubusercontent.com/PokeAPI/sprites/master/sprites/pokemon/331.png,https://raw.githubusercontent.com/PokeAPI/sprites/master/sprites/pokemon/shiny/331.png
332,cacturne,Scarecrow Pokemon,Generation-iii,False,False,"grass, dark",1.3,77.4,"Sand veil, Water absorb (Hidden)",Rough-terrain,Cacnea,"During the daytime, CACTURNE remains unmoving so that it does not lose any moisture to the harsh desert sun. This POKeMON becomes active at night when the temperature drops.",70,115,60,115,60,55,1.0,2.0,0.5,0.5,0.5,2.0,2.0,2.0,0.5,2.0,0.0,4.0,1.0,0.5,1.0,1.0,0.5,2.0,https://raw.githubusercontent.com/PokeAPI/cries/main/cries/pokemon/latest/332.ogg,https://raw.githubusercontent.com/PokeAPI/sprites/master/sprites/pokemon/332.png,https://raw.githubusercontent.com/PokeAPI/sprites/master/sprites/pokemon/shiny/332.png
333,swablu,Cotton Bird Pokemon,Generation-iii,False,False,"normal, flying",0.4,1.2,"Natural cure, Cloud nine (Hidden)",Forest,None,SWABLU has light and fluffy wings that are like cottony clouds. This POKeMON is not frightened of people. It lands on the heads of people and sits there like a cotton-fluff hat.,45,40,60,40,75,50,1.0,1.0,1.0,2.0,0.5,2.0,1.0,1.0,0.0,1.0,1.0,0.5,2.0,0.0,1.0,1.0,1.0,1.0,https://raw.githubusercontent.com/PokeAPI/cries/main/cries/pokemon/latest/333.ogg,https://raw.githubusercontent.com/PokeAPI/sprites/master/sprites/pokemon/333.png,https://raw.githubusercontent.com/PokeAPI/sprites/master/sprites/pokemon/shiny/333.png
334,altaria,Humming Pokemon,Generation-iii,False,False,"dragon, flying",1.1,20.6,"Natural cure, Cloud nine (Hidden)",Forest,Swablu,"ALTARIA dances and wheels through the sky among billowing, cotton-like clouds. By singing melodies in its crystal-clear voice, this POKeMON makes its listeners experience dreamy wonderment.",75,70,90,70,105,80,1.0,0.5,0.5,1.0,0.25,4.0,0.5,1.0,0.0,1.0,1.0,0.5,2.0,1.0,2.0,1.0,1.0,2.0,https://raw.githubusercontent.com/PokeAPI/cries/main/cries/pokemon/latest/334.ogg,https://raw.githubusercontent.com/PokeAPI/sprites/master/sprites/pokemon/334.png,https://raw.githubusercontent.com/PokeAPI/sprites/master/sprites/pokemon/shiny/334.png
335,zangoose,Cat Ferret Pokemon,Generation-iii,False,False,normal,1.3,40.3,"Immunity, Toxic boost (Hidden)",Grassland,None,Memories of battling its arch-rival SEVIPER are etched into every cell of ZANGOOSE’s body. This POKeMON adroitly dodges attacks with incredible agility.,73,115,60,60,60,90,1.0,1.0,1.0,1.0,1.0,1.0,2.0,1.0,1.0,1.0,1.0,1.0,1.0,0.0,1.0,1.0,1.0,1.0,https://raw.githubusercontent.com/PokeAPI/cries/main/cries/pokemon/latest/335.ogg,https://raw.githubusercontent.com/PokeAPI/sprites/master/sprites/pokemon/335.png,https://raw.githubusercontent.com/PokeAPI/sprites/master/sprites/pokemon/shiny/335.png
336,seviper,Fang Snake Pokemon,Generation-iii,False,False,poison,2.7,52.5,"Shed skin, Infiltrator (Hidden)",Grassland,None,SEVIPER shares a generations-long feud with ZANGOOSE. The scars on its body are evidence of vicious battles. This POKeMON attacks using its sword- edged tail.,73,100,60,100,60,65,1.0,1.0,1.0,1.0,0.5,1.0,0.5,0.5,2.0,1.0,2.0,0.5,1.0,1.0,1.0,1.0,1.0,0.5,https://raw.githubusercontent.com/PokeAPI/cries/main/cries/pokemon/latest/336.ogg,https://raw.githubusercontent.com/PokeAPI/sprites/master/sprites/pokemon/336.png,https://raw.githubusercontent.com/PokeAPI/sprites/master/sprites/pokemon/shiny/336.png
337,lunatone,Meteorite Pokemon,Generation-iii,False,False,"rock, psychic",1.0,168.0,Levitate,Cave,None,"LUNATONE was discovered at a location where a meteorite fell. As a result, some people theorize that this POKeMON came from space. However, no one has been able to prove this theory so far.",90,55,65,95,85,70,0.5,0.5,2.0,1.0,2.0,1.0,1.0,0.5,2.0,0.5,0.5,2.0,1.0,2.0,1.0,2.0,2.0,1.0,https://raw.githubusercontent.com/PokeAPI/cries/main/cries/pokemon/latest/337.ogg,https://raw.githubusercontent.com/PokeAPI/sprites/master/sprites/pokemon/337.png,https://raw.githubusercontent.com/PokeAPI/sprites/master/sprites/pokemon/shiny/337.png
338,solrock,Meteorite Pokemon,Generation-iii,False,False,"rock, psychic",1.2,154.0,Levitate,Cave,None,"Solar energy is the source of its power, so it is strong during the daytime. When it spins, its body shines.",90,95,85,55,65,70,0.5,0.5,2.0,1.0,2.0,1.0,1.0,0.5,2.0,0.5,0.5,2.0,1.0,2.0,1.0,2.0,2.0,1.0,https://raw.githubusercontent.com/PokeAPI/cries/main/cries/pokemon/latest/338.ogg,https://raw.githubusercontent.com/PokeAPI/sprites/master/sprites/pokemon/338.png,https://raw.githubusercontent.com/PokeAPI/sprites/master/sprites/pokemon/shiny/338.png
339,barboach,Whiskers Pokemon,Generation-iii,False,False,"water, ground",0.4,1.9,"Oblivious, Anticipation, Hydration (Hidden)",Waters-edge,None,"BARBOACH’s sensitive whiskers serve as a superb radar system. This POKeMON hides in mud, leaving only its two whiskers exposed while it waits for prey to come along.",50,48,43,46,41,60,1.0,0.5,1.0,0.0,4.0,1.0,1.0,0.5,1.0,1.0,1.0,1.0,0.5,1.0,1.0,0.5,1.0,1.0,https://raw.githubusercontent.com/PokeAPI/cries/main/cries/pokemon/latest/339.ogg,https://raw.githubusercontent.com/PokeAPI/sprites/master/sprites/pokemon/339.png,https://raw.githubusercontent.com/PokeAPI/sprites/master/sprites/pokemon/shiny/339.png
340,whiscash,Whiskers Pokemon,Generation-iii,False,False,"water, ground",0.9,23.6,"Oblivious, Anticipation, Hydration (Hidden)",Waters-edge,Barboach,"WHISCASH is extremely territorial. Just one of these POKeMON will claim a large pond as its exclusive territory. If a foe approaches it, it thrashes about and triggers a massive earthquake.",110,78,73,76,71,60,1.0,0.5,1.0,0.0,4.0,1.0,1.0,0.5,1.0,1.0,1.0,1.0,0.5,1.0,1.0,0.5,1.0,1.0,https://raw.githubusercontent.com/PokeAPI/cries/main/cries/pokemon/latest/340.ogg,https://raw.githubusercontent.com/PokeAPI/sprites/master/sprites/pokemon/340.png,https://raw.githubusercontent.com/PokeAPI/sprites/master/sprites/pokemon/shiny/340.png
341,corphish,Ruffian Pokemon,Generation-iii,False,False,water,0.6,11.5,"Hyper cutter, Shell armor, Adaptability (Hidden)",Waters-edge,None,Its hardy vitality enables it to adapt to any environment. Its pincers will never release prey.,43,80,65,50,35,35,1.0,0.5,0.5,2.0,2.0,0.5,1.0,1.0,1.0,1.0,1.0,1.0,1.0,1.0,1.0,0.5,1.0,1.0,https://raw.githubusercontent.com/PokeAPI/cries/main/cries/pokemon/latest/341.ogg,https://raw.githubusercontent.com/PokeAPI/sprites/master/sprites/pokemon/341.png,https://raw.githubusercontent.com/PokeAPI/sprites/master/sprites/pokemon/shiny/341.png
342,crawdaunt,Rogue Pokemon,Generation-iii,False,False,"water, dark",1.1,32.8,"Hyper cutter, Shell armor, Adaptability (Hidden)",Waters-edge,Corphish,"CRAWDAUNT has an extremely violent nature that compels it to challenge other living things to battle. Other life-forms refuse to live in ponds inhabited by this POKeMON, making them desolate places.",63,120,85,90,55,55,1.0,0.5,0.5,2.0,2.0,0.5,2.0,1.0,1.0,1.0,0.0,2.0,1.0,0.5,1.0,0.5,0.5,2.0,https://raw.githubusercontent.com/PokeAPI/cries/main/cries/pokemon/latest/342.ogg,https://raw.githubusercontent.com/PokeAPI/sprites/master/sprites/pokemon/342.png,https://raw.githubusercontent.com/PokeAPI/sprites/master/sprites/pokemon/shiny/342.png
343,baltoy,Clay Doll Pokemon,Generation-iii,False,False,"ground, psychic",0.5,21.5,Levitate,Rough-terrain,None,BALTOY moves while spinning around on its one foot. Primitive wall paintings depicting this POKeMON living among people were discovered in some ancient ruins.,40,40,55,40,70,55,1.0,1.0,2.0,0.0,2.0,2.0,0.5,0.5,1.0,1.0,0.5,2.0,0.5,2.0,1.0,1.0,2.0,1.0,https://raw.githubusercontent.com/PokeAPI/cries/main/cries/pokemon/latest/343.ogg,https://raw.githubusercontent.com/PokeAPI/sprites/master/sprites/pokemon/343.png,https://raw.githubusercontent.com/PokeAPI/sprites/master/sprites/pokemon/shiny/343.png
344,claydol,Clay Doll Pokemon,Generation-iii,False,False,"ground, psychic",1.5,108.0,Levitate,Rough-terrain,Baltoy,CLAYDOL are said to be dolls of mud made by primitive humans and brought to life by exposure to a mysterious ray. This POKeMON moves about while levitating.,60,70,105,70,120,75,1.0,1.0,2.0,0.0,2.0,2.0,0.5,0.5,1.0,1.0,0.5,2.0,0.5,2.0,1.0,1.0,2.0,1.0,https://raw.githubusercontent.com/PokeAPI/cries/main/cries/pokemon/latest/344.ogg,https://raw.githubusercontent.com/PokeAPI/sprites/master/sprites/pokemon/344.png,https://raw.githubusercontent.com/PokeAPI/sprites/master/sprites/pokemon/shiny/344.png
345,lileep,Sea Lily Pokemon,Generation-iii,False,False,"rock, grass",1.0,23.8,"Suction cups, Storm drain (Hidden)",Sea,None,LILEEP became extinct approximately a hundred million years ago. This ancient POKeMON attaches itself to a rock on the seafloor and catches approaching prey using tentacles  shaped like flower petals.,66,41,77,61,87,23,0.5,1.0,1.0,0.5,1.0,2.0,2.0,1.0,1.0,1.0,1.0,2.0,1.0,1.0,1.0,2.0,1.0,1.0,https://raw.githubusercontent.com/PokeAPI/cries/main/cries/pokemon/latest/345.ogg,https://raw.githubusercontent.com/PokeAPI/sprites/master/sprites/pokemon/345.png,https://raw.githubusercontent.com/PokeAPI/sprites/master/sprites/pokemon/shiny/345.png
346,cradily,Barnacle Pokemon,Generation-iii,False,False,"rock, grass",1.5,60.4,"Suction cups, Storm drain (Hidden)",Sea,Lileep,CRADILY roams around the ocean floor in search of food. This POKeMON freely extends its tree trunk-like neck and captures unwary prey using its eight tentacles.,86,81,97,81,107,43,0.5,1.0,1.0,0.5,1.0,2.0,2.0,1.0,1.0,1.0,1.0,2.0,1.0,1.0,1.0,2.0,1.0,1.0,https://raw.githubusercontent.com/PokeAPI/cries/main/cries/pokemon/latest/346.ogg,https://raw.githubusercontent.com/PokeAPI/sprites/master/sprites/pokemon/346.png,https://raw.githubusercontent.com/PokeAPI/sprites/master/sprites/pokemon/shiny/346.png
347,anorith,Old Shrimp Pokemon,Generation-iii,False,False,"rock, bug",0.7,12.5,"Battle armor, Swift swim (Hidden)",Waters-edge,None,ANORITH was regenerated from a prehistoric fossil. This primitive POKeMON once lived in warm seas. It grips its prey firmly between its two large claws.,45,95,50,40,50,75,0.5,1.0,2.0,1.0,1.0,1.0,1.0,0.5,1.0,1.0,1.0,1.0,2.0,1.0,1.0,2.0,1.0,1.0,https://raw.githubusercontent.com/PokeAPI/cries/main/cries/pokemon/latest/347.ogg,https://raw.githubusercontent.com/PokeAPI/sprites/master/sprites/pokemon/347.png,https://raw.githubusercontent.com/PokeAPI/sprites/master/sprites/pokemon/shiny/347.png
348,armaldo,Plate Pokemon,Generation-iii,False,False,"rock, bug",1.5,68.2,"Battle armor, Swift swim (Hidden)",Waters-edge,Anorith,ARMALDO’s tough armor makes all attacks bounce off. This POKeMON’s two enormous claws can be freely extended or contracted. They have the power to punch right through a steel slab.,75,125,100,70,80,45,0.5,1.0,2.0,1.0,1.0,1.0,1.0,0.5,1.0,1.0,1.0,1.0,2.0,1.0,1.0,2.0,1.0,1.0,https://raw.githubusercontent.com/PokeAPI/cries/main/cries/pokemon/latest/348.ogg,https://raw.githubusercontent.com/PokeAPI/sprites/master/sprites/pokemon/348.png,https://raw.githubusercontent.com/PokeAPI/sprites/master/sprites/pokemon/shiny/348.png
349,feebas,Fish Pokemon,Generation-iii,False,False,water,0.6,7.4,"Swift swim, Oblivious, Adaptability (Hidden)",Waters-edge,None,"FEEBAS’s fins are ragged and tattered from the start of its life. Because of its shoddy appearance, this POKeMON is largely ignored. It is capable of living in both the sea and in rivers.",20,15,20,10,55,80,1.0,0.5,0.5,2.0,2.0,0.5,1.0,1.0,1.0,1.0,1.0,1.0,1.0,1.0,1.0,0.5,1.0,1.0,https://raw.githubusercontent.com/PokeAPI/cries/main/cries/pokemon/latest/349.ogg,https://raw.githubusercontent.com/PokeAPI/sprites/master/sprites/pokemon/349.png,https://raw.githubusercontent.com/PokeAPI/sprites/master/sprites/pokemon/shiny/349.png
350,milotic,Tender Pokemon,Generation-iii,False,False,water,6.2,162.0,"Marvel scale, Competitive, Cute charm (Hidden)",Waters-edge,Feebas,Its lovely scales are described as rainbow colored. They change color depending on the viewing angle.,95,60,79,100,125,81,1.0,0.5,0.5,2.0,2.0,0.5,1.0,1.0,1.0,1.0,1.0,1.0,1.0,1.0,1.0,0.5,1.0,1.0,https://raw.githubusercontent.com/PokeAPI/cries/main/cries/pokemon/latest/350.ogg,https://raw.githubusercontent.com/PokeAPI/sprites/master/sprites/pokemon/350.png,https://raw.githubusercontent.com/PokeAPI/sprites/master/sprites/pokemon/shiny/350.png
351,castform,Weather Pokemon,Generation-iii,False,False,normal,0.3,0.8,Forecast,Grassland,None,CASTFORM’s appearance changes with the weather. This POKeMON gained the ability to use the vast power of nature to protect its tiny body.,70,70,70,70,70,70,1.0,1.0,1.0,1.0,1.0,1.0,2.0,1.0,1.0,1.0,1.0,1.0,1.0,0.0,1.0,1.0,1.0,1.0,https://raw.githubusercontent.com/PokeAPI/cries/main/cries/pokemon/latest/351.ogg,https://raw.githubusercontent.com/PokeAPI/sprites/master/sprites/pokemon/351.png,https://raw.githubusercontent.com/PokeAPI/sprites/master/sprites/pokemon/shiny/351.png
352,kecleon,Color Swap Pokemon,Generation-iii,False,False,normal,1.0,22.0,"Color change, Protean (Hidden)",Forest,None,It changes body color to blend in with its surroundings. It also changes color if it is happy or sad.,60,90,70,60,120,40,1.0,1.0,1.0,1.0,1.0,1.0,2.0,1.0,1.0,1.0,1.0,1.0,1.0,0.0,1.0,1.0,1.0,1.0,https://raw.githubusercontent.com/PokeAPI/cries/main/cries/pokemon/latest/352.ogg,https://raw.githubusercontent.com/PokeAPI/sprites/master/sprites/pokemon/352.png,https://raw.githubusercontent.com/PokeAPI/sprites/master/sprites/pokemon/shiny/352.png
353,shuppet,Puppet Pokemon,Generation-iii,False,False,ghost,0.6,2.3,"Insomnia, Frisk, Cursed body (Hidden)",Urban,None,"SHUPPET is attracted by feelings of jealousy and vindictiveness. If someone develops strong feelings of vengeance, this POKeMON will appear in a swarm and line up beneath the eaves of that person’s home.",44,75,35,63,33,45,0.0,1.0,1.0,1.0,1.0,1.0,0.0,0.5,1.0,1.0,1.0,0.5,1.0,2.0,1.0,1.0,2.0,1.0,https://raw.githubusercontent.com/PokeAPI/cries/main/cries/pokemon/latest/353.ogg,https://raw.githubusercontent.com/PokeAPI/sprites/master/sprites/pokemon/353.png,https://raw.githubusercontent.com/PokeAPI/sprites/master/sprites/pokemon/shiny/353.png
354,banette,Marionette Pokemon,Generation-iii,False,False,ghost,1.1,12.5,"Insomnia, Frisk, Cursed body (Hidden)",Urban,Shuppet,BANETTE generates energy for laying strong curses by sticking pins into its own body. This POKeMON was originally a pitiful plush doll that was thrown away.,64,115,65,83,63,65,0.0,1.0,1.0,1.0,1.0,1.0,0.0,0.5,1.0,1.0,1.0,0.5,1.0,2.0,1.0,1.0,2.0,1.0,https://raw.githubusercontent.com/PokeAPI/cries/main/cries/pokemon/latest/354.ogg,https://raw.githubusercontent.com/PokeAPI/sprites/master/sprites/pokemon/354.png,https://raw.githubusercontent.com/PokeAPI/sprites/master/sprites/pokemon/shiny/354.png
355,duskull,Requiem Pokemon,Generation-iii,False,False,ghost,0.8,15.0,"Levitate, Frisk (Hidden)",Forest,None,"DUSKULL can pass through any wall no matter how thick it may be. Once this POKeMON chooses a target, it will doggedly pursue the intended victim until the break of dawn.",20,40,90,30,90,25,0.0,1.0,1.0,1.0,1.0,1.0,0.0,0.5,1.0,1.0,1.0,0.5,1.0,2.0,1.0,1.0,2.0,1.0,https://raw.githubusercontent.com/PokeAPI/cries/main/cries/pokemon/latest/355.ogg,https://raw.githubusercontent.com/PokeAPI/sprites/master/sprites/pokemon/355.png,https://raw.githubusercontent.com/PokeAPI/sprites/master/sprites/pokemon/shiny/355.png
356,dusclops,Beckon Pokemon,Generation-iii,False,False,ghost,1.6,30.6,"Pressure, Frisk (Hidden)",Forest,Duskull,"DUSCLOPS’s body is completely hollow - there is nothing at all inside. It is said that its body is like a black hole. This POKeMON will absorb anything into its body, but nothing will ever come back out.",40,70,130,60,130,25,0.0,1.0,1.0,1.0,1.0,1.0,0.0,0.5,1.0,1.0,1.0,0.5,1.0,2.0,1.0,1.0,2.0,1.0,https://raw.githubusercontent.com/PokeAPI/cries/main/cries/pokemon/latest/356.ogg,https://raw.githubusercontent.com/PokeAPI/sprites/master/sprites/pokemon/356.png,https://raw.githubusercontent.com/PokeAPI/sprites/master/sprites/pokemon/shiny/356.png
357,tropius,Fruit Pokemon,Generation-iii,False,False,"grass, flying",2.0,100.0,"Chlorophyll, Solar power, Harvest (Hidden)",Forest,None,"The bunches of fruit around TROPIUS’s neck are very popular with children. This POKeMON loves fruit, and eats it continuously. Apparently, its love for fruit resulted in its own outgrowth of fruit.",99,68,83,72,87,51,1.0,2.0,0.5,1.0,0.25,4.0,0.5,2.0,0.0,2.0,1.0,1.0,2.0,1.0,1.0,1.0,1.0,1.0,https://raw.githubusercontent.com/PokeAPI/cries/main/cries/pokemon/latest/357.ogg,https://raw.githubusercontent.com/PokeAPI/sprites/master/sprites/pokemon/357.png,https://raw.githubusercontent.com/PokeAPI/sprites/master/sprites/pokemon/shiny/357.png
358,chimecho,Wind Chime Pokemon,Generation-iii,False,False,psychic,0.6,1.0,Levitate,Grassland,Chingling,"CHIMECHO makes its cries echo inside its hollow body. When this POKeMON becomes enraged, its cries result in ultrasonic waves that have the power to knock foes flying.",75,50,80,95,90,65,1.0,1.0,1.0,1.0,1.0,1.0,0.5,1.0,1.0,1.0,0.5,2.0,1.0,2.0,1.0,1.0,2.0,1.0,https://raw.githubusercontent.com/PokeAPI/cries/main/cries/pokemon/latest/358.ogg,https://raw.githubusercontent.com/PokeAPI/sprites/master/sprites/pokemon/358.png,https://raw.githubusercontent.com/PokeAPI/sprites/master/sprites/pokemon/shiny/358.png
359,absol,Disaster Pokemon,Generation-iii,False,False,dark,1.2,47.0,"Pressure, Super luck, Justified (Hidden)",Mountain,None,"Every time ABSOL appears before people, it is followed by a disaster such as an earthquake or a tidal wave. As a result, it came to be known as the disaster POKeMON.",65,130,60,75,60,75,1.0,1.0,1.0,1.0,1.0,1.0,2.0,1.0,1.0,1.0,0.0,2.0,1.0,0.5,1.0,1.0,0.5,2.0,https://raw.githubusercontent.com/PokeAPI/cries/main/cries/pokemon/latest/359.ogg,https://raw.githubusercontent.com/PokeAPI/sprites/master/sprites/pokemon/359.png,https://raw.githubusercontent.com/PokeAPI/sprites/master/sprites/pokemon/shiny/359.png
360,wynaut,Bright Pokemon,Generation-iii,False,False,psychic,0.6,14.0,"Shadow tag, Telepathy (Hidden)",Cave,None,"WYNAUT can always be seen with a big, happy smile on its face. Look at its tail to determine if it is angry. When angered, this POKeMON will be slapping the ground with its tail.",95,23,48,23,48,23,1.0,1.0,1.0,1.0,1.0,1.0,0.5,1.0,1.0,1.0,0.5,2.0,1.0,2.0,1.0,1.0,2.0,1.0,https://raw.githubusercontent.com/PokeAPI/cries/main/cries/pokemon/latest/360.ogg,https://raw.githubusercontent.com/PokeAPI/sprites/master/sprites/pokemon/360.png,https://raw.githubusercontent.com/PokeAPI/sprites/master/sprites/pokemon/shiny/360.png
361,snorunt,Snow Hat Pokemon,Generation-iii,False,False,ice,0.7,16.8,"Inner focus, Ice body, Moody (Hidden)",Cave,None,"SNORUNT live in regions with heavy snowfall. In seasons without snow, such as spring and summer, this POKeMON steals away to live quietly among stalactites and stalagmites deep in caverns.",50,50,50,50,50,50,1.0,2.0,1.0,1.0,1.0,0.5,2.0,1.0,1.0,1.0,1.0,1.0,2.0,1.0,1.0,2.0,1.0,1.0,https://raw.githubusercontent.com/PokeAPI/cries/main/cries/pokemon/latest/361.ogg,https://raw.githubusercontent.com/PokeAPI/sprites/master/sprites/pokemon/361.png,https://raw.githubusercontent.com/PokeAPI/sprites/master/sprites/pokemon/shiny/361.png
362,glalie,Face Pokemon,Generation-iii,False,False,ice,1.5,256.5,"Inner focus, Ice body, Moody (Hidden)",Cave,Snorunt,"GLALIE has a body made of rock, which it hardens with an armor of ice. This POKeMON has the ability to freeze moisture in the atmosphere into any shape it desires.",80,80,80,80,80,80,1.0,2.0,1.0,1.0,1.0,0.5,2.0,1.0,1.0,1.0,1.0,1.0,2.0,1.0,1.0,2.0,1.0,1.0,https://raw.githubusercontent.com/PokeAPI/cries/main/cries/pokemon/latest/362.ogg,https://raw.githubusercontent.com/PokeAPI/sprites/master/sprites/pokemon/362.png,https://raw.githubusercontent.com/PokeAPI/sprites/master/sprites/pokemon/shiny/362.png
363,spheal,Clap Pokemon,Generation-iii,False,False,"ice, water",0.8,39.5,"Thick fat, Ice body, Oblivious (Hidden)",Sea,None,"SPHEAL is much faster rolling than  walking to get around. When groups of this POKeMON eat, they all clap at once to show their pleasure. Because of this, their mealtimes are noisy.",70,40,50,55,50,25,1.0,1.0,0.5,2.0,2.0,0.25,2.0,1.0,1.0,1.0,1.0,1.0,2.0,1.0,1.0,1.0,1.0,1.0,https://raw.githubusercontent.com/PokeAPI/cries/main/cries/pokemon/latest/363.ogg,https://raw.githubusercontent.com/PokeAPI/sprites/master/sprites/pokemon/363.png,https://raw.githubusercontent.com/PokeAPI/sprites/master/sprites/pokemon/shiny/363.png
364,sealeo,Ball Roll Pokemon,Generation-iii,False,False,"ice, water",1.1,87.6,"Thick fat, Ice body, Oblivious (Hidden)",Sea,Spheal,SEALEO has the habit of always juggling on the tip of its nose anything it sees for the first time. This POKeMON occasionally entertains itself by balancing and rolling a SPHEAL on its nose.,90,60,70,75,70,45,1.0,1.0,0.5,2.0,2.0,0.25,2.0,1.0,1.0,1.0,1.0,1.0,2.0,1.0,1.0,1.0,1.0,1.0,https://raw.githubusercontent.com/PokeAPI/cries/main/cries/pokemon/latest/364.ogg,https://raw.githubusercontent.com/PokeAPI/sprites/master/sprites/pokemon/364.png,https://raw.githubusercontent.com/PokeAPI/sprites/master/sprites/pokemon/shiny/364.png
365,walrein,Ice Break Pokemon,Generation-iii,False,False,"ice, water",1.4,150.6,"Thick fat, Ice body, Oblivious (Hidden)",Sea,Sealeo,It swims through icy seas while shattering ice floes with its large tusks. It is protected by its thick blubber.,110,80,90,95,90,65,1.0,1.0,0.5,2.0,2.0,0.25,2.0,1.0,1.0,1.0,1.0,1.0,2.0,1.0,1.0,1.0,1.0,1.0,https://raw.githubusercontent.com/PokeAPI/cries/main/cries/pokemon/latest/365.ogg,https://raw.githubusercontent.com/PokeAPI/sprites/master/sprites/pokemon/365.png,https://raw.githubusercontent.com/PokeAPI/sprites/master/sprites/pokemon/shiny/365.png
366,clamperl,Bivalve Pokemon,Generation-iii,False,False,water,0.4,52.5,"Shell armor, Rattled (Hidden)",Sea,None,CLAMPERL’s sturdy shell is not only good for protection - it is also used for clamping and catching prey. A fully grown CLAMPERL’s shell will be scored with nicks and scratches all over.,35,64,85,74,55,32,1.0,0.5,0.5,2.0,2.0,0.5,1.0,1.0,1.0,1.0,1.0,1.0,1.0,1.0,1.0,0.5,1.0,1.0,https://raw.githubusercontent.com/PokeAPI/cries/main/cries/pokemon/latest/366.ogg,https://raw.githubusercontent.com/PokeAPI/sprites/master/sprites/pokemon/366.png,https://raw.githubusercontent.com/PokeAPI/sprites/master/sprites/pokemon/shiny/366.png
367,huntail,Deep Sea Pokemon,Generation-iii,False,False,water,1.7,27.0,"Swift swim, Water veil (Hidden)",Sea,Clamperl,HUNTAIL’s presence went unnoticed by people for a long time because it lives at extreme depths in the sea. This POKeMON’s eyes can see clearly even in the murky dark depths of the ocean.,55,104,105,94,75,52,1.0,0.5,0.5,2.0,2.0,0.5,1.0,1.0,1.0,1.0,1.0,1.0,1.0,1.0,1.0,0.5,1.0,1.0,https://raw.githubusercontent.com/PokeAPI/cries/main/cries/pokemon/latest/367.ogg,https://raw.githubusercontent.com/PokeAPI/sprites/master/sprites/pokemon/367.png,https://raw.githubusercontent.com/PokeAPI/sprites/master/sprites/pokemon/shiny/367.png
368,gorebyss,South Sea Pokemon,Generation-iii,False,False,water,1.8,22.6,"Swift swim, Hydration (Hidden)",Sea,Clamperl,"GOREBYSS lives in the southern seas at extreme depths. Its body is built to withstand the enormous pressure of water at incredible depths. Because of this, this POKeMON’s body is unharmed by ordinary attacks.",55,84,105,114,75,52,1.0,0.5,0.5,2.0,2.0,0.5,1.0,1.0,1.0,1.0,1.0,1.0,1.0,1.0,1.0,0.5,1.0,1.0,https://raw.githubusercontent.com/PokeAPI/cries/main/cries/pokemon/latest/368.ogg,https://raw.githubusercontent.com/PokeAPI/sprites/master/sprites/pokemon/368.png,https://raw.githubusercontent.com/PokeAPI/sprites/master/sprites/pokemon/shiny/368.png
369,relicanth,Longevity Pokemon,Generation-iii,False,False,"water, rock",1.0,23.4,"Swift swim, Rock head, Sturdy (Hidden)",Sea,None,RELICANTH is a POKeMON species that existed for a hundred million years without ever changing its form. This ancient POKeMON feeds on microscopic organisms with its toothless mouth.,100,90,130,45,65,55,0.5,0.25,1.0,2.0,4.0,0.5,2.0,0.5,2.0,0.5,1.0,1.0,1.0,1.0,1.0,1.0,1.0,1.0,https://raw.githubusercontent.com/PokeAPI/cries/main/cries/pokemon/latest/369.ogg,https://raw.githubusercontent.com/PokeAPI/sprites/master/sprites/pokemon/369.png,https://raw.githubusercontent.com/PokeAPI/sprites/master/sprites/pokemon/shiny/369.png
370,luvdisc,Rendezvous Pokemon,Generation-iii,False,False,water,0.6,8.7,"Swift swim, Hydration (Hidden)",Sea,None,LUVDISC live in shallow seas in the tropics. This heart-shaped POKeMON earned its name by swimming after loving couples it spotted in the ocean’s waves.,43,30,55,40,65,97,1.0,0.5,0.5,2.0,2.0,0.5,1.0,1.0,1.0,1.0,1.0,1.0,1.0,1.0,1.0,0.5,1.0,1.0,https://raw.githubusercontent.com/PokeAPI/cries/main/cries/pokemon/latest/370.ogg,https://raw.githubusercontent.com/PokeAPI/sprites/master/sprites/pokemon/370.png,https://raw.githubusercontent.com/PokeAPI/sprites/master/sprites/pokemon/shiny/370.png
371,bagon,Rock Head Pokemon,Generation-iii,False,False,dragon,0.6,42.1,"Rock head, Sheer force (Hidden)",Rough-terrain,None,"Dreaming of one day flying, it practices by leaping off cliffs every day.",45,75,60,40,30,50,1.0,0.5,0.5,0.5,0.5,2.0,1.0,1.0,1.0,1.0,1.0,1.0,1.0,1.0,2.0,1.0,1.0,2.0,https://raw.githubusercontent.com/PokeAPI/cries/main/cries/pokemon/latest/371.ogg,https://raw.githubusercontent.com/PokeAPI/sprites/master/sprites/pokemon/371.png,https://raw.githubusercontent.com/PokeAPI/sprites/master/sprites/pokemon/shiny/371.png
372,shelgon,Endurance Pokemon,Generation-iii,False,False,dragon,1.1,110.5,"Rock head, Overcoat (Hidden)",Rough-terrain,Bagon,"Inside SHELGON’s armor-like shell, cells are in the midst of transformation to create an entirely new body. This POKeMON’s shell is extremely heavy, making its movements sluggish.",65,95,100,60,50,50,1.0,0.5,0.5,0.5,0.5,2.0,1.0,1.0,1.0,1.0,1.0,1.0,1.0,1.0,2.0,1.0,1.0,2.0,https://raw.githubusercontent.com/PokeAPI/cries/main/cries/pokemon/latest/372.ogg,https://raw.githubusercontent.com/PokeAPI/sprites/master/sprites/pokemon/372.png,https://raw.githubusercontent.com/PokeAPI/sprites/master/sprites/pokemon/shiny/372.png
373,salamence,Dragon Pokemon,Generation-iii,False,False,"dragon, flying",1.5,102.6,"Intimidate, Moxie (Hidden)",Rough-terrain,Shelgon,"SALAMENCE came about as a result of a strong, long-held dream of growing wings. It is said that this powerful desire triggered a sudden mutation in this POKeMON’s cells, causing it to sprout its magnificent wings.",95,135,80,110,80,100,1.0,0.5,0.5,1.0,0.25,4.0,0.5,1.0,0.0,1.0,1.0,0.5,2.0,1.0,2.0,1.0,1.0,2.0,https://raw.githubusercontent.com/PokeAPI/cries/main/cries/pokemon/latest/373.ogg,https://raw.githubusercontent.com/PokeAPI/sprites/master/sprites/pokemon/373.png,https://raw.githubusercontent.com/PokeAPI/sprites/master/sprites/pokemon/shiny/373.png
374,beldum,Iron Ball Pokemon,Generation-iii,False,False,"steel, psychic",0.6,95.2,"Clear body, Light metal (Hidden)",Rough-terrain,None,"Instead of blood, a powerful magnetic force courses throughout BELDUM’s body. This POKeMON communicates with others by sending controlled pulses of magnetism.",40,55,80,35,60,30,0.5,2.0,1.0,1.0,0.5,0.5,1.0,0.0,2.0,0.5,0.25,1.0,0.5,2.0,0.5,0.5,2.0,0.5,https://raw.githubusercontent.com/PokeAPI/cries/main/cries/pokemon/latest/374.ogg,https://raw.githubusercontent.com/PokeAPI/sprites/master/sprites/pokemon/374.png,https://raw.githubusercontent.com/PokeAPI/sprites/master/sprites/pokemon/shiny/374.png
375,metang,Iron Claw Pokemon,Generation-iii,False,False,"steel, psychic",1.2,202.5,"Clear body, Light metal (Hidden)",Rough-terrain,Beldum,"When two BELDUM fuse together, METANG is formed. The brains of the BELDUM are joined by a magnetic nervous system. By linking its brains magnetically, this POKeMON generates strong psychokinetic power.",60,75,100,55,80,50,0.5,2.0,1.0,1.0,0.5,0.5,1.0,0.0,2.0,0.5,0.25,1.0,0.5,2.0,0.5,0.5,2.0,0.5,https://raw.githubusercontent.com/PokeAPI/cries/main/cries/pokemon/latest/375.ogg,https://raw.githubusercontent.com/PokeAPI/sprites/master/sprites/pokemon/375.png,https://raw.githubusercontent.com/PokeAPI/sprites/master/sprites/pokemon/shiny/375.png
376,metagross,Iron Leg Pokemon,Generation-iii,False,False,"steel, psychic",1.6,550.0,"Clear body, Light metal (Hidden)",Rough-terrain,Metang,"METAGROSS has four brains in total. Combined, the four brains can breeze through difficult calculations faster than a supercomputer. This POKeMON can float in the air by tucking in its four legs.",80,135,130,95,90,70,0.5,2.0,1.0,1.0,0.5,0.5,1.0,0.0,2.0,0.5,0.25,1.0,0.5,2.0,0.5,0.5,2.0,0.5,https://raw.githubusercontent.com/PokeAPI/cries/main/cries/pokemon/latest/376.ogg,https://raw.githubusercontent.com/PokeAPI/sprites/master/sprites/pokemon/376.png,https://raw.githubusercontent.com/PokeAPI/sprites/master/sprites/pokemon/shiny/376.png
377,regirock,Rock Peak Pokemon,Generation-iii,True,False,rock,1.7,230.0,"Clear body, Sturdy (Hidden)",Cave,None,"Its entire body is made of rock. If any part chips off in battle, it attaches rocks to repair itself.",80,100,200,50,100,50,0.5,0.5,2.0,1.0,2.0,1.0,2.0,0.5,2.0,0.5,1.0,1.0,1.0,1.0,1.0,2.0,1.0,1.0,https://raw.githubusercontent.com/PokeAPI/cries/main/cries/pokemon/latest/377.ogg,https://raw.githubusercontent.com/PokeAPI/sprites/master/sprites/pokemon/377.png,https://raw.githubusercontent.com/PokeAPI/sprites/master/sprites/pokemon/shiny/377.png
378,regice,Iceberg Pokemon,Generation-iii,True,False,ice,1.8,175.0,"Clear body, Ice body (Hidden)",Cave,None,"REGICE’s body was made during an ice age. The deep-frozen body can’t be melted, even by fire. This POKeMON controls frigid air of minus 328 degrees F.",80,50,100,100,200,50,1.0,2.0,1.0,1.0,1.0,0.5,2.0,1.0,1.0,1.0,1.0,1.0,2.0,1.0,1.0,2.0,1.0,1.0,https://raw.githubusercontent.com/PokeAPI/cries/main/cries/pokemon/latest/378.ogg,https://raw.githubusercontent.com/PokeAPI/sprites/master/sprites/pokemon/378.png,https://raw.githubusercontent.com/PokeAPI/sprites/master/sprites/pokemon/shiny/378.png
379,registeel,Iron Pokemon,Generation-iii,True,False,steel,1.9,205.0,"Clear body, Light metal (Hidden)",Cave,None,REGISTEEL has a body that is harder than any kind of metal. Its body is apparently hollow. No one has any idea what this POKeMON eats.,80,75,150,75,150,50,0.5,2.0,1.0,1.0,0.5,0.5,2.0,0.0,2.0,0.5,0.5,0.5,0.5,1.0,0.5,0.5,1.0,0.5,https://raw.githubusercontent.com/PokeAPI/cries/main/cries/pokemon/latest/379.ogg,https://raw.githubusercontent.com/PokeAPI/sprites/master/sprites/pokemon/379.png,https://raw.githubusercontent.com/PokeAPI/sprites/master/sprites/pokemon/shiny/379.png
380,latias,Eon Pokemon,Generation-iii,True,False,"dragon, psychic",1.4,40.0,Levitate,Waters-edge,None,"LATIAS is highly sensitive to the emotions of people. If it senses any hostility, this POKeMON ruffles the feathers all over its body and cries shrilly to intimidate the foe.",80,80,90,110,130,110,1.0,0.5,0.5,0.5,0.5,2.0,0.5,1.0,1.0,1.0,0.5,2.0,1.0,2.0,2.0,1.0,2.0,2.0,https://raw.githubusercontent.com/PokeAPI/cries/main/cries/pokemon/latest/380.ogg,https://raw.githubusercontent.com/PokeAPI/sprites/master/sprites/pokemon/380.png,https://raw.githubusercontent.com/PokeAPI/sprites/master/sprites/pokemon/shiny/380.png
381,latios,Eon Pokemon,Generation-iii,True,False,"dragon, psychic",2.0,60.0,Levitate,Waters-edge,None,LATIOS has the ability to make its foe see an image of what it has seen or imagines in its head. This POKeMON is intelligent and understands human speech.,80,90,80,130,110,110,1.0,0.5,0.5,0.5,0.5,2.0,0.5,1.0,1.0,1.0,0.5,2.0,1.0,2.0,2.0,1.0,2.0,2.0,https://raw.githubusercontent.com/PokeAPI/cries/main/cries/pokemon/latest/381.ogg,https://raw.githubusercontent.com/PokeAPI/sprites/master/sprites/pokemon/381.png,https://raw.githubusercontent.com/PokeAPI/sprites/master/sprites/pokemon/shiny/381.png
382,kyogre,Sea Basin Pokemon,Generation-iii,True,False,water,4.5,352.0,Drizzle,Sea,None,KYOGRE has the power to create massive rain clouds that cover the entire sky and bring about torrential downpours. This POKeMON saved people who were suffering from droughts.,100,100,90,150,140,90,1.0,0.5,0.5,2.0,2.0,0.5,1.0,1.0,1.0,1.0,1.0,1.0,1.0,1.0,1.0,0.5,1.0,1.0,https://raw.githubusercontent.com/PokeAPI/cries/main/cries/pokemon/latest/382.ogg,https://raw.githubusercontent.com/PokeAPI/sprites/master/sprites/pokemon/382.png,https://raw.githubusercontent.com/PokeAPI/sprites/master/sprites/pokemon/shiny/382.png
383,groudon,Continent Pokemon,Generation-iii,True,False,ground,3.5,950.0,Drought,Rough-terrain,None,GROUDON has long been described in  mythology as the POKeMON that raised lands and expanded continents. This POKeMON took to sleep after a cataclysmic battle with KYOGRE.,100,150,140,100,90,90,1.0,1.0,2.0,0.0,2.0,2.0,1.0,0.5,1.0,1.0,1.0,1.0,0.5,1.0,1.0,1.0,1.0,1.0,https://raw.githubusercontent.com/PokeAPI/cries/main/cries/pokemon/latest/383.ogg,https://raw.githubusercontent.com/PokeAPI/sprites/master/sprites/pokemon/383.png,https://raw.githubusercontent.com/PokeAPI/sprites/master/sprites/pokemon/shiny/383.png
384,rayquaza,Sky High Pokemon,Generation-iii,True,False,"dragon, flying",7.0,206.5,Air lock,Rare,None,"RAYQUAZA lived for hundreds of millions of years in the earth’s ozone layer,  never descending to the ground. This POKeMON appears to feed on water and particles in the atmosphere.",105,150,90,150,90,95,1.0,0.5,0.5,1.0,0.25,4.0,0.5,1.0,0.0,1.0,1.0,0.5,2.0,1.0,2.0,1.0,1.0,2.0,https://raw.githubusercontent.com/PokeAPI/cries/main/cries/pokemon/latest/384.ogg,https://raw.githubusercontent.com/PokeAPI/sprites/master/sprites/pokemon/384.png,https://raw.githubusercontent.com/PokeAPI/sprites/master/sprites/pokemon/shiny/384.png
385,jirachi,Wish Pokemon,Generation-iii,False,True,"steel, psychic",0.3,1.1,Serene grace,Mountain,None,"A legend states that JIRACHI will make true any wish that is written on notes attached to its head when it awakens. If this POKeMON senses danger, it will fight without awakening.",100,100,100,100,100,100,0.5,2.0,1.0,1.0,0.5,0.5,1.0,0.0,2.0,0.5,0.25,1.0,0.5,2.0,0.5,0.5,2.0,0.5,https://raw.githubusercontent.com/PokeAPI/cries/main/cries/pokemon/latest/385.ogg,https://raw.githubusercontent.com/PokeAPI/sprites/master/sprites/pokemon/385.png,https://raw.githubusercontent.com/PokeAPI/sprites/master/sprites/pokemon/shiny/385.png
386,deoxys-normal,DNA Pokemon,Generation-iii,False,True,psychic,1.7,60.8,Pressure,Rare,None,The DNA of a space virus underwent a sudden mutation upon exposure to a laser beam and resulted in DEOXYS. The crystalline organ on this POKeMON’s chest appears to be its brain.,50,150,50,150,50,150,1.0,1.0,1.0,1.0,1.0,1.0,0.5,1.0,1.0,1.0,0.5,2.0,1.0,2.0,1.0,1.0,2.0,1.0,https://raw.githubusercontent.com/PokeAPI/cries/main/cries/pokemon/latest/386.ogg,https://raw.githubusercontent.com/PokeAPI/sprites/master/sprites/pokemon/386.png,https://raw.githubusercontent.com/PokeAPI/sprites/master/sprites/pokemon/shiny/386.png
387,turtwig,Tiny Leaf Pokemon,Generation-iv,False,False,grass,0.4,10.2,"Overgrow, Shell armor (Hidden)",Unknown Habitat,None,"Made from soil, the shell on its back hardens when it drinks water. It lives along lakes.",55,68,64,45,55,31,1.0,2.0,0.5,0.5,0.5,2.0,1.0,2.0,0.5,2.0,1.0,2.0,1.0,1.0,1.0,1.0,1.0,1.0,https://raw.githubusercontent.com/PokeAPI/cries/main/cries/pokemon/latest/387.ogg,https://raw.githubusercontent.com/PokeAPI/sprites/master/sprites/pokemon/387.png,https://raw.githubusercontent.com/PokeAPI/sprites/master/sprites/pokemon/shiny/387.png
388,grotle,Grove Pokemon,Generation-iv,False,False,grass,1.1,97.0,"Overgrow, Shell armor (Hidden)",Unknown Habitat,Turtwig,It knows where pure water wells up. It carries fellow Pokemon there on its back.,75,89,85,55,65,36,1.0,2.0,0.5,0.5,0.5,2.0,1.0,2.0,0.5,2.0,1.0,2.0,1.0,1.0,1.0,1.0,1.0,1.0,https://raw.githubusercontent.com/PokeAPI/cries/main/cries/pokemon/latest/388.ogg,https://raw.githubusercontent.com/PokeAPI/sprites/master/sprites/pokemon/388.png,https://raw.githubusercontent.com/PokeAPI/sprites/master/sprites/pokemon/shiny/388.png
389,torterra,Continent Pokemon,Generation-iv,False,False,"grass, ground",2.2,310.0,"Overgrow, Shell armor (Hidden)",Unknown Habitat,Grotle,Small Pokemon occasionally gather on its unmoving back to begin building their nests.,95,109,105,75,85,56,1.0,2.0,1.0,0.0,1.0,4.0,1.0,1.0,0.5,2.0,1.0,2.0,0.5,1.0,1.0,1.0,1.0,1.0,https://raw.githubusercontent.com/PokeAPI/cries/main/cries/pokemon/latest/389.ogg,https://raw.githubusercontent.com/PokeAPI/sprites/master/sprites/pokemon/389.png,https://raw.githubusercontent.com/PokeAPI/sprites/master/sprites/pokemon/shiny/389.png
390,chimchar,Chimp Pokemon,Generation-iv,False,False,fire,0.5,6.2,"Blaze, Iron fist (Hidden)",Unknown Habitat,None,It agilely scales sheer cliffs to live atop craggy mountains. Its fire is put out when it sleeps.,44,58,44,58,44,61,1.0,0.5,2.0,1.0,0.5,0.5,1.0,1.0,2.0,1.0,1.0,0.5,2.0,1.0,1.0,0.5,1.0,0.5,https://raw.githubusercontent.com/PokeAPI/cries/main/cries/pokemon/latest/390.ogg,https://raw.githubusercontent.com/PokeAPI/sprites/master/sprites/pokemon/390.png,https://raw.githubusercontent.com/PokeAPI/sprites/master/sprites/pokemon/shiny/390.png
391,monferno,Playful Pokemon,Generation-iv,False,False,"fire, fighting",0.9,22.0,"Blaze, Iron fist (Hidden)",Unknown Habitat,Chimchar,"To intimidate attackers, it stretches the fire on its tail to make itself appear bigger.",64,78,52,78,52,81,1.0,0.5,2.0,1.0,0.5,0.5,1.0,1.0,2.0,2.0,2.0,0.25,1.0,1.0,1.0,0.5,0.5,1.0,https://raw.githubusercontent.com/PokeAPI/cries/main/cries/pokemon/latest/391.ogg,https://raw.githubusercontent.com/PokeAPI/sprites/master/sprites/pokemon/391.png,https://raw.githubusercontent.com/PokeAPI/sprites/master/sprites/pokemon/shiny/391.png
392,infernape,Flame Pokemon,Generation-iv,False,False,"fire, fighting",1.2,55.0,"Blaze, Iron fist (Hidden)",Unknown Habitat,Monferno,It uses a special kind of martial arts involving all its limbs. Its fire never goes out.,76,104,71,104,71,108,1.0,0.5,2.0,1.0,0.5,0.5,1.0,1.0,2.0,2.0,2.0,0.25,1.0,1.0,1.0,0.5,0.5,1.0,https://raw.githubusercontent.com/PokeAPI/cries/main/cries/pokemon/latest/392.ogg,https://raw.githubusercontent.com/PokeAPI/sprites/master/sprites/pokemon/392.png,https://raw.githubusercontent.com/PokeAPI/sprites/master/sprites/pokemon/shiny/392.png
393,piplup,Penguin Pokemon,Generation-iv,False,False,water,0.4,5.2,"Torrent, Competitive (Hidden)",Unknown Habitat,None,"Because it is very proud, it hates accepting food from people. Its thick down guards it from cold.",53,51,53,61,56,40,1.0,0.5,0.5,2.0,2.0,0.5,1.0,1.0,1.0,1.0,1.0,1.0,1.0,1.0,1.0,0.5,1.0,1.0,https://raw.githubusercontent.com/PokeAPI/cries/main/cries/pokemon/latest/393.ogg,https://raw.githubusercontent.com/PokeAPI/sprites/master/sprites/pokemon/393.png,https://raw.githubusercontent.com/PokeAPI/sprites/master/sprites/pokemon/shiny/393.png
394,prinplup,Penguin Pokemon,Generation-iv,False,False,water,0.8,23.0,"Torrent, Competitive (Hidden)",Unknown Habitat,Piplup,"It lives alone, away from others. Apparently, every one of them believes it is the most important.",64,66,68,81,76,50,1.0,0.5,0.5,2.0,2.0,0.5,1.0,1.0,1.0,1.0,1.0,1.0,1.0,1.0,1.0,0.5,1.0,1.0,https://raw.githubusercontent.com/PokeAPI/cries/main/cries/pokemon/latest/394.ogg,https://raw.githubusercontent.com/PokeAPI/sprites/master/sprites/pokemon/394.png,https://raw.githubusercontent.com/PokeAPI/sprites/master/sprites/pokemon/shiny/394.png
395,empoleon,Emperor Pokemon,Generation-iv,False,False,"water, steel",1.7,84.5,"Torrent, Competitive (Hidden)",Unknown Habitat,Prinplup,The three horns that extend from its beak attest to its power. The leader has the biggest horns.,84,86,88,111,101,60,0.5,1.0,0.5,2.0,1.0,0.25,2.0,0.0,2.0,0.5,0.5,0.5,0.5,1.0,0.5,0.25,1.0,0.5,https://raw.githubusercontent.com/PokeAPI/cries/main/cries/pokemon/latest/395.ogg,https://raw.githubusercontent.com/PokeAPI/sprites/master/sprites/pokemon/395.png,https://raw.githubusercontent.com/PokeAPI/sprites/master/sprites/pokemon/shiny/395.png
396,starly,Starling Pokemon,Generation-iv,False,False,"normal, flying",0.3,2.0,"Keen eye, Reckless (Hidden)",Unknown Habitat,None,"They flock in great numbers. Though small, they flap their wings with great power.",40,55,30,30,30,60,1.0,1.0,1.0,2.0,0.5,2.0,1.0,1.0,0.0,1.0,1.0,0.5,2.0,0.0,1.0,1.0,1.0,1.0,https://raw.githubusercontent.com/PokeAPI/cries/main/cries/pokemon/latest/396.ogg,https://raw.githubusercontent.com/PokeAPI/sprites/master/sprites/pokemon/396.png,https://raw.githubusercontent.com/PokeAPI/sprites/master/sprites/pokemon/shiny/396.png
397,staravia,Starling Pokemon,Generation-iv,False,False,"normal, flying",0.6,15.5,"Intimidate, Reckless (Hidden)",Unknown Habitat,Starly,It flies around forests and fields in search of bug Pokemon. It stays within a huge flock.,55,75,50,40,40,80,1.0,1.0,1.0,2.0,0.5,2.0,1.0,1.0,0.0,1.0,1.0,0.5,2.0,0.0,1.0,1.0,1.0,1.0,https://raw.githubusercontent.com/PokeAPI/cries/main/cries/pokemon/latest/397.ogg,https://raw.githubusercontent.com/PokeAPI/sprites/master/sprites/pokemon/397.png,https://raw.githubusercontent.com/PokeAPI/sprites/master/sprites/pokemon/shiny/397.png
398,staraptor,Predator Pokemon,Generation-iv,False,False,"normal, flying",1.2,24.9,"Intimidate, Reckless (Hidden)",Unknown Habitat,Staravia,It has a savage nature. It will courageously challenge foes that are much larger.,85,120,70,50,60,100,1.0,1.0,1.0,2.0,0.5,2.0,1.0,1.0,0.0,1.0,1.0,0.5,2.0,0.0,1.0,1.0,1.0,1.0,https://raw.githubusercontent.com/PokeAPI/cries/main/cries/pokemon/latest/398.ogg,https://raw.githubusercontent.com/PokeAPI/sprites/master/sprites/pokemon/398.png,https://raw.githubusercontent.com/PokeAPI/sprites/master/sprites/pokemon/shiny/398.png
399,bidoof,Plump Mouse Pokemon,Generation-iv,False,False,normal,0.5,20.0,"Simple, Unaware, Moody (Hidden)",Unknown Habitat,None,"With nerves of steel, nothing can perturb it. It is more agile and active than it appears.",59,45,40,35,40,31,1.0,1.0,1.0,1.0,1.0,1.0,2.0,1.0,1.0,1.0,1.0,1.0,1.0,0.0,1.0,1.0,1.0,1.0,https://raw.githubusercontent.com/PokeAPI/cries/main/cries/pokemon/latest/399.ogg,https://raw.githubusercontent.com/PokeAPI/sprites/master/sprites/pokemon/399.png,https://raw.githubusercontent.com/PokeAPI/sprites/master/sprites/pokemon/shiny/399.png
400,bibarel,Beaver Pokemon,Generation-iv,False,False,"normal, water",1.0,31.5,"Simple, Unaware, Moody (Hidden)",Unknown Habitat,Bidoof,It makes its nest by damming streams with bark and mud. It is known as an industrious worker.,79,85,60,55,60,71,1.0,0.5,0.5,2.0,2.0,0.5,2.0,1.0,1.0,1.0,1.0,1.0,1.0,0.0,1.0,0.5,1.0,1.0,https://raw.githubusercontent.com/PokeAPI/cries/main/cries/pokemon/latest/400.ogg,https://raw.githubusercontent.com/PokeAPI/sprites/master/sprites/pokemon/400.png,https://raw.githubusercontent.com/PokeAPI/sprites/master/sprites/pokemon/shiny/400.png
401,kricketot,Cricket Pokemon,Generation-iv,False,False,bug,0.3,2.2,"Shed skin, Run away (Hidden)",Unknown Habitat,None,"It shakes its head back to front, causing its antennae to hit each other and sound like a xylophone.",37,25,41,25,41,25,1.0,2.0,1.0,1.0,0.5,1.0,0.5,1.0,0.5,2.0,1.0,1.0,2.0,1.0,1.0,1.0,1.0,1.0,https://raw.githubusercontent.com/PokeAPI/cries/main/cries/pokemon/latest/401.ogg,https://raw.githubusercontent.com/PokeAPI/sprites/master/sprites/pokemon/401.png,https://raw.githubusercontent.com/PokeAPI/sprites/master/sprites/pokemon/shiny/401.png
402,kricketune,Cricket Pokemon,Generation-iv,False,False,bug,1.0,25.5,"Swarm, Technician (Hidden)",Unknown Habitat,Kricketot,It crosses its knifelike arms in front of its chest when it cries. It can compose melodies ad lib.,77,85,51,55,51,65,1.0,2.0,1.0,1.0,0.5,1.0,0.5,1.0,0.5,2.0,1.0,1.0,2.0,1.0,1.0,1.0,1.0,1.0,https://raw.githubusercontent.com/PokeAPI/cries/main/cries/pokemon/latest/402.ogg,https://raw.githubusercontent.com/PokeAPI/sprites/master/sprites/pokemon/402.png,https://raw.githubusercontent.com/PokeAPI/sprites/master/sprites/pokemon/shiny/402.png
403,shinx,Flash Pokemon,Generation-iv,False,False,electric,0.5,9.5,"Rivalry, Intimidate, Guts (Hidden)",Unknown Habitat,None,All of its fur dazzles if danger is sensed. It flees while the foe is momentarily blinded.,45,65,34,40,34,45,1.0,1.0,1.0,0.5,1.0,1.0,1.0,1.0,2.0,0.5,1.0,1.0,1.0,1.0,1.0,0.5,1.0,1.0,https://raw.githubusercontent.com/PokeAPI/cries/main/cries/pokemon/latest/403.ogg,https://raw.githubusercontent.com/PokeAPI/sprites/master/sprites/pokemon/403.png,https://raw.githubusercontent.com/PokeAPI/sprites/master/sprites/pokemon/shiny/403.png
404,luxio,Spark Pokemon,Generation-iv,False,False,electric,0.9,30.5,"Rivalry, Intimidate, Guts (Hidden)",Unknown Habitat,Shinx,Its claws loose electricity with enough amperage to cause fainting. They live in small groups.,60,85,49,60,49,60,1.0,1.0,1.0,0.5,1.0,1.0,1.0,1.0,2.0,0.5,1.0,1.0,1.0,1.0,1.0,0.5,1.0,1.0,https://raw.githubusercontent.com/PokeAPI/cries/main/cries/pokemon/latest/404.ogg,https://raw.githubusercontent.com/PokeAPI/sprites/master/sprites/pokemon/404.png,https://raw.githubusercontent.com/PokeAPI/sprites/master/sprites/pokemon/shiny/404.png
405,luxray,Gleam Eyes Pokemon,Generation-iv,False,False,electric,1.4,42.0,"Rivalry, Intimidate, Guts (Hidden)",Unknown Habitat,Luxio,It has eyes that can see through anything. It spots and captures prey hiding behind objects.,80,120,79,95,79,70,1.0,1.0,1.0,0.5,1.0,1.0,1.0,1.0,2.0,0.5,1.0,1.0,1.0,1.0,1.0,0.5,1.0,1.0,https://raw.githubusercontent.com/PokeAPI/cries/main/cries/pokemon/latest/405.ogg,https://raw.githubusercontent.com/PokeAPI/sprites/master/sprites/pokemon/405.png,https://raw.githubusercontent.com/PokeAPI/sprites/master/sprites/pokemon/shiny/405.png
406,budew,Bud Pokemon,Generation-iv,False,False,"grass, poison",0.2,1.2,"Natural cure, Poison point, Leaf guard (Hidden)",Unknown Habitat,None,"Over the winter, it closes its bud and endures the cold. In spring, the bud opens and releases pollen.",40,30,35,50,70,55,1.0,2.0,0.5,0.5,0.25,2.0,0.5,1.0,1.0,2.0,2.0,1.0,1.0,1.0,1.0,1.0,1.0,0.5,https://raw.githubusercontent.com/PokeAPI/cries/main/cries/pokemon/latest/406.ogg,https://raw.githubusercontent.com/PokeAPI/sprites/master/sprites/pokemon/406.png,https://raw.githubusercontent.com/PokeAPI/sprites/master/sprites/pokemon/shiny/406.png
407,roserade,Bouquet Pokemon,Generation-iv,False,False,"grass, poison",0.9,14.5,"Natural cure, Poison point, Technician (Hidden)",Unknown Habitat,Roselia,"It attracts prey with a sweet aroma, then downs it with thorny whips hidden in its arms.",60,70,65,125,105,90,1.0,2.0,0.5,0.5,0.25,2.0,0.5,1.0,1.0,2.0,2.0,1.0,1.0,1.0,1.0,1.0,1.0,0.5,https://raw.githubusercontent.com/PokeAPI/cries/main/cries/pokemon/latest/407.ogg,https://raw.githubusercontent.com/PokeAPI/sprites/master/sprites/pokemon/407.png,https://raw.githubusercontent.com/PokeAPI/sprites/master/sprites/pokemon/shiny/407.png
408,cranidos,Head Butt Pokemon,Generation-iv,False,False,rock,0.9,31.5,"Mold breaker, Sheer force (Hidden)",Unknown Habitat,None,It lived in jungles around 100 million years ago. Its skull is as hard as iron.,67,125,40,30,30,58,0.5,0.5,2.0,1.0,2.0,1.0,2.0,0.5,2.0,0.5,1.0,1.0,1.0,1.0,1.0,2.0,1.0,1.0,https://raw.githubusercontent.com/PokeAPI/cries/main/cries/pokemon/latest/408.ogg,https://raw.githubusercontent.com/PokeAPI/sprites/master/sprites/pokemon/408.png,https://raw.githubusercontent.com/PokeAPI/sprites/master/sprites/pokemon/shiny/408.png
409,rampardos,Head Butt Pokemon,Generation-iv,False,False,rock,1.6,102.5,"Mold breaker, Sheer force (Hidden)",Unknown Habitat,Cranidos,Its powerful head butt has enough power to shatter even the most durable things upon impact.,97,165,60,65,50,58,0.5,0.5,2.0,1.0,2.0,1.0,2.0,0.5,2.0,0.5,1.0,1.0,1.0,1.0,1.0,2.0,1.0,1.0,https://raw.githubusercontent.com/PokeAPI/cries/main/cries/pokemon/latest/409.ogg,https://raw.githubusercontent.com/PokeAPI/sprites/master/sprites/pokemon/409.png,https://raw.githubusercontent.com/PokeAPI/sprites/master/sprites/pokemon/shiny/409.png
410,shieldon,Shield Pokemon,Generation-iv,False,False,"rock, steel",0.5,57.0,"Sturdy, Soundproof (Hidden)",Unknown Habitat,None,A Pokemon that lived in jungles around 100 million years ago. Its facial hide is extremely hard.,30,42,118,42,88,30,0.25,1.0,2.0,1.0,1.0,0.5,4.0,0.0,4.0,0.25,0.5,0.5,0.5,1.0,0.5,1.0,1.0,0.5,https://raw.githubusercontent.com/PokeAPI/cries/main/cries/pokemon/latest/410.ogg,https://raw.githubusercontent.com/PokeAPI/sprites/master/sprites/pokemon/410.png,https://raw.githubusercontent.com/PokeAPI/sprites/master/sprites/pokemon/shiny/410.png
411,bastiodon,Shield Pokemon,Generation-iv,False,False,"rock, steel",1.3,149.5,"Sturdy, Soundproof (Hidden)",Unknown Habitat,Shieldon,Any frontal attack is repulsed. It is a docile Pokemon that feeds on grass and berries.,60,52,168,47,138,30,0.25,1.0,2.0,1.0,1.0,0.5,4.0,0.0,4.0,0.25,0.5,0.5,0.5,1.0,0.5,1.0,1.0,0.5,https://raw.githubusercontent.com/PokeAPI/cries/main/cries/pokemon/latest/411.ogg,https://raw.githubusercontent.com/PokeAPI/sprites/master/sprites/pokemon/411.png,https://raw.githubusercontent.com/PokeAPI/sprites/master/sprites/pokemon/shiny/411.png
412,burmy,Bagworm Pokemon,Generation-iv,False,False,bug,0.2,3.4,"Shed skin, Overcoat (Hidden)",Unknown Habitat,None,"To shelter itself from cold, wintry winds, it covers itself with a cloak made of twigs and leaves.",40,29,45,29,45,36,1.0,2.0,1.0,1.0,0.5,1.0,0.5,1.0,0.5,2.0,1.0,1.0,2.0,1.0,1.0,1.0,1.0,1.0,https://raw.githubusercontent.com/PokeAPI/cries/main/cries/pokemon/latest/412.ogg,https://raw.githubusercontent.com/PokeAPI/sprites/master/sprites/pokemon/412.png,https://raw.githubusercontent.com/PokeAPI/sprites/master/sprites/pokemon/shiny/412.png
413,wormadam-plant,Bagworm Pokemon,Generation-iv,False,False,"bug, grass",0.5,6.5,"Anticipation, Overcoat (Hidden)",Unknown Habitat,Burmy,"When BURMY evolved, its cloak became a part of this Pokemon’s body. The cloak is never shed.",60,59,85,79,105,36,1.0,4.0,0.5,0.5,0.25,2.0,0.5,2.0,0.25,4.0,1.0,2.0,2.0,1.0,1.0,1.0,1.0,1.0,https://raw.githubusercontent.com/PokeAPI/cries/main/cries/pokemon/latest/413.ogg,https://raw.githubusercontent.com/PokeAPI/sprites/master/sprites/pokemon/413.png,https://raw.githubusercontent.com/PokeAPI/sprites/master/sprites/pokemon/shiny/413.png
414,mothim,Moth Pokemon,Generation-iv,False,False,"bug, flying",0.9,23.3,"Swarm, Tinted lens (Hidden)",Unknown Habitat,Burmy,It loves the honey of flowers and steals honey collected by COMBEE.,70,94,50,94,50,66,1.0,2.0,1.0,2.0,0.25,2.0,0.25,1.0,0.0,2.0,1.0,0.5,4.0,1.0,1.0,1.0,1.0,1.0,https://raw.githubusercontent.com/PokeAPI/cries/main/cries/pokemon/latest/414.ogg,https://raw.githubusercontent.com/PokeAPI/sprites/master/sprites/pokemon/414.png,https://raw.githubusercontent.com/PokeAPI/sprites/master/sprites/pokemon/shiny/414.png
415,combee,Tiny Bee Pokemon,Generation-iv,False,False,"bug, flying",0.3,5.5,"Honey gather, Hustle (Hidden)",Unknown Habitat,None,A Pokemon formed by three others. It busily carries sweet floral honey to VESPIQUEN.,30,30,42,30,42,70,1.0,2.0,1.0,2.0,0.25,2.0,0.25,1.0,0.0,2.0,1.0,0.5,4.0,1.0,1.0,1.0,1.0,1.0,https://raw.githubusercontent.com/PokeAPI/cries/main/cries/pokemon/latest/415.ogg,https://raw.githubusercontent.com/PokeAPI/sprites/master/sprites/pokemon/415.png,https://raw.githubusercontent.com/PokeAPI/sprites/master/sprites/pokemon/shiny/415.png
416,vespiquen,Beehive Pokemon,Generation-iv,False,False,"bug, flying",1.2,38.5,"Pressure, Unnerve (Hidden)",Unknown Habitat,Combee,Its abdomen is a honeycomb for grubs. It raises its grubs on honey collected by COMBEE.,70,80,102,80,102,40,1.0,2.0,1.0,2.0,0.25,2.0,0.25,1.0,0.0,2.0,1.0,0.5,4.0,1.0,1.0,1.0,1.0,1.0,https://raw.githubusercontent.com/PokeAPI/cries/main/cries/pokemon/latest/416.ogg,https://raw.githubusercontent.com/PokeAPI/sprites/master/sprites/pokemon/416.png,https://raw.githubusercontent.com/PokeAPI/sprites/master/sprites/pokemon/shiny/416.png
417,pachirisu,EleSquirrel Pokemon,Generation-iv,False,False,electric,0.4,3.9,"Run away, Pickup, Volt absorb (Hidden)",Unknown Habitat,None,It makes fur balls that crackle with static electricity. It stores them with berries in tree holes.,60,45,70,45,90,95,1.0,1.0,1.0,0.5,1.0,1.0,1.0,1.0,2.0,0.5,1.0,1.0,1.0,1.0,1.0,0.5,1.0,1.0,https://raw.githubusercontent.com/PokeAPI/cries/main/cries/pokemon/latest/417.ogg,https://raw.githubusercontent.com/PokeAPI/sprites/master/sprites/pokemon/417.png,https://raw.githubusercontent.com/PokeAPI/sprites/master/sprites/pokemon/shiny/417.png
418,buizel,Sea Weasel Pokemon,Generation-iv,False,False,water,0.7,29.5,"Swift swim, Water veil (Hidden)",Unknown Habitat,None,It has a flotation sac that is like an inflatable collar. It floats on water with its head out.,55,65,35,60,30,85,1.0,0.5,0.5,2.0,2.0,0.5,1.0,1.0,1.0,1.0,1.0,1.0,1.0,1.0,1.0,0.5,1.0,1.0,https://raw.githubusercontent.com/PokeAPI/cries/main/cries/pokemon/latest/418.ogg,https://raw.githubusercontent.com/PokeAPI/sprites/master/sprites/pokemon/418.png,https://raw.githubusercontent.com/PokeAPI/sprites/master/sprites/pokemon/shiny/418.png
419,floatzel,Sea Weasel Pokemon,Generation-iv,False,False,water,1.1,33.5,"Swift swim, Water veil (Hidden)",Unknown Habitat,Buizel,It floats using its well-developed flotation sac. It assists in the rescues of drowning people.,85,105,55,85,50,115,1.0,0.5,0.5,2.0,2.0,0.5,1.0,1.0,1.0,1.0,1.0,1.0,1.0,1.0,1.0,0.5,1.0,1.0,https://raw.githubusercontent.com/PokeAPI/cries/main/cries/pokemon/latest/419.ogg,https://raw.githubusercontent.com/PokeAPI/sprites/master/sprites/pokemon/419.png,https://raw.githubusercontent.com/PokeAPI/sprites/master/sprites/pokemon/shiny/419.png
420,cherubi,Cherry Pokemon,Generation-iv,False,False,grass,0.4,3.3,Chlorophyll,Unknown Habitat,None,"The small ball holds the nutrients needed for evolution. Apparently, it is very sweet and tasty.",45,35,45,62,53,35,1.0,2.0,0.5,0.5,0.5,2.0,1.0,2.0,0.5,2.0,1.0,2.0,1.0,1.0,1.0,1.0,1.0,1.0,https://raw.githubusercontent.com/PokeAPI/cries/main/cries/pokemon/latest/420.ogg,https://raw.githubusercontent.com/PokeAPI/sprites/master/sprites/pokemon/420.png,https://raw.githubusercontent.com/PokeAPI/sprites/master/sprites/pokemon/shiny/420.png
421,cherrim,Blossom Pokemon,Generation-iv,False,False,grass,0.5,9.3,Flower gift,Unknown Habitat,Cherubi,It blooms during times of strong sunlight. It tries to make up for everything it endured as a bud.,70,60,70,87,78,85,1.0,2.0,0.5,0.5,0.5,2.0,1.0,2.0,0.5,2.0,1.0,2.0,1.0,1.0,1.0,1.0,1.0,1.0,https://raw.githubusercontent.com/PokeAPI/cries/main/cries/pokemon/latest/421.ogg,https://raw.githubusercontent.com/PokeAPI/sprites/master/sprites/pokemon/421.png,https://raw.githubusercontent.com/PokeAPI/sprites/master/sprites/pokemon/shiny/421.png
422,shellos,Sea Slug Pokemon,Generation-iv,False,False,water,0.3,6.3,"Sticky hold, Storm drain, Sand force (Hidden)",Unknown Habitat,None,"Its colors and shapes differ from region to region. In the Sinnoh region, two types are confirmed.",76,48,48,57,62,34,1.0,0.5,0.5,2.0,2.0,0.5,1.0,1.0,1.0,1.0,1.0,1.0,1.0,1.0,1.0,0.5,1.0,1.0,https://raw.githubusercontent.com/PokeAPI/cries/main/cries/pokemon/latest/422.ogg,https://raw.githubusercontent.com/PokeAPI/sprites/master/sprites/pokemon/422.png,https://raw.githubusercontent.com/PokeAPI/sprites/master/sprites/pokemon/shiny/422.png
423,gastrodon,Sea Slug Pokemon,Generation-iv,False,False,"water, ground",0.9,29.9,"Sticky hold, Storm drain, Sand force (Hidden)",Unknown Habitat,Shellos,"It has a pliable body without any bones. If any part of its body is torn off, it grows right back.",111,83,68,92,82,39,1.0,0.5,1.0,0.0,4.0,1.0,1.0,0.5,1.0,1.0,1.0,1.0,0.5,1.0,1.0,0.5,1.0,1.0,https://raw.githubusercontent.com/PokeAPI/cries/main/cries/pokemon/latest/423.ogg,https://raw.githubusercontent.com/PokeAPI/sprites/master/sprites/pokemon/423.png,https://raw.githubusercontent.com/PokeAPI/sprites/master/sprites/pokemon/shiny/423.png
424,ambipom,Long Tail Pokemon,Generation-iv,False,False,normal,1.2,20.3,"Technician, Pickup, Skill link (Hidden)",Unknown Habitat,Aipom,"To eat, it deftly shucks nuts with its two tails. It rarely uses its arms now.",75,100,66,60,66,115,1.0,1.0,1.0,1.0,1.0,1.0,2.0,1.0,1.0,1.0,1.0,1.0,1.0,0.0,1.0,1.0,1.0,1.0,https://raw.githubusercontent.com/PokeAPI/cries/main/cries/pokemon/latest/424.ogg,https://raw.githubusercontent.com/PokeAPI/sprites/master/sprites/pokemon/424.png,https://raw.githubusercontent.com/PokeAPI/sprites/master/sprites/pokemon/shiny/424.png
425,drifloon,Balloon Pokemon,Generation-iv,False,False,"ghost, flying",0.4,1.2,"Aftermath, Unburden, Flare boost (Hidden)",Unknown Habitat,None,"A Pokemon formed by the spirits of people and Pokemon. It loves damp, humid seasons.",90,50,34,60,44,70,0.0,1.0,1.0,2.0,0.5,2.0,0.0,0.5,0.0,1.0,1.0,0.25,2.0,2.0,1.0,1.0,2.0,1.0,https://raw.githubusercontent.com/PokeAPI/cries/main/cries/pokemon/latest/425.ogg,https://raw.githubusercontent.com/PokeAPI/sprites/master/sprites/pokemon/425.png,https://raw.githubusercontent.com/PokeAPI/sprites/master/sprites/pokemon/shiny/425.png
426,drifblim,Blimp Pokemon,Generation-iv,False,False,"ghost, flying",1.2,15.0,"Aftermath, Unburden, Flare boost (Hidden)",Unknown Habitat,Drifloon,"At dusk, swarms of them are carried aloft on winds. When noticed, they suddenly vanish.",150,80,44,90,54,80,0.0,1.0,1.0,2.0,0.5,2.0,0.0,0.5,0.0,1.0,1.0,0.25,2.0,2.0,1.0,1.0,2.0,1.0,https://raw.githubusercontent.com/PokeAPI/cries/main/cries/pokemon/latest/426.ogg,https://raw.githubusercontent.com/PokeAPI/sprites/master/sprites/pokemon/426.png,https://raw.githubusercontent.com/PokeAPI/sprites/master/sprites/pokemon/shiny/426.png
427,buneary,Rabbit Pokemon,Generation-iv,False,False,normal,0.4,5.5,"Run away, Klutz, Limber (Hidden)",Unknown Habitat,None,It slams foes by sharply uncoiling its rolled ears. It stings enough to make a grown-up cry in pain.,55,66,44,44,56,85,1.0,1.0,1.0,1.0,1.0,1.0,2.0,1.0,1.0,1.0,1.0,1.0,1.0,0.0,1.0,1.0,1.0,1.0,https://raw.githubusercontent.com/PokeAPI/cries/main/cries/pokemon/latest/427.ogg,https://raw.githubusercontent.com/PokeAPI/sprites/master/sprites/pokemon/427.png,https://raw.githubusercontent.com/PokeAPI/sprites/master/sprites/pokemon/shiny/427.png
428,lopunny,Rabbit Pokemon,Generation-iv,False,False,normal,1.2,33.3,"Cute charm, Klutz, Limber (Hidden)",Unknown Habitat,Buneary,An extremely cautious Pokemon. It cloaks its body with its fluffy ear fur when it senses danger.,65,76,84,54,96,105,1.0,1.0,1.0,1.0,1.0,1.0,2.0,1.0,1.0,1.0,1.0,1.0,1.0,0.0,1.0,1.0,1.0,1.0,https://raw.githubusercontent.com/PokeAPI/cries/main/cries/pokemon/latest/428.ogg,https://raw.githubusercontent.com/PokeAPI/sprites/master/sprites/pokemon/428.png,https://raw.githubusercontent.com/PokeAPI/sprites/master/sprites/pokemon/shiny/428.png
429,mismagius,Magical Pokemon,Generation-iv,False,False,ghost,0.9,4.4,Levitate,Unknown Habitat,Misdreavus,Its cries sound like incantations. Those hearing it are tormented by headaches and hallucinations.,60,60,60,105,105,105,0.0,1.0,1.0,1.0,1.0,1.0,0.0,0.5,1.0,1.0,1.0,0.5,1.0,2.0,1.0,1.0,2.0,1.0,https://raw.githubusercontent.com/PokeAPI/cries/main/cries/pokemon/latest/429.ogg,https://raw.githubusercontent.com/PokeAPI/sprites/master/sprites/pokemon/429.png,https://raw.githubusercontent.com/PokeAPI/sprites/master/sprites/pokemon/shiny/429.png
430,honchkrow,Big Boss Pokemon,Generation-iv,False,False,"dark, flying",0.9,27.3,"Insomnia, Super luck, Moxie (Hidden)",Unknown Habitat,Murkrow,"Becoming active at night, it is known to swarm with numerous MURKROW in tow.",100,125,52,105,52,71,1.0,1.0,1.0,2.0,0.5,2.0,1.0,1.0,0.0,1.0,0.0,1.0,2.0,0.5,1.0,1.0,0.5,2.0,https://raw.githubusercontent.com/PokeAPI/cries/main/cries/pokemon/latest/430.ogg,https://raw.githubusercontent.com/PokeAPI/sprites/master/sprites/pokemon/430.png,https://raw.githubusercontent.com/PokeAPI/sprites/master/sprites/pokemon/shiny/430.png
431,glameow,Catty Pokemon,Generation-iv,False,False,normal,0.5,3.9,"Limber, Own tempo, Keen eye (Hidden)",Unknown Habitat,None,It claws if displeased and purrs when affectionate. Its fickleness is very popular among some.,49,55,42,42,37,85,1.0,1.0,1.0,1.0,1.0,1.0,2.0,1.0,1.0,1.0,1.0,1.0,1.0,0.0,1.0,1.0,1.0,1.0,https://raw.githubusercontent.com/PokeAPI/cries/main/cries/pokemon/latest/431.ogg,https://raw.githubusercontent.com/PokeAPI/sprites/master/sprites/pokemon/431.png,https://raw.githubusercontent.com/PokeAPI/sprites/master/sprites/pokemon/shiny/431.png
432,purugly,Tiger Cat Pokemon,Generation-iv,False,False,normal,1.0,43.8,"Thick fat, Own tempo, Defiant (Hidden)",Unknown Habitat,Glameow,It is a brazen brute that barges its way into another Pokemon’s nest and claims it as its own.,71,82,64,64,59,112,1.0,1.0,1.0,1.0,1.0,1.0,2.0,1.0,1.0,1.0,1.0,1.0,1.0,0.0,1.0,1.0,1.0,1.0,https://raw.githubusercontent.com/PokeAPI/cries/main/cries/pokemon/latest/432.ogg,https://raw.githubusercontent.com/PokeAPI/sprites/master/sprites/pokemon/432.png,https://raw.githubusercontent.com/PokeAPI/sprites/master/sprites/pokemon/shiny/432.png
433,chingling,Bell Pokemon,Generation-iv,False,False,psychic,0.2,0.6,Levitate,Unknown Habitat,None,It emits cries by agitating an orb at the back of its throat. It moves with flouncing hops.,45,30,50,65,50,45,1.0,1.0,1.0,1.0,1.0,1.0,0.5,1.0,1.0,1.0,0.5,2.0,1.0,2.0,1.0,1.0,2.0,1.0,https://raw.githubusercontent.com/PokeAPI/cries/main/cries/pokemon/latest/433.ogg,https://raw.githubusercontent.com/PokeAPI/sprites/master/sprites/pokemon/433.png,https://raw.githubusercontent.com/PokeAPI/sprites/master/sprites/pokemon/shiny/433.png
434,stunky,Skunk Pokemon,Generation-iv,False,False,"poison, dark",0.4,19.2,"Stench, Aftermath, Keen eye (Hidden)",Unknown Habitat,None,It protects itself by spraying a noxious fluid from its rear. The stench lingers for 24 hours.,63,63,47,41,41,74,1.0,1.0,1.0,1.0,0.5,1.0,1.0,0.5,2.0,1.0,0.0,1.0,1.0,0.5,1.0,1.0,0.5,1.0,https://raw.githubusercontent.com/PokeAPI/cries/main/cries/pokemon/latest/434.ogg,https://raw.githubusercontent.com/PokeAPI/sprites/master/sprites/pokemon/434.png,https://raw.githubusercontent.com/PokeAPI/sprites/master/sprites/pokemon/shiny/434.png
435,skuntank,Skunk Pokemon,Generation-iv,False,False,"poison, dark",1.0,38.0,"Stench, Aftermath, Keen eye (Hidden)",Unknown Habitat,Stunky,It sprays a vile-smelling fluid from the tip of its tail to attack. Its range is over 160 feet.,103,93,67,71,61,84,1.0,1.0,1.0,1.0,0.5,1.0,1.0,0.5,2.0,1.0,0.0,1.0,1.0,0.5,1.0,1.0,0.5,1.0,https://raw.githubusercontent.com/PokeAPI/cries/main/cries/pokemon/latest/435.ogg,https://raw.githubusercontent.com/PokeAPI/sprites/master/sprites/pokemon/435.png,https://raw.githubusercontent.com/PokeAPI/sprites/master/sprites/pokemon/shiny/435.png
436,bronzor,Bronze Pokemon,Generation-iv,False,False,"steel, psychic",0.5,60.5,"Levitate, Heatproof, Heavy metal (Hidden)",Unknown Habitat,None,Implements shaped like it were discovered in ancient tombs. It is unknown if they are related.,57,24,86,24,86,23,0.5,2.0,1.0,1.0,0.5,0.5,1.0,0.0,2.0,0.5,0.25,1.0,0.5,2.0,0.5,0.5,2.0,0.5,https://raw.githubusercontent.com/PokeAPI/cries/main/cries/pokemon/latest/436.ogg,https://raw.githubusercontent.com/PokeAPI/sprites/master/sprites/pokemon/436.png,https://raw.githubusercontent.com/PokeAPI/sprites/master/sprites/pokemon/shiny/436.png
437,bronzong,Bronze Bell Pokemon,Generation-iv,False,False,"steel, psychic",1.3,187.0,"Levitate, Heatproof, Heavy metal (Hidden)",Unknown Habitat,Bronzor,"One caused a news sensation when it was dug up at a construction site after a 2,000-year sleep.",67,89,116,79,116,33,0.5,2.0,1.0,1.0,0.5,0.5,1.0,0.0,2.0,0.5,0.25,1.0,0.5,2.0,0.5,0.5,2.0,0.5,https://raw.githubusercontent.com/PokeAPI/cries/main/cries/pokemon/latest/437.ogg,https://raw.githubusercontent.com/PokeAPI/sprites/master/sprites/pokemon/437.png,https://raw.githubusercontent.com/PokeAPI/sprites/master/sprites/pokemon/shiny/437.png
438,bonsly,Bonsai Pokemon,Generation-iv,False,False,rock,0.5,15.0,"Sturdy, Rock head, Rattled (Hidden)",Unknown Habitat,None,It looks as if it is always crying. It is actually adjusting its body’s fluid levels by eliminating excess.,50,80,95,10,45,10,0.5,0.5,2.0,1.0,2.0,1.0,2.0,0.5,2.0,0.5,1.0,1.0,1.0,1.0,1.0,2.0,1.0,1.0,https://raw.githubusercontent.com/PokeAPI/cries/main/cries/pokemon/latest/438.ogg,https://raw.githubusercontent.com/PokeAPI/sprites/master/sprites/pokemon/438.png,https://raw.githubusercontent.com/PokeAPI/sprites/master/sprites/pokemon/shiny/438.png
439,mime-jr,Mime Pokemon,Generation-iv,False,False,"psychic, fairy",0.6,13.0,"Soundproof, Filter, Technician (Hidden)",Unknown Habitat,None,"It habitually mimics foes. Once mimicked, the foe cannot take its eyes off this Pokemon.",20,25,45,70,90,60,1.0,1.0,1.0,1.0,1.0,1.0,0.25,2.0,1.0,1.0,0.5,1.0,1.0,2.0,0.0,2.0,1.0,1.0,https://raw.githubusercontent.com/PokeAPI/cries/main/cries/pokemon/latest/439.ogg,https://raw.githubusercontent.com/PokeAPI/sprites/master/sprites/pokemon/439.png,https://raw.githubusercontent.com/PokeAPI/sprites/master/sprites/pokemon/shiny/439.png
440,happiny,Playhouse Pokemon,Generation-iv,False,False,normal,0.6,24.4,"Natural cure, Serene grace, Friend guard (Hidden)",Unknown Habitat,None,It loves round white things. It carries an egg-shaped rock in imitation of CHANSEY.,100,5,5,15,65,30,1.0,1.0,1.0,1.0,1.0,1.0,2.0,1.0,1.0,1.0,1.0,1.0,1.0,0.0,1.0,1.0,1.0,1.0,https://raw.githubusercontent.com/PokeAPI/cries/main/cries/pokemon/latest/440.ogg,https://raw.githubusercontent.com/PokeAPI/sprites/master/sprites/pokemon/440.png,https://raw.githubusercontent.com/PokeAPI/sprites/master/sprites/pokemon/shiny/440.png
441,chatot,Music Note Pokemon,Generation-iv,False,False,"normal, flying",0.5,1.9,"Keen eye, Tangled feet, Big pecks (Hidden)",Unknown Habitat,None,"It can learn and speak human words. If they gather, they all learn the same saying.",76,65,45,92,42,91,1.0,1.0,1.0,2.0,0.5,2.0,1.0,1.0,0.0,1.0,1.0,0.5,2.0,0.0,1.0,1.0,1.0,1.0,https://raw.githubusercontent.com/PokeAPI/cries/main/cries/pokemon/latest/441.ogg,https://raw.githubusercontent.com/PokeAPI/sprites/master/sprites/pokemon/441.png,https://raw.githubusercontent.com/PokeAPI/sprites/master/sprites/pokemon/shiny/441.png
442,spiritomb,Forbidden Pokemon,Generation-iv,False,False,"ghost, dark",1.0,108.0,"Pressure, Infiltrator (Hidden)",Unknown Habitat,None,A Pokemon that was formed by 108 spirits. It is bound to a fissure in an odd keystone.,50,92,108,92,108,35,0.0,1.0,1.0,1.0,1.0,1.0,0.0,0.5,1.0,1.0,0.0,1.0,1.0,1.0,1.0,1.0,1.0,2.0,https://raw.githubusercontent.com/PokeAPI/cries/main/cries/pokemon/latest/442.ogg,https://raw.githubusercontent.com/PokeAPI/sprites/master/sprites/pokemon/442.png,https://raw.githubusercontent.com/PokeAPI/sprites/master/sprites/pokemon/shiny/442.png
443,gible,Land Shark Pokemon,Generation-iv,False,False,"dragon, ground",0.7,20.5,"Sand veil, Rough skin (Hidden)",Unknown Habitat,None,"It nests in small, horizontal holes in cave walls. It pounces to catch prey that stray too close.",58,70,45,40,45,42,1.0,0.5,1.0,0.0,1.0,4.0,1.0,0.5,1.0,1.0,1.0,1.0,0.5,1.0,2.0,1.0,1.0,2.0,https://raw.githubusercontent.com/PokeAPI/cries/main/cries/pokemon/latest/443.ogg,https://raw.githubusercontent.com/PokeAPI/sprites/master/sprites/pokemon/443.png,https://raw.githubusercontent.com/PokeAPI/sprites/master/sprites/pokemon/shiny/443.png
444,gabite,Cave Pokemon,Generation-iv,False,False,"dragon, ground",1.4,56.0,"Sand veil, Rough skin (Hidden)",Unknown Habitat,Gible,There is a long-held belief that medicine made from its scales will heal even incurable illnesses.,68,90,65,50,55,82,1.0,0.5,1.0,0.0,1.0,4.0,1.0,0.5,1.0,1.0,1.0,1.0,0.5,1.0,2.0,1.0,1.0,2.0,https://raw.githubusercontent.com/PokeAPI/cries/main/cries/pokemon/latest/444.ogg,https://raw.githubusercontent.com/PokeAPI/sprites/master/sprites/pokemon/444.png,https://raw.githubusercontent.com/PokeAPI/sprites/master/sprites/pokemon/shiny/444.png
445,garchomp,Mach Pokemon,Generation-iv,False,False,"dragon, ground",1.9,95.0,"Sand veil, Rough skin (Hidden)",Unknown Habitat,Gabite,"When it folds up its body and extends its wings, it looks like a jet plane. It flies at sonic speed.",108,130,95,80,85,102,1.0,0.5,1.0,0.0,1.0,4.0,1.0,0.5,1.0,1.0,1.0,1.0,0.5,1.0,2.0,1.0,1.0,2.0,https://raw.githubusercontent.com/PokeAPI/cries/main/cries/pokemon/latest/445.ogg,https://raw.githubusercontent.com/PokeAPI/sprites/master/sprites/pokemon/445.png,https://raw.githubusercontent.com/PokeAPI/sprites/master/sprites/pokemon/shiny/445.png
446,munchlax,Big Eater Pokemon,Generation-iv,False,False,normal,0.6,105.0,"Pickup, Thick fat, Gluttony (Hidden)",Unknown Habitat,None,"It wolfs down its weight in food once a day, swallowing food whole with almost no chewing.",135,85,40,40,85,5,1.0,1.0,1.0,1.0,1.0,1.0,2.0,1.0,1.0,1.0,1.0,1.0,1.0,0.0,1.0,1.0,1.0,1.0,https://raw.githubusercontent.com/PokeAPI/cries/main/cries/pokemon/latest/446.ogg,https://raw.githubusercontent.com/PokeAPI/sprites/master/sprites/pokemon/446.png,https://raw.githubusercontent.com/PokeAPI/sprites/master/sprites/pokemon/shiny/446.png
447,riolu,Emanation Pokemon,Generation-iv,False,False,fighting,0.7,20.2,"Steadfast, Inner focus, Prankster (Hidden)",Unknown Habitat,None,The aura that emanates from its body intensifies to alert others if it is afraid or sad.,40,70,40,35,40,60,1.0,1.0,1.0,1.0,1.0,1.0,1.0,1.0,1.0,2.0,2.0,0.5,0.5,1.0,1.0,1.0,0.5,2.0,https://raw.githubusercontent.com/PokeAPI/cries/main/cries/pokemon/latest/447.ogg,https://raw.githubusercontent.com/PokeAPI/sprites/master/sprites/pokemon/447.png,https://raw.githubusercontent.com/PokeAPI/sprites/master/sprites/pokemon/shiny/447.png
448,lucario,Aura Pokemon,Generation-iv,False,False,"fighting, steel",1.2,54.0,"Steadfast, Inner focus, Justified (Hidden)",Unknown Habitat,Riolu,It has the ability to sense the auras of all things. It understands human speech.,70,110,70,115,70,90,0.5,2.0,1.0,1.0,0.5,0.5,2.0,0.0,2.0,1.0,1.0,0.25,0.25,1.0,0.5,0.5,0.5,1.0,https://raw.githubusercontent.com/PokeAPI/cries/main/cries/pokemon/latest/448.ogg,https://raw.githubusercontent.com/PokeAPI/sprites/master/sprites/pokemon/448.png,https://raw.githubusercontent.com/PokeAPI/sprites/master/sprites/pokemon/shiny/448.png
449,hippopotas,Hippo Pokemon,Generation-iv,False,False,ground,0.8,49.5,"Sand stream, Sand force (Hidden)",Unknown Habitat,None,"It lives in arid places. Instead of perspiration, it expels grainy sand from its body.",68,72,78,38,42,32,1.0,1.0,2.0,0.0,2.0,2.0,1.0,0.5,1.0,1.0,1.0,1.0,0.5,1.0,1.0,1.0,1.0,1.0,https://raw.githubusercontent.com/PokeAPI/cries/main/cries/pokemon/latest/449.ogg,https://raw.githubusercontent.com/PokeAPI/sprites/master/sprites/pokemon/449.png,https://raw.githubusercontent.com/PokeAPI/sprites/master/sprites/pokemon/shiny/449.png
450,hippowdon,Heavyweight Pokemon,Generation-iv,False,False,ground,2.0,300.0,"Sand stream, Sand force (Hidden)",Unknown Habitat,Hippopotas,It blasts internally stored sand from ports on its body to create a towering twister for attack.,108,112,118,68,72,47,1.0,1.0,2.0,0.0,2.0,2.0,1.0,0.5,1.0,1.0,1.0,1.0,0.5,1.0,1.0,1.0,1.0,1.0,https://raw.githubusercontent.com/PokeAPI/cries/main/cries/pokemon/latest/450.ogg,https://raw.githubusercontent.com/PokeAPI/sprites/master/sprites/pokemon/450.png,https://raw.githubusercontent.com/PokeAPI/sprites/master/sprites/pokemon/shiny/450.png
451,skorupi,Scorpion Pokemon,Generation-iv,False,False,"poison, bug",0.8,12.0,"Battle armor, Sniper, Keen eye (Hidden)",Unknown Habitat,None,It grips prey with its tail claws and injects poison. It tenaciously hangs on until the poison takes.,40,50,90,30,55,65,1.0,2.0,1.0,1.0,0.25,1.0,0.25,0.5,1.0,2.0,2.0,0.5,2.0,1.0,1.0,1.0,1.0,0.5,https://raw.githubusercontent.com/PokeAPI/cries/main/cries/pokemon/latest/451.ogg,https://raw.githubusercontent.com/PokeAPI/sprites/master/sprites/pokemon/451.png,https://raw.githubusercontent.com/PokeAPI/sprites/master/sprites/pokemon/shiny/451.png
452,drapion,Ogre Scorpion Pokemon,Generation-iv,False,False,"poison, dark",1.3,61.5,"Battle armor, Sniper, Keen eye (Hidden)",Unknown Habitat,Skorupi,It has the power in its clawed arms to make scrap of a car. The tips of its claws release poison.,70,90,110,60,75,95,1.0,1.0,1.0,1.0,0.5,1.0,1.0,0.5,2.0,1.0,0.0,1.0,1.0,0.5,1.0,1.0,0.5,1.0,https://raw.githubusercontent.com/PokeAPI/cries/main/cries/pokemon/latest/452.ogg,https://raw.githubusercontent.com/PokeAPI/sprites/master/sprites/pokemon/452.png,https://raw.githubusercontent.com/PokeAPI/sprites/master/sprites/pokemon/shiny/452.png
453,croagunk,Toxic Mouth Pokemon,Generation-iv,False,False,"poison, fighting",0.7,23.0,"Anticipation, Dry skin, Poison touch (Hidden)",Unknown Habitat,None,Its cheeks hold poison sacs. It tries to catch foes off guard to jab them with toxic fingers.,48,61,40,61,40,50,1.0,1.0,1.0,1.0,0.5,1.0,0.5,0.5,2.0,2.0,4.0,0.25,0.5,1.0,1.0,1.0,0.5,1.0,https://raw.githubusercontent.com/PokeAPI/cries/main/cries/pokemon/latest/453.ogg,https://raw.githubusercontent.com/PokeAPI/sprites/master/sprites/pokemon/453.png,https://raw.githubusercontent.com/PokeAPI/sprites/master/sprites/pokemon/shiny/453.png
454,toxicroak,Toxic Mouth Pokemon,Generation-iv,False,False,"poison, fighting",1.3,44.4,"Anticipation, Dry skin, Poison touch (Hidden)",Unknown Habitat,Croagunk,Its knuckle claws secrete a toxin so vile that even a scratch could prove fatal.,83,106,65,86,65,85,1.0,1.0,1.0,1.0,0.5,1.0,0.5,0.5,2.0,2.0,4.0,0.25,0.5,1.0,1.0,1.0,0.5,1.0,https://raw.githubusercontent.com/PokeAPI/cries/main/cries/pokemon/latest/454.ogg,https://raw.githubusercontent.com/PokeAPI/sprites/master/sprites/pokemon/454.png,https://raw.githubusercontent.com/PokeAPI/sprites/master/sprites/pokemon/shiny/454.png
455,carnivine,Bug Catcher Pokemon,Generation-iv,False,False,grass,1.4,27.0,Levitate,Unknown Habitat,None,"It attracts prey with its sweet- smelling saliva, then chomps down. It takes a whole day to eat prey.",74,100,72,90,72,46,1.0,2.0,0.5,0.5,0.5,2.0,1.0,2.0,0.5,2.0,1.0,2.0,1.0,1.0,1.0,1.0,1.0,1.0,https://raw.githubusercontent.com/PokeAPI/cries/main/cries/pokemon/latest/455.ogg,https://raw.githubusercontent.com/PokeAPI/sprites/master/sprites/pokemon/455.png,https://raw.githubusercontent.com/PokeAPI/sprites/master/sprites/pokemon/shiny/455.png
456,finneon,Wing Fish Pokemon,Generation-iv,False,False,water,0.4,7.0,"Swift swim, Storm drain, Water veil (Hidden)",Unknown Habitat,None,"After long exposure to sunlight, the patterns on its tail fins shine vividly when darkness arrives.",49,49,56,49,61,66,1.0,0.5,0.5,2.0,2.0,0.5,1.0,1.0,1.0,1.0,1.0,1.0,1.0,1.0,1.0,0.5,1.0,1.0,https://raw.githubusercontent.com/PokeAPI/cries/main/cries/pokemon/latest/456.ogg,https://raw.githubusercontent.com/PokeAPI/sprites/master/sprites/pokemon/456.png,https://raw.githubusercontent.com/PokeAPI/sprites/master/sprites/pokemon/shiny/456.png
457,lumineon,Neon Pokemon,Generation-iv,False,False,water,1.2,24.0,"Swift swim, Storm drain, Water veil (Hidden)",Unknown Habitat,Finneon,It lives on the deep-sea floor. It attracts prey by flashing the patterns on its four tail fins.,69,69,76,69,86,91,1.0,0.5,0.5,2.0,2.0,0.5,1.0,1.0,1.0,1.0,1.0,1.0,1.0,1.0,1.0,0.5,1.0,1.0,https://raw.githubusercontent.com/PokeAPI/cries/main/cries/pokemon/latest/457.ogg,https://raw.githubusercontent.com/PokeAPI/sprites/master/sprites/pokemon/457.png,https://raw.githubusercontent.com/PokeAPI/sprites/master/sprites/pokemon/shiny/457.png
458,mantyke,Kite Pokemon,Generation-iv,False,False,"water, flying",1.0,65.0,"Swift swim, Water absorb, Water veil (Hidden)",Unknown Habitat,None,A friendly Pokemon that captures the subtle flows of seawater using its two antennae.,45,20,50,60,120,50,1.0,0.5,0.5,4.0,1.0,1.0,0.5,1.0,0.0,1.0,1.0,0.5,2.0,1.0,1.0,0.5,1.0,1.0,https://raw.githubusercontent.com/PokeAPI/cries/main/cries/pokemon/latest/458.ogg,https://raw.githubusercontent.com/PokeAPI/sprites/master/sprites/pokemon/458.png,https://raw.githubusercontent.com/PokeAPI/sprites/master/sprites/pokemon/shiny/458.png
459,snover,Frost Tree Pokemon,Generation-iv,False,False,"grass, ice",1.0,50.5,"Snow warning, Soundproof (Hidden)",Unknown Habitat,None,"It lives on snowy mountains. Having had little contact with humans, it is boldly inquisitive.",60,62,50,62,60,40,1.0,4.0,0.5,0.5,0.5,1.0,2.0,2.0,0.5,2.0,1.0,2.0,2.0,1.0,1.0,2.0,1.0,1.0,https://raw.githubusercontent.com/PokeAPI/cries/main/cries/pokemon/latest/459.ogg,https://raw.githubusercontent.com/PokeAPI/sprites/master/sprites/pokemon/459.png,https://raw.githubusercontent.com/PokeAPI/sprites/master/sprites/pokemon/shiny/459.png
460,abomasnow,Frost Tree Pokemon,Generation-iv,False,False,"grass, ice",2.2,135.5,"Snow warning, Soundproof (Hidden)",Unknown Habitat,Snover,It whips up blizzards in mountains that are always buried in snow. It is the abominable snowman.,90,92,75,92,85,60,1.0,4.0,0.5,0.5,0.5,1.0,2.0,2.0,0.5,2.0,1.0,2.0,2.0,1.0,1.0,2.0,1.0,1.0,https://raw.githubusercontent.com/PokeAPI/cries/main/cries/pokemon/latest/460.ogg,https://raw.githubusercontent.com/PokeAPI/sprites/master/sprites/pokemon/460.png,https://raw.githubusercontent.com/PokeAPI/sprites/master/sprites/pokemon/shiny/460.png
461,weavile,Sharp Claw Pokemon,Generation-iv,False,False,"dark, ice",1.1,34.0,"Pressure, Pickpocket (Hidden)",Unknown Habitat,Sneasel,"They live in cold regions, forming groups of four or five that hunt prey with impressive coordination.",70,120,65,45,85,125,1.0,2.0,1.0,1.0,1.0,0.5,4.0,1.0,1.0,1.0,0.0,2.0,2.0,0.5,1.0,2.0,0.5,2.0,https://raw.githubusercontent.com/PokeAPI/cries/main/cries/pokemon/latest/461.ogg,https://raw.githubusercontent.com/PokeAPI/sprites/master/sprites/pokemon/461.png,https://raw.githubusercontent.com/PokeAPI/sprites/master/sprites/pokemon/shiny/461.png
462,magnezone,Magnet Area Pokemon,Generation-iv,False,False,"electric, steel",1.2,180.0,"Magnet pull, Sturdy, Analytic (Hidden)",Unknown Habitat,Magneton,It evolved from exposure to a special magnetic field. Three units generate magnetism.,70,70,115,130,90,60,0.5,2.0,1.0,0.5,0.5,0.5,2.0,0.0,4.0,0.25,0.5,0.5,0.5,1.0,0.5,0.25,1.0,0.5,https://raw.githubusercontent.com/PokeAPI/cries/main/cries/pokemon/latest/462.ogg,https://raw.githubusercontent.com/PokeAPI/sprites/master/sprites/pokemon/462.png,https://raw.githubusercontent.com/PokeAPI/sprites/master/sprites/pokemon/shiny/462.png
463,lickilicky,Licking Pokemon,Generation-iv,False,False,normal,1.7,140.0,"Own tempo, Oblivious, Cloud nine (Hidden)",Unknown Habitat,Lickitung,It wraps things with its extensible tongue. Getting too close to it will leave you soaked with drool.,110,85,95,80,95,50,1.0,1.0,1.0,1.0,1.0,1.0,2.0,1.0,1.0,1.0,1.0,1.0,1.0,0.0,1.0,1.0,1.0,1.0,https://raw.githubusercontent.com/PokeAPI/cries/main/cries/pokemon/latest/463.ogg,https://raw.githubusercontent.com/PokeAPI/sprites/master/sprites/pokemon/463.png,https://raw.githubusercontent.com/PokeAPI/sprites/master/sprites/pokemon/shiny/463.png
464,rhyperior,Drill Pokemon,Generation-iv,False,False,"ground, rock",2.4,282.8,"Lightning rod, Solid rock, Reckless (Hidden)",Unknown Habitat,Rhydon,It puts rocks in holes in its palms and uses its muscles to shoot them. GEODUDE are shot at rare times.,115,140,130,55,55,40,0.5,0.5,4.0,0.0,4.0,2.0,2.0,0.25,2.0,0.5,1.0,1.0,0.5,1.0,1.0,2.0,1.0,1.0,https://raw.githubusercontent.com/PokeAPI/cries/main/cries/pokemon/latest/464.ogg,https://raw.githubusercontent.com/PokeAPI/sprites/master/sprites/pokemon/464.png,https://raw.githubusercontent.com/PokeAPI/sprites/master/sprites/pokemon/shiny/464.png
465,tangrowth,Vine Pokemon,Generation-iv,False,False,grass,2.0,128.6,"Chlorophyll, Leaf guard, Regenerator (Hidden)",Unknown Habitat,Tangela,It ensnares prey by extending arms made of vines. Losing arms to predators does not trouble it.,100,100,125,110,50,50,1.0,2.0,0.5,0.5,0.5,2.0,1.0,2.0,0.5,2.0,1.0,2.0,1.0,1.0,1.0,1.0,1.0,1.0,https://raw.githubusercontent.com/PokeAPI/cries/main/cries/pokemon/latest/465.ogg,https://raw.githubusercontent.com/PokeAPI/sprites/master/sprites/pokemon/465.png,https://raw.githubusercontent.com/PokeAPI/sprites/master/sprites/pokemon/shiny/465.png
466,electivire,Thunderbolt Pokemon,Generation-iv,False,False,electric,1.8,138.6,"Motor drive, Vital spirit (Hidden)",Unknown Habitat,Electabuzz,"As its electric charge amplifies, blue sparks begin to crackle between its horns.",75,123,67,95,85,95,1.0,1.0,1.0,0.5,1.0,1.0,1.0,1.0,2.0,0.5,1.0,1.0,1.0,1.0,1.0,0.5,1.0,1.0,https://raw.githubusercontent.com/PokeAPI/cries/main/cries/pokemon/latest/466.ogg,https://raw.githubusercontent.com/PokeAPI/sprites/master/sprites/pokemon/466.png,https://raw.githubusercontent.com/PokeAPI/sprites/master/sprites/pokemon/shiny/466.png
467,magmortar,Blast Pokemon,Generation-iv,False,False,fire,1.6,68.0,"Flame body, Vital spirit (Hidden)",Unknown Habitat,Magmar,"It blasts fireballs of over 3,600 degrees F from the ends of its arms. It lives in volcanic craters.",75,95,67,125,95,83,1.0,0.5,2.0,1.0,0.5,0.5,1.0,1.0,2.0,1.0,1.0,0.5,2.0,1.0,1.0,0.5,1.0,0.5,https://raw.githubusercontent.com/PokeAPI/cries/main/cries/pokemon/latest/467.ogg,https://raw.githubusercontent.com/PokeAPI/sprites/master/sprites/pokemon/467.png,https://raw.githubusercontent.com/PokeAPI/sprites/master/sprites/pokemon/shiny/467.png
468,togekiss,Jubilee Pokemon,Generation-iv,False,False,"fairy, flying",1.5,38.0,"Hustle, Serene grace, Super luck (Hidden)",Unknown Habitat,Togetic,It will never appear where there is strife. Its sightings have become rare recently.,85,50,95,120,115,80,1.0,1.0,1.0,2.0,0.5,2.0,0.25,2.0,0.0,1.0,1.0,0.25,2.0,1.0,0.0,2.0,0.5,1.0,https://raw.githubusercontent.com/PokeAPI/cries/main/cries/pokemon/latest/468.ogg,https://raw.githubusercontent.com/PokeAPI/sprites/master/sprites/pokemon/468.png,https://raw.githubusercontent.com/PokeAPI/sprites/master/sprites/pokemon/shiny/468.png
469,yanmega,Ogre Darner Pokemon,Generation-iv,False,False,"bug, flying",1.9,51.5,"Speed boost, Tinted lens, Frisk (Hidden)",Unknown Habitat,Yanma,"By churning its wings, it creates shock waves that inflict critical internal injuries to foes.",86,76,86,116,56,95,1.0,2.0,1.0,2.0,0.25,2.0,0.25,1.0,0.0,2.0,1.0,0.5,4.0,1.0,1.0,1.0,1.0,1.0,https://raw.githubusercontent.com/PokeAPI/cries/main/cries/pokemon/latest/469.ogg,https://raw.githubusercontent.com/PokeAPI/sprites/master/sprites/pokemon/469.png,https://raw.githubusercontent.com/PokeAPI/sprites/master/sprites/pokemon/shiny/469.png
470,leafeon,Verdant Pokemon,Generation-iv,False,False,grass,1.0,25.5,"Leaf guard, Chlorophyll (Hidden)",Unknown Habitat,Eevee,"Just like a plant, it uses photosynthesis. As a result, it is always enveloped in clear air.",65,110,130,60,65,95,1.0,2.0,0.5,0.5,0.5,2.0,1.0,2.0,0.5,2.0,1.0,2.0,1.0,1.0,1.0,1.0,1.0,1.0,https://raw.githubusercontent.com/PokeAPI/cries/main/cries/pokemon/latest/470.ogg,https://raw.githubusercontent.com/PokeAPI/sprites/master/sprites/pokemon/470.png,https://raw.githubusercontent.com/PokeAPI/sprites/master/sprites/pokemon/shiny/470.png
471,glaceon,Fresh Snow Pokemon,Generation-iv,False,False,ice,0.8,25.9,"Snow cloak, Ice body (Hidden)",Unknown Habitat,Eevee,"As a protective technique, it can completely freeze its fur to make its hairs stand like needles.",65,60,110,130,95,65,1.0,2.0,1.0,1.0,1.0,0.5,2.0,1.0,1.0,1.0,1.0,1.0,2.0,1.0,1.0,2.0,1.0,1.0,https://raw.githubusercontent.com/PokeAPI/cries/main/cries/pokemon/latest/471.ogg,https://raw.githubusercontent.com/PokeAPI/sprites/master/sprites/pokemon/471.png,https://raw.githubusercontent.com/PokeAPI/sprites/master/sprites/pokemon/shiny/471.png
472,gliscor,Fang Scorpion Pokemon,Generation-iv,False,False,"ground, flying",2.0,42.5,"Hyper cutter, Sand veil, Poison heal (Hidden)",Unknown Habitat,Gligar,"It observes prey while hanging inverted from branches. When the chance presents itself, it swoops!",75,95,125,45,75,95,1.0,1.0,2.0,0.0,1.0,4.0,0.5,0.5,0.0,1.0,1.0,0.5,1.0,1.0,1.0,1.0,1.0,1.0,https://raw.githubusercontent.com/PokeAPI/cries/main/cries/pokemon/latest/472.ogg,https://raw.githubusercontent.com/PokeAPI/sprites/master/sprites/pokemon/472.png,https://raw.githubusercontent.com/PokeAPI/sprites/master/sprites/pokemon/shiny/472.png
473,mamoswine,Twin Tusk Pokemon,Generation-iv,False,False,"ice, ground",2.5,291.0,"Oblivious, Snow cloak, Thick fat (Hidden)",Unknown Habitat,Piloswine,Its impressive tusks are made of ice. The population thinned when it turned warm after the ice age.,110,130,80,70,60,80,1.0,2.0,2.0,0.0,2.0,1.0,2.0,0.5,1.0,1.0,1.0,1.0,1.0,1.0,1.0,2.0,1.0,1.0,https://raw.githubusercontent.com/PokeAPI/cries/main/cries/pokemon/latest/473.ogg,https://raw.githubusercontent.com/PokeAPI/sprites/master/sprites/pokemon/473.png,https://raw.githubusercontent.com/PokeAPI/sprites/master/sprites/pokemon/shiny/473.png
474,porygon-z,Virtual Pokemon,Generation-iv,False,False,normal,0.9,34.0,"Adaptability, Download, Analytic (Hidden)",Unknown Habitat,Porygon2,"Additional software was installed to make it a better Pokemon. It began acting oddly, however.",85,80,70,135,75,90,1.0,1.0,1.0,1.0,1.0,1.0,2.0,1.0,1.0,1.0,1.0,1.0,1.0,0.0,1.0,1.0,1.0,1.0,https://raw.githubusercontent.com/PokeAPI/cries/main/cries/pokemon/latest/474.ogg,https://raw.githubusercontent.com/PokeAPI/sprites/master/sprites/pokemon/474.png,https://raw.githubusercontent.com/PokeAPI/sprites/master/sprites/pokemon/shiny/474.png
475,gallade,Blade Pokemon,Generation-iv,False,False,"psychic, fighting",1.6,52.0,"Steadfast, Sharpness, Justified (Hidden)",Unknown Habitat,Kirlia,"A master of courtesy and swordsmanship, it fights using extending swords on its elbows.",68,125,65,65,115,80,1.0,1.0,1.0,1.0,1.0,1.0,0.5,1.0,1.0,2.0,1.0,1.0,0.5,2.0,1.0,1.0,1.0,2.0,https://raw.githubusercontent.com/PokeAPI/cries/main/cries/pokemon/latest/475.ogg,https://raw.githubusercontent.com/PokeAPI/sprites/master/sprites/pokemon/475.png,https://raw.githubusercontent.com/PokeAPI/sprites/master/sprites/pokemon/shiny/475.png
476,probopass,Compass Pokemon,Generation-iv,False,False,"rock, steel",1.4,340.0,"Sturdy, Magnet pull, Sand force (Hidden)",Unknown Habitat,Nosepass,It freely controls three small units called Mini-Noses using magnetic force.,60,55,145,75,150,40,0.25,1.0,2.0,1.0,1.0,0.5,4.0,0.0,4.0,0.25,0.5,0.5,0.5,1.0,0.5,1.0,1.0,0.5,https://raw.githubusercontent.com/PokeAPI/cries/main/cries/pokemon/latest/476.ogg,https://raw.githubusercontent.com/PokeAPI/sprites/master/sprites/pokemon/476.png,https://raw.githubusercontent.com/PokeAPI/sprites/master/sprites/pokemon/shiny/476.png
477,dusknoir,Gripper Pokemon,Generation-iv,False,False,ghost,2.2,106.6,"Pressure, Frisk (Hidden)",Unknown Habitat,Dusclops,The antenna on its head captures radio waves from the world of spirits that command it to take people there.,45,100,135,65,135,45,0.0,1.0,1.0,1.0,1.0,1.0,0.0,0.5,1.0,1.0,1.0,0.5,1.0,2.0,1.0,1.0,2.0,1.0,https://raw.githubusercontent.com/PokeAPI/cries/main/cries/pokemon/latest/477.ogg,https://raw.githubusercontent.com/PokeAPI/sprites/master/sprites/pokemon/477.png,https://raw.githubusercontent.com/PokeAPI/sprites/master/sprites/pokemon/shiny/477.png
478,froslass,Snow Land Pokemon,Generation-iv,False,False,"ice, ghost",1.3,26.6,"Snow cloak, Cursed body (Hidden)",Unknown Habitat,Snorunt,It freezes foes with an icy breath nearly -60 degrees F. What seems to be its body is actually hollow.,70,80,70,80,70,110,0.0,2.0,1.0,1.0,1.0,0.5,0.0,0.5,1.0,1.0,1.0,0.5,2.0,2.0,1.0,2.0,2.0,1.0,https://raw.githubusercontent.com/PokeAPI/cries/main/cries/pokemon/latest/478.ogg,https://raw.githubusercontent.com/PokeAPI/sprites/master/sprites/pokemon/478.png,https://raw.githubusercontent.com/PokeAPI/sprites/master/sprites/pokemon/shiny/478.png
479,rotom,Plasma Pokemon,Generation-iv,False,False,"electric, ghost",0.3,0.3,Levitate,Unknown Habitat,None,Its body is composed of plasma. It is known to infiltrate electronic devices and wreak havoc.,50,50,77,95,77,91,0.0,1.0,1.0,0.5,1.0,1.0,0.0,0.5,2.0,0.5,1.0,0.5,1.0,2.0,1.0,0.5,2.0,1.0,https://raw.githubusercontent.com/PokeAPI/cries/main/cries/pokemon/latest/479.ogg,https://raw.githubusercontent.com/PokeAPI/sprites/master/sprites/pokemon/479.png,https://raw.githubusercontent.com/PokeAPI/sprites/master/sprites/pokemon/shiny/479.png
480,uxie,Knowledge Pokemon,Generation-iv,True,False,psychic,0.3,0.3,Levitate,Unknown Habitat,None,Known as “The Being of Knowledge.” It is said that it can wipe out the memory of those who see its eyes.,75,75,130,75,130,95,1.0,1.0,1.0,1.0,1.0,1.0,0.5,1.0,1.0,1.0,0.5,2.0,1.0,2.0,1.0,1.0,2.0,1.0,https://raw.githubusercontent.com/PokeAPI/cries/main/cries/pokemon/latest/480.ogg,https://raw.githubusercontent.com/PokeAPI/sprites/master/sprites/pokemon/480.png,https://raw.githubusercontent.com/PokeAPI/sprites/master/sprites/pokemon/shiny/480.png
481,mesprit,Emotion Pokemon,Generation-iv,True,False,psychic,0.3,0.3,Levitate,Unknown Habitat,None,"Known as “The Being of Emotion.” It taught humans the nobility of sorrow, pain, and joy.",80,105,105,105,105,80,1.0,1.0,1.0,1.0,1.0,1.0,0.5,1.0,1.0,1.0,0.5,2.0,1.0,2.0,1.0,1.0,2.0,1.0,https://raw.githubusercontent.com/PokeAPI/cries/main/cries/pokemon/latest/481.ogg,https://raw.githubusercontent.com/PokeAPI/sprites/master/sprites/pokemon/481.png,https://raw.githubusercontent.com/PokeAPI/sprites/master/sprites/pokemon/shiny/481.png
482,azelf,Willpower Pokemon,Generation-iv,True,False,psychic,0.3,0.3,Levitate,Unknown Habitat,None,Known as “The Being of Willpower.” It sleeps at the bottom of a lake to keep the world in balance.,75,125,70,125,70,115,1.0,1.0,1.0,1.0,1.0,1.0,0.5,1.0,1.0,1.0,0.5,2.0,1.0,2.0,1.0,1.0,2.0,1.0,https://raw.githubusercontent.com/PokeAPI/cries/main/cries/pokemon/latest/482.ogg,https://raw.githubusercontent.com/PokeAPI/sprites/master/sprites/pokemon/482.png,https://raw.githubusercontent.com/PokeAPI/sprites/master/sprites/pokemon/shiny/482.png
483,dialga,Temporal Pokemon,Generation-iv,True,False,"steel, dragon",5.4,683.0,"Pressure, Telepathy (Hidden)",Unknown Habitat,None,It has the power to control time. It appears in Sinnoh-region myths as an ancient deity.,100,120,120,150,100,90,0.5,1.0,0.5,0.5,0.25,1.0,2.0,0.0,2.0,0.5,0.5,0.5,0.5,1.0,1.0,0.5,1.0,1.0,https://raw.githubusercontent.com/PokeAPI/cries/main/cries/pokemon/latest/483.ogg,https://raw.githubusercontent.com/PokeAPI/sprites/master/sprites/pokemon/483.png,https://raw.githubusercontent.com/PokeAPI/sprites/master/sprites/pokemon/shiny/483.png
484,palkia,Spatial Pokemon,Generation-iv,True,False,"water, dragon",4.2,336.0,"Pressure, Telepathy (Hidden)",Unknown Habitat,None,It has the ability to distort space. It is described as a deity in Sinnoh-region mythology.,90,120,100,150,120,100,1.0,0.25,0.25,1.0,1.0,1.0,1.0,1.0,1.0,1.0,1.0,1.0,1.0,1.0,2.0,0.5,1.0,2.0,https://raw.githubusercontent.com/PokeAPI/cries/main/cries/pokemon/latest/484.ogg,https://raw.githubusercontent.com/PokeAPI/sprites/master/sprites/pokemon/484.png,https://raw.githubusercontent.com/PokeAPI/sprites/master/sprites/pokemon/shiny/484.png
485,heatran,Lava Dome Pokemon,Generation-iv,True,False,"fire, steel",1.7,430.0,"Flash fire, Flame body (Hidden)",Unknown Habitat,None,It dwells in volcanic caves. It digs in with its cross-shaped feet to crawl on ceilings and walls.,91,90,106,130,106,77,0.5,1.0,2.0,1.0,0.25,0.25,2.0,0.0,4.0,0.5,0.5,0.25,1.0,1.0,0.5,0.25,1.0,0.25,https://raw.githubusercontent.com/PokeAPI/cries/main/cries/pokemon/latest/485.ogg,https://raw.githubusercontent.com/PokeAPI/sprites/master/sprites/pokemon/485.png,https://raw.githubusercontent.com/PokeAPI/sprites/master/sprites/pokemon/shiny/485.png
486,regigigas,Colossal Pokemon,Generation-iv,True,False,normal,3.7,420.0,Slow start,Unknown Habitat,None,There is an enduring legend that states this Pokemon towed continents with ropes.,110,160,110,80,110,100,1.0,1.0,1.0,1.0,1.0,1.0,2.0,1.0,1.0,1.0,1.0,1.0,1.0,0.0,1.0,1.0,1.0,1.0,https://raw.githubusercontent.com/PokeAPI/cries/main/cries/pokemon/latest/486.ogg,https://raw.githubusercontent.com/PokeAPI/sprites/master/sprites/pokemon/486.png,https://raw.githubusercontent.com/PokeAPI/sprites/master/sprites/pokemon/shiny/486.png
487,giratina-altered,Renegade Pokemon,Generation-iv,True,False,"ghost, dragon",4.5,750.0,"Pressure, Telepathy (Hidden)",Unknown Habitat,None,A Pokemon that is said to live in a world on the reverse side of ours. It appears in an ancient cemetery.,150,100,120,100,120,90,0.0,0.5,0.5,0.5,0.5,2.0,0.0,0.5,1.0,1.0,1.0,0.5,1.0,2.0,2.0,1.0,2.0,2.0,https://raw.githubusercontent.com/PokeAPI/cries/main/cries/pokemon/latest/487.ogg,https://raw.githubusercontent.com/PokeAPI/sprites/master/sprites/pokemon/487.png,https://raw.githubusercontent.com/PokeAPI/sprites/master/sprites/pokemon/shiny/487.png
488,cresselia,Lunar Pokemon,Generation-iv,True,False,psychic,1.5,85.6,Levitate,Unknown Habitat,None,Shiny particles are released from its wings like a veil. It is said to represent the crescent moon.,120,70,110,75,120,85,1.0,1.0,1.0,1.0,1.0,1.0,0.5,1.0,1.0,1.0,0.5,2.0,1.0,2.0,1.0,1.0,2.0,1.0,https://raw.githubusercontent.com/PokeAPI/cries/main/cries/pokemon/latest/488.ogg,https://raw.githubusercontent.com/PokeAPI/sprites/master/sprites/pokemon/488.png,https://raw.githubusercontent.com/PokeAPI/sprites/master/sprites/pokemon/shiny/488.png
489,phione,Sea Drifter Pokemon,Generation-iv,False,True,water,0.4,3.1,Hydration,Unknown Habitat,None,"It drifts in warm seas. It always returns to where it was born, no matter how far it may have drifted.",80,80,80,80,80,80,1.0,0.5,0.5,2.0,2.0,0.5,1.0,1.0,1.0,1.0,1.0,1.0,1.0,1.0,1.0,0.5,1.0,1.0,https://raw.githubusercontent.com/PokeAPI/cries/main/cries/pokemon/latest/489.ogg,https://raw.githubusercontent.com/PokeAPI/sprites/master/sprites/pokemon/489.png,https://raw.githubusercontent.com/PokeAPI/sprites/master/sprites/pokemon/shiny/489.png
490,manaphy,Seafaring Pokemon,Generation-iv,False,True,water,0.3,1.4,Hydration,Unknown Habitat,None,"Born on a cold seafloor, it will swim great distances to return to its birthplace.",100,100,100,100,100,100,1.0,0.5,0.5,2.0,2.0,0.5,1.0,1.0,1.0,1.0,1.0,1.0,1.0,1.0,1.0,0.5,1.0,1.0,https://raw.githubusercontent.com/PokeAPI/cries/main/cries/pokemon/latest/490.ogg,https://raw.githubusercontent.com/PokeAPI/sprites/master/sprites/pokemon/490.png,https://raw.githubusercontent.com/PokeAPI/sprites/master/sprites/pokemon/shiny/490.png
491,darkrai,Pitch-Black Pokemon,Generation-iv,False,True,dark,1.5,50.5,Bad dreams,Unknown Habitat,None,It can lull people to sleep and make them dream. It is active during nights of the new moon.,70,90,90,135,90,125,1.0,1.0,1.0,1.0,1.0,1.0,2.0,1.0,1.0,1.0,0.0,2.0,1.0,0.5,1.0,1.0,0.5,2.0,https://raw.githubusercontent.com/PokeAPI/cries/main/cries/pokemon/latest/491.ogg,https://raw.githubusercontent.com/PokeAPI/sprites/master/sprites/pokemon/491.png,https://raw.githubusercontent.com/PokeAPI/sprites/master/sprites/pokemon/shiny/491.png
492,shaymin-land,Gratitude Pokemon,Generation-iv,False,True,grass,0.2,2.1,Natural cure,Unknown Habitat,None,It lives in flower patches and avoids detection by curling up to look like a flowering plant.,100,100,100,100,100,100,1.0,2.0,0.5,0.5,0.5,2.0,1.0,2.0,0.5,2.0,1.0,2.0,1.0,1.0,1.0,1.0,1.0,1.0,https://raw.githubusercontent.com/PokeAPI/cries/main/cries/pokemon/latest/492.ogg,https://raw.githubusercontent.com/PokeAPI/sprites/master/sprites/pokemon/492.png,https://raw.githubusercontent.com/PokeAPI/sprites/master/sprites/pokemon/shiny/492.png
493,arceus,Alpha Pokemon,Generation-iv,False,True,normal,3.2,320.0,Multitype,Unknown Habitat,None,"It is described in mythology as the Pokemon that shaped the universe with its 1,000 arms.",120,120,120,120,120,120,1.0,1.0,1.0,1.0,1.0,1.0,2.0,1.0,1.0,1.0,1.0,1.0,1.0,0.0,1.0,1.0,1.0,1.0,https://raw.githubusercontent.com/PokeAPI/cries/main/cries/pokemon/latest/493.ogg,https://raw.githubusercontent.com/PokeAPI/sprites/master/sprites/pokemon/493.png,https://raw.githubusercontent.com/PokeAPI/sprites/master/sprites/pokemon/shiny/493.png
494,victini,Victory Pokemon,Generation-v,False,True,"psychic, fire",0.4,4.0,Victory star,Unknown Habitat,None,"This Pokemon brings victory. It is said that Trainers with Victini always win, regardless of the type of encounter.",100,100,100,100,100,100,1.0,0.5,2.0,1.0,0.5,0.5,0.5,1.0,2.0,1.0,0.5,1.0,2.0,2.0,1.0,0.5,2.0,0.5,https://raw.githubusercontent.com/PokeAPI/cries/main/cries/pokemon/latest/494.ogg,https://raw.githubusercontent.com/PokeAPI/sprites/master/sprites/pokemon/494.png,https://raw.githubusercontent.com/PokeAPI/sprites/master/sprites/pokemon/shiny/494.png
495,snivy,Grass Snake Pokemon,Generation-v,False,False,grass,0.6,8.1,"Overgrow, Contrary (Hidden)",Unknown Habitat,None,It is very intelligent and calm. Being exposed to lots of sunlight makes its movements swifter.,45,45,55,45,55,63,1.0,2.0,0.5,0.5,0.5,2.0,1.0,2.0,0.5,2.0,1.0,2.0,1.0,1.0,1.0,1.0,1.0,1.0,https://raw.githubusercontent.com/PokeAPI/cries/main/cries/pokemon/latest/495.ogg,https://raw.githubusercontent.com/PokeAPI/sprites/master/sprites/pokemon/495.png,https://raw.githubusercontent.com/PokeAPI/sprites/master/sprites/pokemon/shiny/495.png
496,servine,Grass Snake Pokemon,Generation-v,False,False,grass,0.8,16.0,"Overgrow, Contrary (Hidden)",Unknown Habitat,Snivy,"It moves along the ground as if sliding. Its swift movements befuddle its foes, and it then attacks with a vine whip.",60,60,75,60,75,83,1.0,2.0,0.5,0.5,0.5,2.0,1.0,2.0,0.5,2.0,1.0,2.0,1.0,1.0,1.0,1.0,1.0,1.0,https://raw.githubusercontent.com/PokeAPI/cries/main/cries/pokemon/latest/496.ogg,https://raw.githubusercontent.com/PokeAPI/sprites/master/sprites/pokemon/496.png,https://raw.githubusercontent.com/PokeAPI/sprites/master/sprites/pokemon/shiny/496.png
497,serperior,Regal Pokemon,Generation-v,False,False,grass,3.3,63.0,"Overgrow, Contrary (Hidden)",Unknown Habitat,Servine,It can stop its opponents’ movements with just a glare. It takes in solar energy and boosts it internally.,75,75,95,75,95,113,1.0,2.0,0.5,0.5,0.5,2.0,1.0,2.0,0.5,2.0,1.0,2.0,1.0,1.0,1.0,1.0,1.0,1.0,https://raw.githubusercontent.com/PokeAPI/cries/main/cries/pokemon/latest/497.ogg,https://raw.githubusercontent.com/PokeAPI/sprites/master/sprites/pokemon/497.png,https://raw.githubusercontent.com/PokeAPI/sprites/master/sprites/pokemon/shiny/497.png
498,tepig,Fire Pig Pokemon,Generation-v,False,False,fire,0.5,9.9,"Blaze, Thick fat (Hidden)",Unknown Habitat,None,It can deftly dodge its foe’s attacks while shooting fireballs from its nose. It roasts berries before it eats them.,65,63,45,45,45,45,1.0,0.5,2.0,1.0,0.5,0.5,1.0,1.0,2.0,1.0,1.0,0.5,2.0,1.0,1.0,0.5,1.0,0.5,https://raw.githubusercontent.com/PokeAPI/cries/main/cries/pokemon/latest/498.ogg,https://raw.githubusercontent.com/PokeAPI/sprites/master/sprites/pokemon/498.png,https://raw.githubusercontent.com/PokeAPI/sprites/master/sprites/pokemon/shiny/498.png
499,pignite,Fire Pig Pokemon,Generation-v,False,False,"fire, fighting",1.0,55.5,"Blaze, Thick fat (Hidden)",Unknown Habitat,Tepig,"When its internal fire flares up, its movements grow sharper and faster. When in trouble, it emits smoke.",90,93,55,70,55,55,1.0,0.5,2.0,1.0,0.5,0.5,1.0,1.0,2.0,2.0,2.0,0.25,1.0,1.0,1.0,0.5,0.5,1.0,https://raw.githubusercontent.com/PokeAPI/cries/main/cries/pokemon/latest/499.ogg,https://raw.githubusercontent.com/PokeAPI/sprites/master/sprites/pokemon/499.png,https://raw.githubusercontent.com/PokeAPI/sprites/master/sprites/pokemon/shiny/499.png
500,emboar,Mega Fire Pig Pokemon,Generation-v,False,False,"fire, fighting",1.6,150.0,"Blaze, Reckless (Hidden)",Unknown Habitat,Pignite,It can throw a fire punch by setting its fists on fire with its fiery chin. It cares deeply about its friends.,110,123,65,100,65,65,1.0,0.5,2.0,1.0,0.5,0.5,1.0,1.0,2.0,2.0,2.0,0.25,1.0,1.0,1.0,0.5,0.5,1.0,https://raw.githubusercontent.com/PokeAPI/cries/main/cries/pokemon/latest/500.ogg,https://raw.githubusercontent.com/PokeAPI/sprites/master/sprites/pokemon/500.png,https://raw.githubusercontent.com/PokeAPI/sprites/master/sprites/pokemon/shiny/500.png
501,oshawott,Sea Otter Pokemon,Generation-v,False,False,water,0.5,5.9,"Torrent, Shell armor (Hidden)",Unknown Habitat,None,"It fights using the scalchop on its stomach. In response to an attack, it retaliates immediately by slashing.",55,55,45,63,45,45,1.0,0.5,0.5,2.0,2.0,0.5,1.0,1.0,1.0,1.0,1.0,1.0,1.0,1.0,1.0,0.5,1.0,1.0,https://raw.githubusercontent.com/PokeAPI/cries/main/cries/pokemon/latest/501.ogg,https://raw.githubusercontent.com/PokeAPI/sprites/master/sprites/pokemon/501.png,https://raw.githubusercontent.com/PokeAPI/sprites/master/sprites/pokemon/shiny/501.png
502,dewott,Discipline Pokemon,Generation-v,False,False,water,0.8,24.5,"Torrent, Shell armor (Hidden)",Unknown Habitat,Oshawott,Strict training is how it learns its flowing double-scalchop technique.,75,75,60,83,60,60,1.0,0.5,0.5,2.0,2.0,0.5,1.0,1.0,1.0,1.0,1.0,1.0,1.0,1.0,1.0,0.5,1.0,1.0,https://raw.githubusercontent.com/PokeAPI/cries/main/cries/pokemon/latest/502.ogg,https://raw.githubusercontent.com/PokeAPI/sprites/master/sprites/pokemon/502.png,https://raw.githubusercontent.com/PokeAPI/sprites/master/sprites/pokemon/shiny/502.png
503,samurott,Formidable Pokemon,Generation-v,False,False,water,1.5,94.6,"Torrent, Shell armor (Hidden)",Unknown Habitat,Dewott,One swing of the sword incorporated in its armor can fell an opponent. A simple glare from one of them quiets everybody.,95,100,85,108,70,70,1.0,0.5,0.5,2.0,2.0,0.5,1.0,1.0,1.0,1.0,1.0,1.0,1.0,1.0,1.0,0.5,1.0,1.0,https://raw.githubusercontent.com/PokeAPI/cries/main/cries/pokemon/latest/503.ogg,https://raw.githubusercontent.com/PokeAPI/sprites/master/sprites/pokemon/503.png,https://raw.githubusercontent.com/PokeAPI/sprites/master/sprites/pokemon/shiny/503.png
504,patrat,Scout Pokemon,Generation-v,False,False,normal,0.5,11.6,"Run away, Keen eye, Analytic (Hidden)",Unknown Habitat,None,"Using food stored in cheek pouches, they can keep watch for days. They use their tails to communicate with others.",45,55,39,35,39,42,1.0,1.0,1.0,1.0,1.0,1.0,2.0,1.0,1.0,1.0,1.0,1.0,1.0,0.0,1.0,1.0,1.0,1.0,https://raw.githubusercontent.com/PokeAPI/cries/main/cries/pokemon/latest/504.ogg,https://raw.githubusercontent.com/PokeAPI/sprites/master/sprites/pokemon/504.png,https://raw.githubusercontent.com/PokeAPI/sprites/master/sprites/pokemon/shiny/504.png
505,watchog,Lookout Pokemon,Generation-v,False,False,normal,1.1,27.0,"Illuminate, Keen eye, Analytic (Hidden)",Unknown Habitat,Patrat,"When they see an enemy, their tails stand high, and they spit the seeds of berries stored in their cheek pouches.",60,85,69,60,69,77,1.0,1.0,1.0,1.0,1.0,1.0,2.0,1.0,1.0,1.0,1.0,1.0,1.0,0.0,1.0,1.0,1.0,1.0,https://raw.githubusercontent.com/PokeAPI/cries/main/cries/pokemon/latest/505.ogg,https://raw.githubusercontent.com/PokeAPI/sprites/master/sprites/pokemon/505.png,https://raw.githubusercontent.com/PokeAPI/sprites/master/sprites/pokemon/shiny/505.png
506,lillipup,Puppy Pokemon,Generation-v,False,False,normal,0.4,4.1,"Vital spirit, Pickup, Run away (Hidden)",Unknown Habitat,None,"It faces strong opponents with great courage. But, when at a disadvantage in a fight, this intelligent Pokemon flees.",45,60,45,25,45,55,1.0,1.0,1.0,1.0,1.0,1.0,2.0,1.0,1.0,1.0,1.0,1.0,1.0,0.0,1.0,1.0,1.0,1.0,https://raw.githubusercontent.com/PokeAPI/cries/main/cries/pokemon/latest/506.ogg,https://raw.githubusercontent.com/PokeAPI/sprites/master/sprites/pokemon/506.png,https://raw.githubusercontent.com/PokeAPI/sprites/master/sprites/pokemon/shiny/506.png
507,herdier,Loyal Dog Pokemon,Generation-v,False,False,normal,0.9,14.7,"Intimidate, Sand rush, Scrappy (Hidden)",Unknown Habitat,Lillipup,"It has black, cape-like fur that is very hard and decreases the amount of damage it receives.",65,80,65,35,65,60,1.0,1.0,1.0,1.0,1.0,1.0,2.0,1.0,1.0,1.0,1.0,1.0,1.0,0.0,1.0,1.0,1.0,1.0,https://raw.githubusercontent.com/PokeAPI/cries/main/cries/pokemon/latest/507.ogg,https://raw.githubusercontent.com/PokeAPI/sprites/master/sprites/pokemon/507.png,https://raw.githubusercontent.com/PokeAPI/sprites/master/sprites/pokemon/shiny/507.png
508,stoutland,Big-Hearted Pokemon,Generation-v,False,False,normal,1.2,61.0,"Intimidate, Sand rush, Scrappy (Hidden)",Unknown Habitat,Herdier,It rescues people stranded by blizzards in the mountains. Its shaggy fur shields it from the cold.,85,110,90,45,90,80,1.0,1.0,1.0,1.0,1.0,1.0,2.0,1.0,1.0,1.0,1.0,1.0,1.0,0.0,1.0,1.0,1.0,1.0,https://raw.githubusercontent.com/PokeAPI/cries/main/cries/pokemon/latest/508.ogg,https://raw.githubusercontent.com/PokeAPI/sprites/master/sprites/pokemon/508.png,https://raw.githubusercontent.com/PokeAPI/sprites/master/sprites/pokemon/shiny/508.png
509,purrloin,Devious Pokemon,Generation-v,False,False,dark,0.4,10.1,"Limber, Unburden, Prankster (Hidden)",Unknown Habitat,None,"They steal from people for fun, but their victims can’t help but forgive them. Their deceptively cute act is perfect.",41,50,37,50,37,66,1.0,1.0,1.0,1.0,1.0,1.0,2.0,1.0,1.0,1.0,0.0,2.0,1.0,0.5,1.0,1.0,0.5,2.0,https://raw.githubusercontent.com/PokeAPI/cries/main/cries/pokemon/latest/509.ogg,https://raw.githubusercontent.com/PokeAPI/sprites/master/sprites/pokemon/509.png,https://raw.githubusercontent.com/PokeAPI/sprites/master/sprites/pokemon/shiny/509.png
510,liepard,Cruel Pokemon,Generation-v,False,False,dark,1.1,37.5,"Limber, Unburden, Prankster (Hidden)",Unknown Habitat,Purrloin,These Pokemon vanish and appear unexpectedly. Many Trainers are drawn to their beautiful form and fur.,64,88,50,88,50,106,1.0,1.0,1.0,1.0,1.0,1.0,2.0,1.0,1.0,1.0,0.0,2.0,1.0,0.5,1.0,1.0,0.5,2.0,https://raw.githubusercontent.com/PokeAPI/cries/main/cries/pokemon/latest/510.ogg,https://raw.githubusercontent.com/PokeAPI/sprites/master/sprites/pokemon/510.png,https://raw.githubusercontent.com/PokeAPI/sprites/master/sprites/pokemon/shiny/510.png
511,pansage,Grass Monkey Pokemon,Generation-v,False,False,grass,0.6,10.5,"Gluttony, Overgrow (Hidden)",Unknown Habitat,None,This Pokemon dwells deep in the forest. Eating a leaf from its head whisks weariness away as if by magic.,50,53,48,53,48,64,1.0,2.0,0.5,0.5,0.5,2.0,1.0,2.0,0.5,2.0,1.0,2.0,1.0,1.0,1.0,1.0,1.0,1.0,https://raw.githubusercontent.com/PokeAPI/cries/main/cries/pokemon/latest/511.ogg,https://raw.githubusercontent.com/PokeAPI/sprites/master/sprites/pokemon/511.png,https://raw.githubusercontent.com/PokeAPI/sprites/master/sprites/pokemon/shiny/511.png
512,simisage,Thorn Monkey Pokemon,Generation-v,False,False,grass,1.1,30.5,"Gluttony, Overgrow (Hidden)",Unknown Habitat,Pansage,"Ill tempered, it fights by swinging its barbed tail around wildly. The leaf growing on its head is very bitter.",75,98,63,98,63,101,1.0,2.0,0.5,0.5,0.5,2.0,1.0,2.0,0.5,2.0,1.0,2.0,1.0,1.0,1.0,1.0,1.0,1.0,https://raw.githubusercontent.com/PokeAPI/cries/main/cries/pokemon/latest/512.ogg,https://raw.githubusercontent.com/PokeAPI/sprites/master/sprites/pokemon/512.png,https://raw.githubusercontent.com/PokeAPI/sprites/master/sprites/pokemon/shiny/512.png
513,pansear,High Temp Pokemon,Generation-v,False,False,fire,0.6,11.0,"Gluttony, Blaze (Hidden)",Unknown Habitat,None,"When it is angered, the temperature of its head tuft reaches 600° F. It uses its tuft to roast berries.",50,53,48,53,48,64,1.0,0.5,2.0,1.0,0.5,0.5,1.0,1.0,2.0,1.0,1.0,0.5,2.0,1.0,1.0,0.5,1.0,0.5,https://raw.githubusercontent.com/PokeAPI/cries/main/cries/pokemon/latest/513.ogg,https://raw.githubusercontent.com/PokeAPI/sprites/master/sprites/pokemon/513.png,https://raw.githubusercontent.com/PokeAPI/sprites/master/sprites/pokemon/shiny/513.png
514,simisear,Ember Pokemon,Generation-v,False,False,fire,1.0,28.0,"Gluttony, Blaze (Hidden)",Unknown Habitat,Pansear,It loves sweets because they become energy for the fire burning inside its body.,75,98,63,98,63,101,1.0,0.5,2.0,1.0,0.5,0.5,1.0,1.0,2.0,1.0,1.0,0.5,2.0,1.0,1.0,0.5,1.0,0.5,https://raw.githubusercontent.com/PokeAPI/cries/main/cries/pokemon/latest/514.ogg,https://raw.githubusercontent.com/PokeAPI/sprites/master/sprites/pokemon/514.png,https://raw.githubusercontent.com/PokeAPI/sprites/master/sprites/pokemon/shiny/514.png
515,panpour,Spray Pokemon,Generation-v,False,False,water,0.6,13.5,"Gluttony, Torrent (Hidden)",Unknown Habitat,None,The water stored inside the tuft on its head is full of nutrients. Plants that receive its water grow large.,50,53,48,53,48,64,1.0,0.5,0.5,2.0,2.0,0.5,1.0,1.0,1.0,1.0,1.0,1.0,1.0,1.0,1.0,0.5,1.0,1.0,https://raw.githubusercontent.com/PokeAPI/cries/main/cries/pokemon/latest/515.ogg,https://raw.githubusercontent.com/PokeAPI/sprites/master/sprites/pokemon/515.png,https://raw.githubusercontent.com/PokeAPI/sprites/master/sprites/pokemon/shiny/515.png
516,simipour,Geyser Pokemon,Generation-v,False,False,water,1.0,29.0,"Gluttony, Torrent (Hidden)",Unknown Habitat,Panpour,"The tuft on its head holds water. When the level runs low, it replenishes the tuft by siphoning up water with its tail.",75,98,63,98,63,101,1.0,0.5,0.5,2.0,2.0,0.5,1.0,1.0,1.0,1.0,1.0,1.0,1.0,1.0,1.0,0.5,1.0,1.0,https://raw.githubusercontent.com/PokeAPI/cries/main/cries/pokemon/latest/516.ogg,https://raw.githubusercontent.com/PokeAPI/sprites/master/sprites/pokemon/516.png,https://raw.githubusercontent.com/PokeAPI/sprites/master/sprites/pokemon/shiny/516.png
517,munna,Dream Eater Pokemon,Generation-v,False,False,psychic,0.6,23.3,"Forewarn, Synchronize, Telepathy (Hidden)",Unknown Habitat,None,Munna always float in the air. People whose dreams are eaten by them forget what the dreams had been about.,76,25,45,67,55,24,1.0,1.0,1.0,1.0,1.0,1.0,0.5,1.0,1.0,1.0,0.5,2.0,1.0,2.0,1.0,1.0,2.0,1.0,https://raw.githubusercontent.com/PokeAPI/cries/main/cries/pokemon/latest/517.ogg,https://raw.githubusercontent.com/PokeAPI/sprites/master/sprites/pokemon/517.png,https://raw.githubusercontent.com/PokeAPI/sprites/master/sprites/pokemon/shiny/517.png
518,musharna,Drowsing Pokemon,Generation-v,False,False,psychic,1.1,60.5,"Forewarn, Synchronize, Telepathy (Hidden)",Unknown Habitat,Munna,The mist emanating from their foreheads is packed with the dreams of people and Pokemon.,116,55,85,107,95,29,1.0,1.0,1.0,1.0,1.0,1.0,0.5,1.0,1.0,1.0,0.5,2.0,1.0,2.0,1.0,1.0,2.0,1.0,https://raw.githubusercontent.com/PokeAPI/cries/main/cries/pokemon/latest/518.ogg,https://raw.githubusercontent.com/PokeAPI/sprites/master/sprites/pokemon/518.png,https://raw.githubusercontent.com/PokeAPI/sprites/master/sprites/pokemon/shiny/518.png
519,pidove,Tiny Pigeon Pokemon,Generation-v,False,False,"normal, flying",0.3,2.1,"Big pecks, Super luck, Rivalry (Hidden)",Unknown Habitat,None,"Each follows its Trainer’s orders as best it can, but they sometimes fail to understand complicated commands.",50,55,50,36,30,43,1.0,1.0,1.0,2.0,0.5,2.0,1.0,1.0,0.0,1.0,1.0,0.5,2.0,0.0,1.0,1.0,1.0,1.0,https://raw.githubusercontent.com/PokeAPI/cries/main/cries/pokemon/latest/519.ogg,https://raw.githubusercontent.com/PokeAPI/sprites/master/sprites/pokemon/519.png,https://raw.githubusercontent.com/PokeAPI/sprites/master/sprites/pokemon/shiny/519.png
520,tranquill,Wild Pigeon Pokemon,Generation-v,False,False,"normal, flying",0.6,15.0,"Big pecks, Super luck, Rivalry (Hidden)",Unknown Habitat,Pidove,It can return to its Trainer’s location regardless of the distance separating them.,62,77,62,50,42,65,1.0,1.0,1.0,2.0,0.5,2.0,1.0,1.0,0.0,1.0,1.0,0.5,2.0,0.0,1.0,1.0,1.0,1.0,https://raw.githubusercontent.com/PokeAPI/cries/main/cries/pokemon/latest/520.ogg,https://raw.githubusercontent.com/PokeAPI/sprites/master/sprites/pokemon/520.png,https://raw.githubusercontent.com/PokeAPI/sprites/master/sprites/pokemon/shiny/520.png
521,unfezant,Proud Pokemon,Generation-v,False,False,"normal, flying",1.2,29.0,"Big pecks, Super luck, Rivalry (Hidden)",Unknown Habitat,Tranquill,Males swing their head plumage to threaten opponents. The females’ flying abilities surpass those of the males.,80,115,80,65,55,93,1.0,1.0,1.0,2.0,0.5,2.0,1.0,1.0,0.0,1.0,1.0,0.5,2.0,0.0,1.0,1.0,1.0,1.0,https://raw.githubusercontent.com/PokeAPI/cries/main/cries/pokemon/latest/521.ogg,https://raw.githubusercontent.com/PokeAPI/sprites/master/sprites/pokemon/521.png,https://raw.githubusercontent.com/PokeAPI/sprites/master/sprites/pokemon/shiny/521.png
522,blitzle,Electrified Pokemon,Generation-v,False,False,electric,0.8,29.8,"Lightning rod, Motor drive, Sap sipper (Hidden)",Unknown Habitat,None,"When thunderclouds cover the sky, it will appear. It can catch lightning with its mane and store the electricity.",45,60,32,50,32,76,1.0,1.0,1.0,0.5,1.0,1.0,1.0,1.0,2.0,0.5,1.0,1.0,1.0,1.0,1.0,0.5,1.0,1.0,https://raw.githubusercontent.com/PokeAPI/cries/main/cries/pokemon/latest/522.ogg,https://raw.githubusercontent.com/PokeAPI/sprites/master/sprites/pokemon/522.png,https://raw.githubusercontent.com/PokeAPI/sprites/master/sprites/pokemon/shiny/522.png
523,zebstrika,Thunderbolt Pokemon,Generation-v,False,False,electric,1.6,79.5,"Lightning rod, Motor drive, Sap sipper (Hidden)",Unknown Habitat,Blitzle,"They have lightning-like movements. When Zebstrika run at full speed, the sound of thunder reverberates.",75,100,63,80,63,116,1.0,1.0,1.0,0.5,1.0,1.0,1.0,1.0,2.0,0.5,1.0,1.0,1.0,1.0,1.0,0.5,1.0,1.0,https://raw.githubusercontent.com/PokeAPI/cries/main/cries/pokemon/latest/523.ogg,https://raw.githubusercontent.com/PokeAPI/sprites/master/sprites/pokemon/523.png,https://raw.githubusercontent.com/PokeAPI/sprites/master/sprites/pokemon/shiny/523.png
524,roggenrola,Mantle Pokemon,Generation-v,False,False,rock,0.4,18.0,"Sturdy, Weak armor, Sand force (Hidden)",Unknown Habitat,None,"Its ear is hexagonal in shape. Compressed underground, its body is as hard as steel.",55,75,85,25,25,15,0.5,0.5,2.0,1.0,2.0,1.0,2.0,0.5,2.0,0.5,1.0,1.0,1.0,1.0,1.0,2.0,1.0,1.0,https://raw.githubusercontent.com/PokeAPI/cries/main/cries/pokemon/latest/524.ogg,https://raw.githubusercontent.com/PokeAPI/sprites/master/sprites/pokemon/524.png,https://raw.githubusercontent.com/PokeAPI/sprites/master/sprites/pokemon/shiny/524.png
525,boldore,Ore Pokemon,Generation-v,False,False,rock,0.9,102.0,"Sturdy, Weak armor, Sand force (Hidden)",Unknown Habitat,Roggenrola,"When it overflows with power, the orange crystal on its body glows. It looks for underground water in caves.",70,105,105,50,40,20,0.5,0.5,2.0,1.0,2.0,1.0,2.0,0.5,2.0,0.5,1.0,1.0,1.0,1.0,1.0,2.0,1.0,1.0,https://raw.githubusercontent.com/PokeAPI/cries/main/cries/pokemon/latest/525.ogg,https://raw.githubusercontent.com/PokeAPI/sprites/master/sprites/pokemon/525.png,https://raw.githubusercontent.com/PokeAPI/sprites/master/sprites/pokemon/shiny/525.png
526,gigalith,Compressed Pokemon,Generation-v,False,False,rock,1.7,260.0,"Sturdy, Sand stream, Sand force (Hidden)",Unknown Habitat,Boldore,Compressing the energy from its internal core lets it fire off an attack capable of blowing away a mountain.,85,135,130,60,80,25,0.5,0.5,2.0,1.0,2.0,1.0,2.0,0.5,2.0,0.5,1.0,1.0,1.0,1.0,1.0,2.0,1.0,1.0,https://raw.githubusercontent.com/PokeAPI/cries/main/cries/pokemon/latest/526.ogg,https://raw.githubusercontent.com/PokeAPI/sprites/master/sprites/pokemon/526.png,https://raw.githubusercontent.com/PokeAPI/sprites/master/sprites/pokemon/shiny/526.png
527,woobat,Bat Pokemon,Generation-v,False,False,"psychic, flying",0.4,2.1,"Unaware, Klutz, Simple (Hidden)",Unknown Habitat,None,Its habitat is dark forests and caves. It emits ultrasonic waves from its nose to learn about its surroundings.,65,45,43,55,43,72,1.0,1.0,1.0,2.0,0.5,2.0,0.25,1.0,0.0,1.0,0.5,1.0,2.0,2.0,1.0,1.0,2.0,1.0,https://raw.githubusercontent.com/PokeAPI/cries/main/cries/pokemon/latest/527.ogg,https://raw.githubusercontent.com/PokeAPI/sprites/master/sprites/pokemon/527.png,https://raw.githubusercontent.com/PokeAPI/sprites/master/sprites/pokemon/shiny/527.png
528,swoobat,Courting Pokemon,Generation-v,False,False,"psychic, flying",0.9,10.5,"Unaware, Klutz, Simple (Hidden)",Unknown Habitat,Woobat,"It emits sound waves of various frequencies from its nose, including some powerful enough to destroy rocks.",67,57,55,77,55,114,1.0,1.0,1.0,2.0,0.5,2.0,0.25,1.0,0.0,1.0,0.5,1.0,2.0,2.0,1.0,1.0,2.0,1.0,https://raw.githubusercontent.com/PokeAPI/cries/main/cries/pokemon/latest/528.ogg,https://raw.githubusercontent.com/PokeAPI/sprites/master/sprites/pokemon/528.png,https://raw.githubusercontent.com/PokeAPI/sprites/master/sprites/pokemon/shiny/528.png
529,drilbur,Mole Pokemon,Generation-v,False,False,ground,0.3,8.5,"Sand rush, Sand force, Mold breaker (Hidden)",Unknown Habitat,None,It can dig through the ground at a speed of 30 mph. It could give a car running aboveground a good race.,60,85,40,30,45,68,1.0,1.0,2.0,0.0,2.0,2.0,1.0,0.5,1.0,1.0,1.0,1.0,0.5,1.0,1.0,1.0,1.0,1.0,https://raw.githubusercontent.com/PokeAPI/cries/main/cries/pokemon/latest/529.ogg,https://raw.githubusercontent.com/PokeAPI/sprites/master/sprites/pokemon/529.png,https://raw.githubusercontent.com/PokeAPI/sprites/master/sprites/pokemon/shiny/529.png
530,excadrill,Subterrene Pokemon,Generation-v,False,False,"ground, steel",0.7,40.4,"Sand rush, Sand force, Mold breaker (Hidden)",Unknown Habitat,Drilbur,It can help in tunnel construction. Its drill has evolved into steel strong enough to bore through iron plates.,110,135,60,50,65,88,0.5,2.0,2.0,0.0,1.0,1.0,2.0,0.0,2.0,0.5,0.5,0.5,0.25,1.0,0.5,0.5,1.0,0.5,https://raw.githubusercontent.com/PokeAPI/cries/main/cries/pokemon/latest/530.ogg,https://raw.githubusercontent.com/PokeAPI/sprites/master/sprites/pokemon/530.png,https://raw.githubusercontent.com/PokeAPI/sprites/master/sprites/pokemon/shiny/530.png
531,audino,Hearing Pokemon,Generation-v,False,False,normal,1.1,31.0,"Healer, Regenerator, Klutz (Hidden)",Unknown Habitat,None,"It touches others with the feelers on its ears, using the sound of their heartbeats to tell how they are feeling.",103,60,86,60,86,50,1.0,1.0,1.0,1.0,1.0,1.0,2.0,1.0,1.0,1.0,1.0,1.0,1.0,0.0,1.0,1.0,1.0,1.0,https://raw.githubusercontent.com/PokeAPI/cries/main/cries/pokemon/latest/531.ogg,https://raw.githubusercontent.com/PokeAPI/sprites/master/sprites/pokemon/531.png,https://raw.githubusercontent.com/PokeAPI/sprites/master/sprites/pokemon/shiny/531.png
532,timburr,Muscular Pokemon,Generation-v,False,False,fighting,0.6,12.5,"Guts, Sheer force, Iron fist (Hidden)",Unknown Habitat,None,It fights by swinging a piece of lumber around. It is close to evolving when it can handle the lumber without difficulty.,75,80,55,25,35,35,1.0,1.0,1.0,1.0,1.0,1.0,1.0,1.0,1.0,2.0,2.0,0.5,0.5,1.0,1.0,1.0,0.5,2.0,https://raw.githubusercontent.com/PokeAPI/cries/main/cries/pokemon/latest/532.ogg,https://raw.githubusercontent.com/PokeAPI/sprites/master/sprites/pokemon/532.png,https://raw.githubusercontent.com/PokeAPI/sprites/master/sprites/pokemon/shiny/532.png
533,gurdurr,Muscular Pokemon,Generation-v,False,False,fighting,1.2,40.0,"Guts, Sheer force, Iron fist (Hidden)",Unknown Habitat,Timburr,This Pokemon is so muscular and strongly built that even a group of wrestlers could not make it budge an inch.,85,105,85,40,50,40,1.0,1.0,1.0,1.0,1.0,1.0,1.0,1.0,1.0,2.0,2.0,0.5,0.5,1.0,1.0,1.0,0.5,2.0,https://raw.githubusercontent.com/PokeAPI/cries/main/cries/pokemon/latest/533.ogg,https://raw.githubusercontent.com/PokeAPI/sprites/master/sprites/pokemon/533.png,https://raw.githubusercontent.com/PokeAPI/sprites/master/sprites/pokemon/shiny/533.png
534,conkeldurr,Muscular Pokemon,Generation-v,False,False,fighting,1.4,87.0,"Guts, Sheer force, Iron fist (Hidden)",Unknown Habitat,Gurdurr,"It is thought that Conkeldurr taught humans how to make concrete more than 2,000 years ago.",105,140,95,55,65,45,1.0,1.0,1.0,1.0,1.0,1.0,1.0,1.0,1.0,2.0,2.0,0.5,0.5,1.0,1.0,1.0,0.5,2.0,https://raw.githubusercontent.com/PokeAPI/cries/main/cries/pokemon/latest/534.ogg,https://raw.githubusercontent.com/PokeAPI/sprites/master/sprites/pokemon/534.png,https://raw.githubusercontent.com/PokeAPI/sprites/master/sprites/pokemon/shiny/534.png
535,tympole,Tadpole Pokemon,Generation-v,False,False,water,0.5,4.5,"Swift swim, Hydration, Water absorb (Hidden)",Unknown Habitat,None,They warn others of danger by vibrating their cheeks to create a high-pitched sound.,50,50,40,50,40,64,1.0,0.5,0.5,2.0,2.0,0.5,1.0,1.0,1.0,1.0,1.0,1.0,1.0,1.0,1.0,0.5,1.0,1.0,https://raw.githubusercontent.com/PokeAPI/cries/main/cries/pokemon/latest/535.ogg,https://raw.githubusercontent.com/PokeAPI/sprites/master/sprites/pokemon/535.png,https://raw.githubusercontent.com/PokeAPI/sprites/master/sprites/pokemon/shiny/535.png
536,palpitoad,Vibration Pokemon,Generation-v,False,False,"water, ground",0.8,17.0,"Swift swim, Hydration, Water absorb (Hidden)",Unknown Habitat,Tympole,"When they vibrate the bumps on their heads, they can make waves in water or earthquake-like vibrations on land.",75,65,55,65,55,69,1.0,0.5,1.0,0.0,4.0,1.0,1.0,0.5,1.0,1.0,1.0,1.0,0.5,1.0,1.0,0.5,1.0,1.0,https://raw.githubusercontent.com/PokeAPI/cries/main/cries/pokemon/latest/536.ogg,https://raw.githubusercontent.com/PokeAPI/sprites/master/sprites/pokemon/536.png,https://raw.githubusercontent.com/PokeAPI/sprites/master/sprites/pokemon/shiny/536.png
537,seismitoad,Vibration Pokemon,Generation-v,False,False,"water, ground",1.5,62.0,"Swift swim, Poison touch, Water absorb (Hidden)",Unknown Habitat,Palpitoad,They shoot paralyzing liquid from their head bumps. They use vibration to hurt their opponents.,105,95,75,85,75,74,1.0,0.5,1.0,0.0,4.0,1.0,1.0,0.5,1.0,1.0,1.0,1.0,0.5,1.0,1.0,0.5,1.0,1.0,https://raw.githubusercontent.com/PokeAPI/cries/main/cries/pokemon/latest/537.ogg,https://raw.githubusercontent.com/PokeAPI/sprites/master/sprites/pokemon/537.png,https://raw.githubusercontent.com/PokeAPI/sprites/master/sprites/pokemon/shiny/537.png
538,throh,Judo Pokemon,Generation-v,False,False,fighting,1.3,55.5,"Guts, Inner focus, Mold breaker (Hidden)",Unknown Habitat,None,"When it tightens its belt, it becomes stronger. Wild Throh use vines to weave their own belts.",120,100,85,30,85,45,1.0,1.0,1.0,1.0,1.0,1.0,1.0,1.0,1.0,2.0,2.0,0.5,0.5,1.0,1.0,1.0,0.5,2.0,https://raw.githubusercontent.com/PokeAPI/cries/main/cries/pokemon/latest/538.ogg,https://raw.githubusercontent.com/PokeAPI/sprites/master/sprites/pokemon/538.png,https://raw.githubusercontent.com/PokeAPI/sprites/master/sprites/pokemon/shiny/538.png
539,sawk,Karate Pokemon,Generation-v,False,False,fighting,1.4,51.0,"Sturdy, Inner focus, Mold breaker (Hidden)",Unknown Habitat,None,The sound of Sawk punching boulders and trees can be heard all the way from the mountains where they train.,75,125,75,30,75,85,1.0,1.0,1.0,1.0,1.0,1.0,1.0,1.0,1.0,2.0,2.0,0.5,0.5,1.0,1.0,1.0,0.5,2.0,https://raw.githubusercontent.com/PokeAPI/cries/main/cries/pokemon/latest/539.ogg,https://raw.githubusercontent.com/PokeAPI/sprites/master/sprites/pokemon/539.png,https://raw.githubusercontent.com/PokeAPI/sprites/master/sprites/pokemon/shiny/539.png
540,sewaddle,Sewing Pokemon,Generation-v,False,False,"bug, grass",0.3,2.5,"Swarm, Chlorophyll, Overcoat (Hidden)",Unknown Habitat,None,Leavanny dress it in clothes they made for it when it hatched. It hides its head in its hood while it is sleeping.,45,53,70,40,60,42,1.0,4.0,0.5,0.5,0.25,2.0,0.5,2.0,0.25,4.0,1.0,2.0,2.0,1.0,1.0,1.0,1.0,1.0,https://raw.githubusercontent.com/PokeAPI/cries/main/cries/pokemon/latest/540.ogg,https://raw.githubusercontent.com/PokeAPI/sprites/master/sprites/pokemon/540.png,https://raw.githubusercontent.com/PokeAPI/sprites/master/sprites/pokemon/shiny/540.png
541,swadloon,Leaf-Wrapped Pokemon,Generation-v,False,False,"bug, grass",0.5,7.3,"Leaf guard, Chlorophyll, Overcoat (Hidden)",Unknown Habitat,Sewaddle,Forests where Swadloon live have superb foliage because the nutrients they make from fallen leaves nourish the plant life.,55,63,90,50,80,42,1.0,4.0,0.5,0.5,0.25,2.0,0.5,2.0,0.25,4.0,1.0,2.0,2.0,1.0,1.0,1.0,1.0,1.0,https://raw.githubusercontent.com/PokeAPI/cries/main/cries/pokemon/latest/541.ogg,https://raw.githubusercontent.com/PokeAPI/sprites/master/sprites/pokemon/541.png,https://raw.githubusercontent.com/PokeAPI/sprites/master/sprites/pokemon/shiny/541.png
542,leavanny,Nurturing Pokemon,Generation-v,False,False,"bug, grass",1.2,20.5,"Swarm, Chlorophyll, Overcoat (Hidden)",Unknown Habitat,Swadloon,"Upon finding a small Pokemon, it weaves clothing for it from leaves, using the cutters on its arms and sticky silk.",75,103,80,70,80,92,1.0,4.0,0.5,0.5,0.25,2.0,0.5,2.0,0.25,4.0,1.0,2.0,2.0,1.0,1.0,1.0,1.0,1.0,https://raw.githubusercontent.com/PokeAPI/cries/main/cries/pokemon/latest/542.ogg,https://raw.githubusercontent.com/PokeAPI/sprites/master/sprites/pokemon/542.png,https://raw.githubusercontent.com/PokeAPI/sprites/master/sprites/pokemon/shiny/542.png
543,venipede,Centipede Pokemon,Generation-v,False,False,"bug, poison",0.4,5.3,"Poison point, Swarm, Speed boost (Hidden)",Unknown Habitat,None,"Its bite injects a potent poison, enough to paralyze large bird Pokemon that try to prey on it.",30,45,59,30,39,57,1.0,2.0,1.0,1.0,0.25,1.0,0.25,0.5,1.0,2.0,2.0,0.5,2.0,1.0,1.0,1.0,1.0,0.5,https://raw.githubusercontent.com/PokeAPI/cries/main/cries/pokemon/latest/543.ogg,https://raw.githubusercontent.com/PokeAPI/sprites/master/sprites/pokemon/543.png,https://raw.githubusercontent.com/PokeAPI/sprites/master/sprites/pokemon/shiny/543.png
544,whirlipede,Curlipede Pokemon,Generation-v,False,False,"bug, poison",1.2,58.5,"Poison point, Swarm, Speed boost (Hidden)",Unknown Habitat,Venipede,"Protected by a hard shell, it spins its body like a wheel and crashes furiously into its enemies.",40,55,99,40,79,47,1.0,2.0,1.0,1.0,0.25,1.0,0.25,0.5,1.0,2.0,2.0,0.5,2.0,1.0,1.0,1.0,1.0,0.5,https://raw.githubusercontent.com/PokeAPI/cries/main/cries/pokemon/latest/544.ogg,https://raw.githubusercontent.com/PokeAPI/sprites/master/sprites/pokemon/544.png,https://raw.githubusercontent.com/PokeAPI/sprites/master/sprites/pokemon/shiny/544.png
545,scolipede,Megapede Pokemon,Generation-v,False,False,"bug, poison",2.5,200.5,"Poison point, Swarm, Speed boost (Hidden)",Unknown Habitat,Whirlipede,"With quick movements, it chases down its foes, attacking relentlessly with its horns until it prevails.",60,100,89,55,69,112,1.0,2.0,1.0,1.0,0.25,1.0,0.25,0.5,1.0,2.0,2.0,0.5,2.0,1.0,1.0,1.0,1.0,0.5,https://raw.githubusercontent.com/PokeAPI/cries/main/cries/pokemon/latest/545.ogg,https://raw.githubusercontent.com/PokeAPI/sprites/master/sprites/pokemon/545.png,https://raw.githubusercontent.com/PokeAPI/sprites/master/sprites/pokemon/shiny/545.png
546,cottonee,Cotton Puff Pokemon,Generation-v,False,False,"grass, fairy",0.3,0.6,"Prankster, Infiltrator, Chlorophyll (Hidden)",Unknown Habitat,None,"When attacked, it escapes by shooting cotton from its body. The cotton serves as a decoy to distract the attacker.",40,27,60,37,50,66,1.0,2.0,0.5,0.5,0.5,2.0,0.5,4.0,0.5,2.0,1.0,1.0,1.0,1.0,0.0,2.0,0.5,1.0,https://raw.githubusercontent.com/PokeAPI/cries/main/cries/pokemon/latest/546.ogg,https://raw.githubusercontent.com/PokeAPI/sprites/master/sprites/pokemon/546.png,https://raw.githubusercontent.com/PokeAPI/sprites/master/sprites/pokemon/shiny/546.png
547,whimsicott,Windveiled Pokemon,Generation-v,False,False,"grass, fairy",0.7,6.6,"Prankster, Infiltrator, Chlorophyll (Hidden)",Unknown Habitat,Cottonee,"Like the wind, it can slip through any gap, no matter how small. It leaves balls of white fluff behind.",60,67,85,77,75,116,1.0,2.0,0.5,0.5,0.5,2.0,0.5,4.0,0.5,2.0,1.0,1.0,1.0,1.0,0.0,2.0,0.5,1.0,https://raw.githubusercontent.com/PokeAPI/cries/main/cries/pokemon/latest/547.ogg,https://raw.githubusercontent.com/PokeAPI/sprites/master/sprites/pokemon/547.png,https://raw.githubusercontent.com/PokeAPI/sprites/master/sprites/pokemon/shiny/547.png
548,petilil,Bulb Pokemon,Generation-v,False,False,grass,0.5,6.6,"Chlorophyll, Own tempo, Leaf guard (Hidden)",Unknown Habitat,None,The leaves on its head are very bitter. Eating one of these leaves is known to refresh a tired body.,45,35,50,70,50,30,1.0,2.0,0.5,0.5,0.5,2.0,1.0,2.0,0.5,2.0,1.0,2.0,1.0,1.0,1.0,1.0,1.0,1.0,https://raw.githubusercontent.com/PokeAPI/cries/main/cries/pokemon/latest/548.ogg,https://raw.githubusercontent.com/PokeAPI/sprites/master/sprites/pokemon/548.png,https://raw.githubusercontent.com/PokeAPI/sprites/master/sprites/pokemon/shiny/548.png
549,lilligant,Flowering Pokemon,Generation-v,False,False,grass,1.1,16.3,"Chlorophyll, Own tempo, Leaf guard (Hidden)",Unknown Habitat,Petilil,Even veteran Trainers face a challenge in getting its beautiful flower to bloom. This Pokemon is popular with celebrities.,70,60,75,110,75,90,1.0,2.0,0.5,0.5,0.5,2.0,1.0,2.0,0.5,2.0,1.0,2.0,1.0,1.0,1.0,1.0,1.0,1.0,https://raw.githubusercontent.com/PokeAPI/cries/main/cries/pokemon/latest/549.ogg,https://raw.githubusercontent.com/PokeAPI/sprites/master/sprites/pokemon/549.png,https://raw.githubusercontent.com/PokeAPI/sprites/master/sprites/pokemon/shiny/549.png
550,basculin-red-striped,Hostile Pokemon,Generation-v,False,False,water,1.0,18.0,"Reckless, Adaptability, Mold breaker (Hidden)",Unknown Habitat,None,"Red and blue Basculin get along so poorly, they’ll start fighting instantly. These Pokemon are very hostile.",70,92,65,80,55,98,1.0,0.5,0.5,2.0,2.0,0.5,1.0,1.0,1.0,1.0,1.0,1.0,1.0,1.0,1.0,0.5,1.0,1.0,https://raw.githubusercontent.com/PokeAPI/cries/main/cries/pokemon/latest/550.ogg,https://raw.githubusercontent.com/PokeAPI/sprites/master/sprites/pokemon/550.png,https://raw.githubusercontent.com/PokeAPI/sprites/master/sprites/pokemon/shiny/550.png
551,sandile,Desert Croc Pokemon,Generation-v,False,False,"ground, dark",0.7,15.2,"Intimidate, Moxie, Anger point (Hidden)",Unknown Habitat,None,They live buried in the sands of the desert. The sun-warmed sands prevent their body temperature from dropping.,50,72,35,35,35,65,1.0,1.0,2.0,0.0,2.0,2.0,2.0,0.5,1.0,1.0,0.0,2.0,0.5,0.5,1.0,1.0,0.5,2.0,https://raw.githubusercontent.com/PokeAPI/cries/main/cries/pokemon/latest/551.ogg,https://raw.githubusercontent.com/PokeAPI/sprites/master/sprites/pokemon/551.png,https://raw.githubusercontent.com/PokeAPI/sprites/master/sprites/pokemon/shiny/551.png
552,krokorok,Desert Croc Pokemon,Generation-v,False,False,"ground, dark",1.0,33.4,"Intimidate, Moxie, Anger point (Hidden)",Unknown Habitat,Sandile,They live in groups of a few individuals. Protective membranes shield their eyes from sandstorms.,60,82,45,45,45,74,1.0,1.0,2.0,0.0,2.0,2.0,2.0,0.5,1.0,1.0,0.0,2.0,0.5,0.5,1.0,1.0,0.5,2.0,https://raw.githubusercontent.com/PokeAPI/cries/main/cries/pokemon/latest/552.ogg,https://raw.githubusercontent.com/PokeAPI/sprites/master/sprites/pokemon/552.png,https://raw.githubusercontent.com/PokeAPI/sprites/master/sprites/pokemon/shiny/552.png
553,krookodile,Intimidation Pokemon,Generation-v,False,False,"ground, dark",1.5,96.3,"Intimidate, Moxie, Anger point (Hidden)",Unknown Habitat,Krokorok,"They never allow prey to escape. Their jaws are so powerful, they can crush the body of an automobile.",95,117,80,65,70,92,1.0,1.0,2.0,0.0,2.0,2.0,2.0,0.5,1.0,1.0,0.0,2.0,0.5,0.5,1.0,1.0,0.5,2.0,https://raw.githubusercontent.com/PokeAPI/cries/main/cries/pokemon/latest/553.ogg,https://raw.githubusercontent.com/PokeAPI/sprites/master/sprites/pokemon/553.png,https://raw.githubusercontent.com/PokeAPI/sprites/master/sprites/pokemon/shiny/553.png
554,darumaka,Zen Charm Pokemon,Generation-v,False,False,fire,0.6,37.5,"Hustle, Inner focus (Hidden)",Unknown Habitat,None,"When its internal fire is burning, it cannot calm down and it runs around. When the fire diminishes, it falls asleep.",70,90,45,15,45,50,1.0,0.5,2.0,1.0,0.5,0.5,1.0,1.0,2.0,1.0,1.0,0.5,2.0,1.0,1.0,0.5,1.0,0.5,https://raw.githubusercontent.com/PokeAPI/cries/main/cries/pokemon/latest/554.ogg,https://raw.githubusercontent.com/PokeAPI/sprites/master/sprites/pokemon/554.png,https://raw.githubusercontent.com/PokeAPI/sprites/master/sprites/pokemon/shiny/554.png
555,darmanitan-standard,Blazing Pokemon,Generation-v,False,False,fire,1.3,92.9,"Sheer force, Zen mode (Hidden)",Unknown Habitat,Darumaka,"Its internal fire burns at 2,500° F, making enough power that it can destroy a dump truck with one punch.",105,140,55,30,55,95,1.0,0.5,2.0,1.0,0.5,0.5,1.0,1.0,2.0,1.0,1.0,0.5,2.0,1.0,1.0,0.5,1.0,0.5,https://raw.githubusercontent.com/PokeAPI/cries/main/cries/pokemon/latest/555.ogg,https://raw.githubusercontent.com/PokeAPI/sprites/master/sprites/pokemon/555.png,https://raw.githubusercontent.com/PokeAPI/sprites/master/sprites/pokemon/shiny/555.png
556,maractus,Cactus Pokemon,Generation-v,False,False,grass,1.0,28.0,"Water absorb, Chlorophyll, Storm drain (Hidden)",Unknown Habitat,None,It uses an up-tempo song and dance to drive away the bird Pokemon that prey on its flower seeds.,75,86,67,106,67,60,1.0,2.0,0.5,0.5,0.5,2.0,1.0,2.0,0.5,2.0,1.0,2.0,1.0,1.0,1.0,1.0,1.0,1.0,https://raw.githubusercontent.com/PokeAPI/cries/main/cries/pokemon/latest/556.ogg,https://raw.githubusercontent.com/PokeAPI/sprites/master/sprites/pokemon/556.png,https://raw.githubusercontent.com/PokeAPI/sprites/master/sprites/pokemon/shiny/556.png
557,dwebble,Rock Inn Pokemon,Generation-v,False,False,"bug, rock",0.3,14.5,"Sturdy, Shell armor, Weak armor (Hidden)",Unknown Habitat,None,This Pokemon can easily melt holes in hard rocks with a liquid secreted from its mouth.,50,65,85,35,35,55,0.5,1.0,2.0,1.0,1.0,1.0,1.0,0.5,1.0,1.0,1.0,1.0,2.0,1.0,1.0,2.0,1.0,1.0,https://raw.githubusercontent.com/PokeAPI/cries/main/cries/pokemon/latest/557.ogg,https://raw.githubusercontent.com/PokeAPI/sprites/master/sprites/pokemon/557.png,https://raw.githubusercontent.com/PokeAPI/sprites/master/sprites/pokemon/shiny/557.png
558,crustle,Stone Home Pokemon,Generation-v,False,False,"bug, rock",1.4,200.0,"Sturdy, Shell armor, Weak armor (Hidden)",Unknown Habitat,Dwebble,"Competing for territory, Crustle fight viciously. The one whose boulder is broken is the loser of the battle.",70,105,125,65,75,45,0.5,1.0,2.0,1.0,1.0,1.0,1.0,0.5,1.0,1.0,1.0,1.0,2.0,1.0,1.0,2.0,1.0,1.0,https://raw.githubusercontent.com/PokeAPI/cries/main/cries/pokemon/latest/558.ogg,https://raw.githubusercontent.com/PokeAPI/sprites/master/sprites/pokemon/558.png,https://raw.githubusercontent.com/PokeAPI/sprites/master/sprites/pokemon/shiny/558.png
559,scraggy,Shedding Pokemon,Generation-v,False,False,"dark, fighting",0.6,11.8,"Shed skin, Moxie, Intimidate (Hidden)",Unknown Habitat,None,"Its skin has a rubbery elasticity, so it can reduce damage by defensively pulling its skin up to its neck.",50,75,70,35,70,48,1.0,1.0,1.0,1.0,1.0,1.0,2.0,1.0,1.0,2.0,0.0,1.0,0.5,0.5,1.0,1.0,0.25,4.0,https://raw.githubusercontent.com/PokeAPI/cries/main/cries/pokemon/latest/559.ogg,https://raw.githubusercontent.com/PokeAPI/sprites/master/sprites/pokemon/559.png,https://raw.githubusercontent.com/PokeAPI/sprites/master/sprites/pokemon/shiny/559.png
560,scrafty,Hoodlum Pokemon,Generation-v,False,False,"dark, fighting",1.1,30.0,"Shed skin, Moxie, Intimidate (Hidden)",Unknown Habitat,Scraggy,Groups of them beat up anything that enters their territory. Each can spit acidic liquid from its mouth.,65,90,115,45,115,58,1.0,1.0,1.0,1.0,1.0,1.0,2.0,1.0,1.0,2.0,0.0,1.0,0.5,0.5,1.0,1.0,0.25,4.0,https://raw.githubusercontent.com/PokeAPI/cries/main/cries/pokemon/latest/560.ogg,https://raw.githubusercontent.com/PokeAPI/sprites/master/sprites/pokemon/560.png,https://raw.githubusercontent.com/PokeAPI/sprites/master/sprites/pokemon/shiny/560.png
561,sigilyph,Avianoid Pokemon,Generation-v,False,False,"psychic, flying",1.4,14.0,"Wonder skin, Magic guard, Tinted lens (Hidden)",Unknown Habitat,None,"They never vary the route they fly, because their memories of guarding an ancient city remain steadfast.",72,58,80,103,80,97,1.0,1.0,1.0,2.0,0.5,2.0,0.25,1.0,0.0,1.0,0.5,1.0,2.0,2.0,1.0,1.0,2.0,1.0,https://raw.githubusercontent.com/PokeAPI/cries/main/cries/pokemon/latest/561.ogg,https://raw.githubusercontent.com/PokeAPI/sprites/master/sprites/pokemon/561.png,https://raw.githubusercontent.com/PokeAPI/sprites/master/sprites/pokemon/shiny/561.png
562,yamask,Spirit Pokemon,Generation-v,False,False,ghost,0.5,1.5,Mummy,Unknown Habitat,None,Each of them carries a mask that used to be its face when it was human. Sometimes they look at it and cry.,38,30,85,55,65,30,0.0,1.0,1.0,1.0,1.0,1.0,0.0,0.5,1.0,1.0,1.0,0.5,1.0,2.0,1.0,1.0,2.0,1.0,https://raw.githubusercontent.com/PokeAPI/cries/main/cries/pokemon/latest/562.ogg,https://raw.githubusercontent.com/PokeAPI/sprites/master/sprites/pokemon/562.png,https://raw.githubusercontent.com/PokeAPI/sprites/master/sprites/pokemon/shiny/562.png
563,cofagrigus,Coffin Pokemon,Generation-v,False,False,ghost,1.7,76.5,Mummy,Unknown Habitat,Yamask,It has been said that they swallow those who get too close and turn them into mummies. They like to eat gold nuggets.,58,50,145,95,105,30,0.0,1.0,1.0,1.0,1.0,1.0,0.0,0.5,1.0,1.0,1.0,0.5,1.0,2.0,1.0,1.0,2.0,1.0,https://raw.githubusercontent.com/PokeAPI/cries/main/cries/pokemon/latest/563.ogg,https://raw.githubusercontent.com/PokeAPI/sprites/master/sprites/pokemon/563.png,https://raw.githubusercontent.com/PokeAPI/sprites/master/sprites/pokemon/shiny/563.png
564,tirtouga,Prototurtle Pokemon,Generation-v,False,False,"water, rock",0.7,16.5,"Solid rock, Sturdy, Swift swim (Hidden)",Unknown Habitat,None,"Restored from a fossil, this Pokemon can dive to depths beyond half a mile.",54,78,103,53,45,22,0.5,0.25,1.0,2.0,4.0,0.5,2.0,0.5,2.0,0.5,1.0,1.0,1.0,1.0,1.0,1.0,1.0,1.0,https://raw.githubusercontent.com/PokeAPI/cries/main/cries/pokemon/latest/564.ogg,https://raw.githubusercontent.com/PokeAPI/sprites/master/sprites/pokemon/564.png,https://raw.githubusercontent.com/PokeAPI/sprites/master/sprites/pokemon/shiny/564.png
565,carracosta,Prototurtle Pokemon,Generation-v,False,False,"water, rock",1.2,81.0,"Solid rock, Sturdy, Swift swim (Hidden)",Unknown Habitat,Tirtouga,They can live both in the ocean and on land. A slap from one of them is enough to open a hole in the bottom of a tanker.,74,108,133,83,65,32,0.5,0.25,1.0,2.0,4.0,0.5,2.0,0.5,2.0,0.5,1.0,1.0,1.0,1.0,1.0,1.0,1.0,1.0,https://raw.githubusercontent.com/PokeAPI/cries/main/cries/pokemon/latest/565.ogg,https://raw.githubusercontent.com/PokeAPI/sprites/master/sprites/pokemon/565.png,https://raw.githubusercontent.com/PokeAPI/sprites/master/sprites/pokemon/shiny/565.png
566,archen,First Bird Pokemon,Generation-v,False,False,"rock, flying",0.5,9.5,Defeatist,Unknown Habitat,None,"Said to be an ancestor of bird Pokemon, they were unable to fly and moved about by hopping from one branch to another.",55,112,45,74,45,70,0.5,0.5,2.0,2.0,1.0,2.0,1.0,0.5,0.0,0.5,1.0,0.5,2.0,1.0,1.0,2.0,1.0,1.0,https://raw.githubusercontent.com/PokeAPI/cries/main/cries/pokemon/latest/566.ogg,https://raw.githubusercontent.com/PokeAPI/sprites/master/sprites/pokemon/566.png,https://raw.githubusercontent.com/PokeAPI/sprites/master/sprites/pokemon/shiny/566.png
567,archeops,First Bird Pokemon,Generation-v,False,False,"rock, flying",1.4,32.0,Defeatist,Unknown Habitat,Archen,"They are intelligent and will cooperate to catch prey. From the ground, they use a running start to take flight.",75,140,65,112,65,110,0.5,0.5,2.0,2.0,1.0,2.0,1.0,0.5,0.0,0.5,1.0,0.5,2.0,1.0,1.0,2.0,1.0,1.0,https://raw.githubusercontent.com/PokeAPI/cries/main/cries/pokemon/latest/567.ogg,https://raw.githubusercontent.com/PokeAPI/sprites/master/sprites/pokemon/567.png,https://raw.githubusercontent.com/PokeAPI/sprites/master/sprites/pokemon/shiny/567.png
568,trubbish,Trash Bag Pokemon,Generation-v,False,False,poison,0.6,31.0,"Stench, Sticky hold, Aftermath (Hidden)",Unknown Habitat,None,Inhaling the gas they belch will make you sleep for a week. They prefer unsanitary places.,50,50,62,40,62,65,1.0,1.0,1.0,1.0,0.5,1.0,0.5,0.5,2.0,1.0,2.0,0.5,1.0,1.0,1.0,1.0,1.0,0.5,https://raw.githubusercontent.com/PokeAPI/cries/main/cries/pokemon/latest/568.ogg,https://raw.githubusercontent.com/PokeAPI/sprites/master/sprites/pokemon/568.png,https://raw.githubusercontent.com/PokeAPI/sprites/master/sprites/pokemon/shiny/568.png
569,garbodor,Trash Heap Pokemon,Generation-v,False,False,poison,1.9,107.3,"Stench, Weak armor, Aftermath (Hidden)",Unknown Habitat,Trubbish,It clenches opponents with its left arm and finishes them off with foul-smelling poison gas belched from its mouth.,80,95,82,60,82,75,1.0,1.0,1.0,1.0,0.5,1.0,0.5,0.5,2.0,1.0,2.0,0.5,1.0,1.0,1.0,1.0,1.0,0.5,https://raw.githubusercontent.com/PokeAPI/cries/main/cries/pokemon/latest/569.ogg,https://raw.githubusercontent.com/PokeAPI/sprites/master/sprites/pokemon/569.png,https://raw.githubusercontent.com/PokeAPI/sprites/master/sprites/pokemon/shiny/569.png
570,zorua,Tricky Fox Pokemon,Generation-v,False,False,dark,0.7,12.5,Illusion,Unknown Habitat,None,"It changes into the forms of others to surprise them. Apparently, it often transforms into a silent child.",40,65,40,80,40,65,1.0,1.0,1.0,1.0,1.0,1.0,2.0,1.0,1.0,1.0,0.0,2.0,1.0,0.5,1.0,1.0,0.5,2.0,https://raw.githubusercontent.com/PokeAPI/cries/main/cries/pokemon/latest/570.ogg,https://raw.githubusercontent.com/PokeAPI/sprites/master/sprites/pokemon/570.png,https://raw.githubusercontent.com/PokeAPI/sprites/master/sprites/pokemon/shiny/570.png
571,zoroark,Illusion Fox Pokemon,Generation-v,False,False,dark,1.6,81.1,Illusion,Unknown Habitat,Zorua,Bonds between these Pokemon are very strong. It protects the safety of its pack by tricking its opponents.,60,105,60,120,60,105,1.0,1.0,1.0,1.0,1.0,1.0,2.0,1.0,1.0,1.0,0.0,2.0,1.0,0.5,1.0,1.0,0.5,2.0,https://raw.githubusercontent.com/PokeAPI/cries/main/cries/pokemon/latest/571.ogg,https://raw.githubusercontent.com/PokeAPI/sprites/master/sprites/pokemon/571.png,https://raw.githubusercontent.com/PokeAPI/sprites/master/sprites/pokemon/shiny/571.png
572,minccino,Chinchilla Pokemon,Generation-v,False,False,normal,0.4,5.8,"Cute charm, Technician, Skill link (Hidden)",Unknown Habitat,None,"They greet one another by rubbing each other with their tails, which are always kept well groomed and clean.",55,50,40,40,40,75,1.0,1.0,1.0,1.0,1.0,1.0,2.0,1.0,1.0,1.0,1.0,1.0,1.0,0.0,1.0,1.0,1.0,1.0,https://raw.githubusercontent.com/PokeAPI/cries/main/cries/pokemon/latest/572.ogg,https://raw.githubusercontent.com/PokeAPI/sprites/master/sprites/pokemon/572.png,https://raw.githubusercontent.com/PokeAPI/sprites/master/sprites/pokemon/shiny/572.png
573,cinccino,Scarf Pokemon,Generation-v,False,False,normal,0.5,7.5,"Cute charm, Technician, Skill link (Hidden)",Unknown Habitat,Minccino,Their white fur is coated in a special oil that makes it easy for them to deflect attacks.,75,95,60,65,60,115,1.0,1.0,1.0,1.0,1.0,1.0,2.0,1.0,1.0,1.0,1.0,1.0,1.0,0.0,1.0,1.0,1.0,1.0,https://raw.githubusercontent.com/PokeAPI/cries/main/cries/pokemon/latest/573.ogg,https://raw.githubusercontent.com/PokeAPI/sprites/master/sprites/pokemon/573.png,https://raw.githubusercontent.com/PokeAPI/sprites/master/sprites/pokemon/shiny/573.png
574,gothita,Fixation Pokemon,Generation-v,False,False,psychic,0.4,5.8,"Frisk, Competitive, Shadow tag (Hidden)",Unknown Habitat,None,Their ribbonlike feelers increase their psychic power. They are always staring at something.,45,30,50,55,65,45,1.0,1.0,1.0,1.0,1.0,1.0,0.5,1.0,1.0,1.0,0.5,2.0,1.0,2.0,1.0,1.0,2.0,1.0,https://raw.githubusercontent.com/PokeAPI/cries/main/cries/pokemon/latest/574.ogg,https://raw.githubusercontent.com/PokeAPI/sprites/master/sprites/pokemon/574.png,https://raw.githubusercontent.com/PokeAPI/sprites/master/sprites/pokemon/shiny/574.png
575,gothorita,Manipulate Pokemon,Generation-v,False,False,psychic,0.7,18.0,"Frisk, Competitive, Shadow tag (Hidden)",Unknown Habitat,Gothita,They use hypnosis to control people and Pokemon. Tales of Gothorita leading people astray are told in every corner.,60,45,70,75,85,55,1.0,1.0,1.0,1.0,1.0,1.0,0.5,1.0,1.0,1.0,0.5,2.0,1.0,2.0,1.0,1.0,2.0,1.0,https://raw.githubusercontent.com/PokeAPI/cries/main/cries/pokemon/latest/575.ogg,https://raw.githubusercontent.com/PokeAPI/sprites/master/sprites/pokemon/575.png,https://raw.githubusercontent.com/PokeAPI/sprites/master/sprites/pokemon/shiny/575.png
576,gothitelle,Astral Body Pokemon,Generation-v,False,False,psychic,1.5,44.0,"Frisk, Competitive, Shadow tag (Hidden)",Unknown Habitat,Gothorita,Starry skies thousands of light-years away are visible in the space distorted by their intense psychic power.,70,55,95,95,110,65,1.0,1.0,1.0,1.0,1.0,1.0,0.5,1.0,1.0,1.0,0.5,2.0,1.0,2.0,1.0,1.0,2.0,1.0,https://raw.githubusercontent.com/PokeAPI/cries/main/cries/pokemon/latest/576.ogg,https://raw.githubusercontent.com/PokeAPI/sprites/master/sprites/pokemon/576.png,https://raw.githubusercontent.com/PokeAPI/sprites/master/sprites/pokemon/shiny/576.png
577,solosis,Cell Pokemon,Generation-v,False,False,psychic,0.3,1.0,"Overcoat, Magic guard, Regenerator (Hidden)",Unknown Habitat,None,They drive away attackers by unleashing psychic power. They can use telepathy to talk with others.,45,30,40,105,50,20,1.0,1.0,1.0,1.0,1.0,1.0,0.5,1.0,1.0,1.0,0.5,2.0,1.0,2.0,1.0,1.0,2.0,1.0,https://raw.githubusercontent.com/PokeAPI/cries/main/cries/pokemon/latest/577.ogg,https://raw.githubusercontent.com/PokeAPI/sprites/master/sprites/pokemon/577.png,https://raw.githubusercontent.com/PokeAPI/sprites/master/sprites/pokemon/shiny/577.png
578,duosion,Mitosis Pokemon,Generation-v,False,False,psychic,0.6,8.0,"Overcoat, Magic guard, Regenerator (Hidden)",Unknown Habitat,Solosis,"Since they have two divided brains, at times they suddenly try to take two different actions at once.",65,40,50,125,60,30,1.0,1.0,1.0,1.0,1.0,1.0,0.5,1.0,1.0,1.0,0.5,2.0,1.0,2.0,1.0,1.0,2.0,1.0,https://raw.githubusercontent.com/PokeAPI/cries/main/cries/pokemon/latest/578.ogg,https://raw.githubusercontent.com/PokeAPI/sprites/master/sprites/pokemon/578.png,https://raw.githubusercontent.com/PokeAPI/sprites/master/sprites/pokemon/shiny/578.png
579,reuniclus,Multiplying Pokemon,Generation-v,False,False,psychic,1.0,20.1,"Overcoat, Magic guard, Regenerator (Hidden)",Unknown Habitat,Duosion,"When Reuniclus shake hands, a network forms between their brains, increasing their psychic power.",110,65,75,125,85,30,1.0,1.0,1.0,1.0,1.0,1.0,0.5,1.0,1.0,1.0,0.5,2.0,1.0,2.0,1.0,1.0,2.0,1.0,https://raw.githubusercontent.com/PokeAPI/cries/main/cries/pokemon/latest/579.ogg,https://raw.githubusercontent.com/PokeAPI/sprites/master/sprites/pokemon/579.png,https://raw.githubusercontent.com/PokeAPI/sprites/master/sprites/pokemon/shiny/579.png
580,ducklett,Water Bird Pokemon,Generation-v,False,False,"water, flying",0.5,5.5,"Keen eye, Big pecks, Hydration (Hidden)",Unknown Habitat,None,These bird Pokemon are excellent divers. They swim around in the water eating their favorite food--peat moss.,62,44,50,44,50,55,1.0,0.5,0.5,4.0,1.0,1.0,0.5,1.0,0.0,1.0,1.0,0.5,2.0,1.0,1.0,0.5,1.0,1.0,https://raw.githubusercontent.com/PokeAPI/cries/main/cries/pokemon/latest/580.ogg,https://raw.githubusercontent.com/PokeAPI/sprites/master/sprites/pokemon/580.png,https://raw.githubusercontent.com/PokeAPI/sprites/master/sprites/pokemon/shiny/580.png
581,swanna,White Bird Pokemon,Generation-v,False,False,"water, flying",1.3,24.2,"Keen eye, Big pecks, Hydration (Hidden)",Unknown Habitat,Ducklett,Swanna start to dance at dusk. The one dancing in the middle is the leader of the flock.,75,87,63,87,63,98,1.0,0.5,0.5,4.0,1.0,1.0,0.5,1.0,0.0,1.0,1.0,0.5,2.0,1.0,1.0,0.5,1.0,1.0,https://raw.githubusercontent.com/PokeAPI/cries/main/cries/pokemon/latest/581.ogg,https://raw.githubusercontent.com/PokeAPI/sprites/master/sprites/pokemon/581.png,https://raw.githubusercontent.com/PokeAPI/sprites/master/sprites/pokemon/shiny/581.png
582,vanillite,Fresh Snow Pokemon,Generation-v,False,False,ice,0.4,5.7,"Ice body, Snow cloak, Weak armor (Hidden)",Unknown Habitat,None,The temperature of their breath is -58° F. They create snow crystals and make snow fall in the areas around them.,36,50,50,65,60,44,1.0,2.0,1.0,1.0,1.0,0.5,2.0,1.0,1.0,1.0,1.0,1.0,2.0,1.0,1.0,2.0,1.0,1.0,https://raw.githubusercontent.com/PokeAPI/cries/main/cries/pokemon/latest/582.ogg,https://raw.githubusercontent.com/PokeAPI/sprites/master/sprites/pokemon/582.png,https://raw.githubusercontent.com/PokeAPI/sprites/master/sprites/pokemon/shiny/582.png
583,vanillish,Icy Snow Pokemon,Generation-v,False,False,ice,1.1,41.0,"Ice body, Snow cloak, Weak armor (Hidden)",Unknown Habitat,Vanillite,"Snowy mountains are this Pokemon’s habitat. During an ancient ice age, they moved to southern areas.",51,65,65,80,75,59,1.0,2.0,1.0,1.0,1.0,0.5,2.0,1.0,1.0,1.0,1.0,1.0,2.0,1.0,1.0,2.0,1.0,1.0,https://raw.githubusercontent.com/PokeAPI/cries/main/cries/pokemon/latest/583.ogg,https://raw.githubusercontent.com/PokeAPI/sprites/master/sprites/pokemon/583.png,https://raw.githubusercontent.com/PokeAPI/sprites/master/sprites/pokemon/shiny/583.png
584,vanilluxe,Snowstorm Pokemon,Generation-v,False,False,ice,1.3,57.5,"Ice body, Snow warning, Weak armor (Hidden)",Unknown Habitat,Vanillish,"Swallowing large amounts of water, they make snow clouds inside their bodies and attack their foes with violent blizzards.",71,95,85,110,95,79,1.0,2.0,1.0,1.0,1.0,0.5,2.0,1.0,1.0,1.0,1.0,1.0,2.0,1.0,1.0,2.0,1.0,1.0,https://raw.githubusercontent.com/PokeAPI/cries/main/cries/pokemon/latest/584.ogg,https://raw.githubusercontent.com/PokeAPI/sprites/master/sprites/pokemon/584.png,https://raw.githubusercontent.com/PokeAPI/sprites/master/sprites/pokemon/shiny/584.png
585,deerling,Season Pokemon,Generation-v,False,False,"normal, grass",0.6,19.5,"Chlorophyll, Sap sipper, Serene grace (Hidden)",Unknown Habitat,None,"The color and scent of their fur changes to match the mountain grass. When they sense hostility, they hide in the grass.",60,60,50,40,50,75,1.0,2.0,0.5,0.5,0.5,2.0,2.0,2.0,0.5,2.0,1.0,2.0,1.0,0.0,1.0,1.0,1.0,1.0,https://raw.githubusercontent.com/PokeAPI/cries/main/cries/pokemon/latest/585.ogg,https://raw.githubusercontent.com/PokeAPI/sprites/master/sprites/pokemon/585.png,https://raw.githubusercontent.com/PokeAPI/sprites/master/sprites/pokemon/shiny/585.png
586,sawsbuck,Season Pokemon,Generation-v,False,False,"normal, grass",1.9,92.5,"Chlorophyll, Sap sipper, Serene grace (Hidden)",Unknown Habitat,Deerling,They migrate according to the seasons. People can tell the season by looking at Sawsbuck’s horns.,80,100,70,60,70,95,1.0,2.0,0.5,0.5,0.5,2.0,2.0,2.0,0.5,2.0,1.0,2.0,1.0,0.0,1.0,1.0,1.0,1.0,https://raw.githubusercontent.com/PokeAPI/cries/main/cries/pokemon/latest/586.ogg,https://raw.githubusercontent.com/PokeAPI/sprites/master/sprites/pokemon/586.png,https://raw.githubusercontent.com/PokeAPI/sprites/master/sprites/pokemon/shiny/586.png
587,emolga,Sky Squirrel Pokemon,Generation-v,False,False,"electric, flying",0.4,5.0,"Static, Motor drive (Hidden)",Unknown Habitat,None,The energy made in its cheeks’ electric pouches is stored inside its membrane and released while it is gliding.,55,75,60,75,60,103,1.0,1.0,1.0,1.0,0.5,2.0,0.5,1.0,0.0,0.5,1.0,0.5,2.0,1.0,1.0,0.5,1.0,1.0,https://raw.githubusercontent.com/PokeAPI/cries/main/cries/pokemon/latest/587.ogg,https://raw.githubusercontent.com/PokeAPI/sprites/master/sprites/pokemon/587.png,https://raw.githubusercontent.com/PokeAPI/sprites/master/sprites/pokemon/shiny/587.png
588,karrablast,Clamping Pokemon,Generation-v,False,False,bug,0.5,5.9,"Swarm, Shed skin, No guard (Hidden)",Unknown Habitat,None,These mysterious Pokemon evolve when they receive electrical stimulation while they are in the same place as Shelmet.,50,75,45,40,45,60,1.0,2.0,1.0,1.0,0.5,1.0,0.5,1.0,0.5,2.0,1.0,1.0,2.0,1.0,1.0,1.0,1.0,1.0,https://raw.githubusercontent.com/PokeAPI/cries/main/cries/pokemon/latest/588.ogg,https://raw.githubusercontent.com/PokeAPI/sprites/master/sprites/pokemon/588.png,https://raw.githubusercontent.com/PokeAPI/sprites/master/sprites/pokemon/shiny/588.png
589,escavalier,Cavalry Pokemon,Generation-v,False,False,"bug, steel",1.0,33.0,"Swarm, Shell armor, Overcoat (Hidden)",Unknown Habitat,Karrablast,"They fly around at high speed, striking with their pointed spears. Even when in trouble, they face opponents bravely.",70,135,105,60,105,20,0.5,4.0,1.0,1.0,0.25,0.5,1.0,0.0,1.0,1.0,0.5,0.5,1.0,1.0,0.5,0.5,1.0,0.5,https://raw.githubusercontent.com/PokeAPI/cries/main/cries/pokemon/latest/589.ogg,https://raw.githubusercontent.com/PokeAPI/sprites/master/sprites/pokemon/589.png,https://raw.githubusercontent.com/PokeAPI/sprites/master/sprites/pokemon/shiny/589.png
590,foongus,Mushroom Pokemon,Generation-v,False,False,"grass, poison",0.2,1.0,"Effect spore, Regenerator (Hidden)",Unknown Habitat,None,"It lures people in with its Poke Ball pattern, then releases poison spores. Why it resembles a Poke Ball is unknown.",69,55,45,55,55,15,1.0,2.0,0.5,0.5,0.25,2.0,0.5,1.0,1.0,2.0,2.0,1.0,1.0,1.0,1.0,1.0,1.0,0.5,https://raw.githubusercontent.com/PokeAPI/cries/main/cries/pokemon/latest/590.ogg,https://raw.githubusercontent.com/PokeAPI/sprites/master/sprites/pokemon/590.png,https://raw.githubusercontent.com/PokeAPI/sprites/master/sprites/pokemon/shiny/590.png
591,amoonguss,Mushroom Pokemon,Generation-v,False,False,"grass, poison",0.6,10.5,"Effect spore, Regenerator (Hidden)",Unknown Habitat,Foongus,"It lures prey close by dancing and waving its arm caps, which resemble Poke Balls, in a swaying motion.",114,85,70,85,80,30,1.0,2.0,0.5,0.5,0.25,2.0,0.5,1.0,1.0,2.0,2.0,1.0,1.0,1.0,1.0,1.0,1.0,0.5,https://raw.githubusercontent.com/PokeAPI/cries/main/cries/pokemon/latest/591.ogg,https://raw.githubusercontent.com/PokeAPI/sprites/master/sprites/pokemon/591.png,https://raw.githubusercontent.com/PokeAPI/sprites/master/sprites/pokemon/shiny/591.png
592,frillish,Floating Pokemon,Generation-v,False,False,"water, ghost",1.2,33.0,"Water absorb, Cursed body, Damp (Hidden)",Unknown Habitat,None,"With its thin, veil-like arms wrapped around the body of its opponent, it sinks to the ocean floor.",55,40,50,65,85,40,0.0,0.5,0.5,2.0,2.0,0.5,0.0,0.5,1.0,1.0,1.0,0.5,1.0,2.0,1.0,0.5,2.0,1.0,https://raw.githubusercontent.com/PokeAPI/cries/main/cries/pokemon/latest/592.ogg,https://raw.githubusercontent.com/PokeAPI/sprites/master/sprites/pokemon/592.png,https://raw.githubusercontent.com/PokeAPI/sprites/master/sprites/pokemon/shiny/592.png
593,jellicent,Floating Pokemon,Generation-v,False,False,"water, ghost",2.2,135.0,"Water absorb, Cursed body, Damp (Hidden)",Unknown Habitat,Frillish,"The fate of the ships and crew that wander into Jellicent’s habitat: all sunken, all lost, all vanished.",100,60,70,85,105,60,0.0,0.5,0.5,2.0,2.0,0.5,0.0,0.5,1.0,1.0,1.0,0.5,1.0,2.0,1.0,0.5,2.0,1.0,https://raw.githubusercontent.com/PokeAPI/cries/main/cries/pokemon/latest/593.ogg,https://raw.githubusercontent.com/PokeAPI/sprites/master/sprites/pokemon/593.png,https://raw.githubusercontent.com/PokeAPI/sprites/master/sprites/pokemon/shiny/593.png
594,alomomola,Caring Pokemon,Generation-v,False,False,water,1.2,31.6,"Healer, Hydration, Regenerator (Hidden)",Unknown Habitat,None,The special membrane enveloping Alomomola has the ability to heal wounds.,165,75,80,40,45,65,1.0,0.5,0.5,2.0,2.0,0.5,1.0,1.0,1.0,1.0,1.0,1.0,1.0,1.0,1.0,0.5,1.0,1.0,https://raw.githubusercontent.com/PokeAPI/cries/main/cries/pokemon/latest/594.ogg,https://raw.githubusercontent.com/PokeAPI/sprites/master/sprites/pokemon/594.png,https://raw.githubusercontent.com/PokeAPI/sprites/master/sprites/pokemon/shiny/594.png
595,joltik,Attaching Pokemon,Generation-v,False,False,"bug, electric",0.1,0.6,"Compound eyes, Unnerve, Swarm (Hidden)",Unknown Habitat,None,Joltik that live in cities have learned a technique for sucking electricity from the outlets in houses.,50,47,50,57,50,65,1.0,2.0,1.0,0.5,0.5,1.0,0.5,1.0,1.0,1.0,1.0,1.0,2.0,1.0,1.0,0.5,1.0,1.0,https://raw.githubusercontent.com/PokeAPI/cries/main/cries/pokemon/latest/595.ogg,https://raw.githubusercontent.com/PokeAPI/sprites/master/sprites/pokemon/595.png,https://raw.githubusercontent.com/PokeAPI/sprites/master/sprites/pokemon/shiny/595.png
596,galvantula,EleSpider Pokemon,Generation-v,False,False,"bug, electric",0.8,14.3,"Compound eyes, Unnerve, Swarm (Hidden)",Unknown Habitat,Joltik,"When attacked, they create an electric barrier by spitting out many electrically charged threads.",70,77,60,97,60,108,1.0,2.0,1.0,0.5,0.5,1.0,0.5,1.0,1.0,1.0,1.0,1.0,2.0,1.0,1.0,0.5,1.0,1.0,https://raw.githubusercontent.com/PokeAPI/cries/main/cries/pokemon/latest/596.ogg,https://raw.githubusercontent.com/PokeAPI/sprites/master/sprites/pokemon/596.png,https://raw.githubusercontent.com/PokeAPI/sprites/master/sprites/pokemon/shiny/596.png
597,ferroseed,Thorn Seed Pokemon,Generation-v,False,False,"grass, steel",0.6,18.8,Iron barbs,Unknown Habitat,None,"When threatened, it attacks by shooting a barrage of spikes, which gives it a chance to escape by rolling away.",44,50,91,24,86,10,0.5,4.0,0.5,0.5,0.25,1.0,2.0,0.0,1.0,1.0,0.5,1.0,0.5,1.0,0.5,0.5,1.0,0.5,https://raw.githubusercontent.com/PokeAPI/cries/main/cries/pokemon/latest/597.ogg,https://raw.githubusercontent.com/PokeAPI/sprites/master/sprites/pokemon/597.png,https://raw.githubusercontent.com/PokeAPI/sprites/master/sprites/pokemon/shiny/597.png
598,ferrothorn,Thorn Pod Pokemon,Generation-v,False,False,"grass, steel",1.0,110.0,"Iron barbs, Anticipation (Hidden)",Unknown Habitat,Ferroseed,It fights by swinging around its three spiky feelers. A hit from these steel spikes can reduce a boulder to rubble.,74,94,131,54,116,20,0.5,4.0,0.5,0.5,0.25,1.0,2.0,0.0,1.0,1.0,0.5,1.0,0.5,1.0,0.5,0.5,1.0,0.5,https://raw.githubusercontent.com/PokeAPI/cries/main/cries/pokemon/latest/598.ogg,https://raw.githubusercontent.com/PokeAPI/sprites/master/sprites/pokemon/598.png,https://raw.githubusercontent.com/PokeAPI/sprites/master/sprites/pokemon/shiny/598.png
599,klink,Gear Pokemon,Generation-v,False,False,steel,0.3,21.0,"Plus, Minus, Clear body (Hidden)",Unknown Habitat,None,The two minigears that mesh together are predetermined. Each will rebound from other minigears without meshing.,40,55,70,45,60,30,0.5,2.0,1.0,1.0,0.5,0.5,2.0,0.0,2.0,0.5,0.5,0.5,0.5,1.0,0.5,0.5,1.0,0.5,https://raw.githubusercontent.com/PokeAPI/cries/main/cries/pokemon/latest/599.ogg,https://raw.githubusercontent.com/PokeAPI/sprites/master/sprites/pokemon/599.png,https://raw.githubusercontent.com/PokeAPI/sprites/master/sprites/pokemon/shiny/599.png
600,klang,Gear Pokemon,Generation-v,False,False,steel,0.6,51.0,"Plus, Minus, Clear body (Hidden)",Unknown Habitat,Klink,"By changing the direction in which it rotates, it communicates its feelings to others. When angry, it rotates faster.",60,80,95,70,85,50,0.5,2.0,1.0,1.0,0.5,0.5,2.0,0.0,2.0,0.5,0.5,0.5,0.5,1.0,0.5,0.5,1.0,0.5,https://raw.githubusercontent.com/PokeAPI/cries/main/cries/pokemon/latest/600.ogg,https://raw.githubusercontent.com/PokeAPI/sprites/master/sprites/pokemon/600.png,https://raw.githubusercontent.com/PokeAPI/sprites/master/sprites/pokemon/shiny/600.png
601,klinklang,Gear Pokemon,Generation-v,False,False,steel,0.6,81.0,"Plus, Minus, Clear body (Hidden)",Unknown Habitat,Klang,The gear with the red core is rotated at high speed for a rapid energy charge.,60,100,115,70,85,90,0.5,2.0,1.0,1.0,0.5,0.5,2.0,0.0,2.0,0.5,0.5,0.5,0.5,1.0,0.5,0.5,1.0,0.5,https://raw.githubusercontent.com/PokeAPI/cries/main/cries/pokemon/latest/601.ogg,https://raw.githubusercontent.com/PokeAPI/sprites/master/sprites/pokemon/601.png,https://raw.githubusercontent.com/PokeAPI/sprites/master/sprites/pokemon/shiny/601.png
602,tynamo,EleFish Pokemon,Generation-v,False,False,electric,0.2,0.3,Levitate,Unknown Habitat,None,"While one alone doesn’t have much power, a chain of many Tynamo can be as powerful as lightning.",35,55,40,45,40,60,1.0,1.0,1.0,0.5,1.0,1.0,1.0,1.0,2.0,0.5,1.0,1.0,1.0,1.0,1.0,0.5,1.0,1.0,https://raw.githubusercontent.com/PokeAPI/cries/main/cries/pokemon/latest/602.ogg,https://raw.githubusercontent.com/PokeAPI/sprites/master/sprites/pokemon/602.png,https://raw.githubusercontent.com/PokeAPI/sprites/master/sprites/pokemon/shiny/602.png
603,eelektrik,EleFish Pokemon,Generation-v,False,False,electric,1.2,22.0,Levitate,Unknown Habitat,Tynamo,They coil around foes and shock them with electricity-generating organs that seem simply to be circular patterns.,65,85,70,75,70,40,1.0,1.0,1.0,0.5,1.0,1.0,1.0,1.0,2.0,0.5,1.0,1.0,1.0,1.0,1.0,0.5,1.0,1.0,https://raw.githubusercontent.com/PokeAPI/cries/main/cries/pokemon/latest/603.ogg,https://raw.githubusercontent.com/PokeAPI/sprites/master/sprites/pokemon/603.png,https://raw.githubusercontent.com/PokeAPI/sprites/master/sprites/pokemon/shiny/603.png
604,eelektross,EleFish Pokemon,Generation-v,False,False,electric,2.1,80.5,Levitate,Unknown Habitat,Eelektrik,They crawl out of the ocean using their arms. They will attack prey on shore and immediately drag it into the ocean.,85,115,80,105,80,50,1.0,1.0,1.0,0.5,1.0,1.0,1.0,1.0,2.0,0.5,1.0,1.0,1.0,1.0,1.0,0.5,1.0,1.0,https://raw.githubusercontent.com/PokeAPI/cries/main/cries/pokemon/latest/604.ogg,https://raw.githubusercontent.com/PokeAPI/sprites/master/sprites/pokemon/604.png,https://raw.githubusercontent.com/PokeAPI/sprites/master/sprites/pokemon/shiny/604.png
605,elgyem,Cerebral Pokemon,Generation-v,False,False,psychic,0.5,9.0,"Telepathy, Synchronize, Analytic (Hidden)",Unknown Habitat,None,"It uses its strong psychic power to squeeze its opponent’s brain, causing unendurable headaches.",55,55,55,85,55,30,1.0,1.0,1.0,1.0,1.0,1.0,0.5,1.0,1.0,1.0,0.5,2.0,1.0,2.0,1.0,1.0,2.0,1.0,https://raw.githubusercontent.com/PokeAPI/cries/main/cries/pokemon/latest/605.ogg,https://raw.githubusercontent.com/PokeAPI/sprites/master/sprites/pokemon/605.png,https://raw.githubusercontent.com/PokeAPI/sprites/master/sprites/pokemon/shiny/605.png
606,beheeyem,Cerebral Pokemon,Generation-v,False,False,psychic,1.0,34.5,"Telepathy, Synchronize, Analytic (Hidden)",Unknown Habitat,Elgyem,"It can manipulate an opponent’s memory. Apparently, it communicates by flashing its three different-colored fingers.",75,75,75,125,95,40,1.0,1.0,1.0,1.0,1.0,1.0,0.5,1.0,1.0,1.0,0.5,2.0,1.0,2.0,1.0,1.0,2.0,1.0,https://raw.githubusercontent.com/PokeAPI/cries/main/cries/pokemon/latest/606.ogg,https://raw.githubusercontent.com/PokeAPI/sprites/master/sprites/pokemon/606.png,https://raw.githubusercontent.com/PokeAPI/sprites/master/sprites/pokemon/shiny/606.png
607,litwick,Candle Pokemon,Generation-v,False,False,"ghost, fire",0.3,3.1,"Flash fire, Flame body, Infiltrator (Hidden)",Unknown Habitat,None,"Litwick shines a light that absorbs the life energy of people and Pokemon, which becomes the fuel that it burns.",50,30,55,65,55,20,0.0,0.5,2.0,1.0,0.5,0.5,0.0,0.5,2.0,1.0,1.0,0.25,2.0,2.0,1.0,0.5,2.0,0.5,https://raw.githubusercontent.com/PokeAPI/cries/main/cries/pokemon/latest/607.ogg,https://raw.githubusercontent.com/PokeAPI/sprites/master/sprites/pokemon/607.png,https://raw.githubusercontent.com/PokeAPI/sprites/master/sprites/pokemon/shiny/607.png
608,lampent,Lamp Pokemon,Generation-v,False,False,"ghost, fire",0.6,13.0,"Flash fire, Flame body, Infiltrator (Hidden)",Unknown Habitat,Litwick,"This ominous Pokemon is feared. Through cities it wanders, searching for the spirits of the fallen.",60,40,60,95,60,55,0.0,0.5,2.0,1.0,0.5,0.5,0.0,0.5,2.0,1.0,1.0,0.25,2.0,2.0,1.0,0.5,2.0,0.5,https://raw.githubusercontent.com/PokeAPI/cries/main/cries/pokemon/latest/608.ogg,https://raw.githubusercontent.com/PokeAPI/sprites/master/sprites/pokemon/608.png,https://raw.githubusercontent.com/PokeAPI/sprites/master/sprites/pokemon/shiny/608.png
609,chandelure,Luring Pokemon,Generation-v,False,False,"ghost, fire",1.0,34.3,"Flash fire, Flame body, Infiltrator (Hidden)",Unknown Habitat,Lampent,"It absorbs a spirit, which it then burns. By waving the flames on its arms, it puts its foes into a hypnotic trance.",60,55,90,145,90,80,0.0,0.5,2.0,1.0,0.5,0.5,0.0,0.5,2.0,1.0,1.0,0.25,2.0,2.0,1.0,0.5,2.0,0.5,https://raw.githubusercontent.com/PokeAPI/cries/main/cries/pokemon/latest/609.ogg,https://raw.githubusercontent.com/PokeAPI/sprites/master/sprites/pokemon/609.png,https://raw.githubusercontent.com/PokeAPI/sprites/master/sprites/pokemon/shiny/609.png
610,axew,Tusk Pokemon,Generation-v,False,False,dragon,0.6,18.0,"Rivalry, Mold breaker, Unnerve (Hidden)",Unknown Habitat,None,They use their tusks to crush the berries they eat. Repeated regrowth makes their tusks strong and sharp.,46,87,60,30,40,57,1.0,0.5,0.5,0.5,0.5,2.0,1.0,1.0,1.0,1.0,1.0,1.0,1.0,1.0,2.0,1.0,1.0,2.0,https://raw.githubusercontent.com/PokeAPI/cries/main/cries/pokemon/latest/610.ogg,https://raw.githubusercontent.com/PokeAPI/sprites/master/sprites/pokemon/610.png,https://raw.githubusercontent.com/PokeAPI/sprites/master/sprites/pokemon/shiny/610.png
611,fraxure,Axe Jaw Pokemon,Generation-v,False,False,dragon,1.0,36.0,"Rivalry, Mold breaker, Unnerve (Hidden)",Unknown Habitat,Axew,"Since a broken tusk will not grow back, they diligently sharpen their tusks on river rocks after they’ve been fighting.",66,117,70,40,50,67,1.0,0.5,0.5,0.5,0.5,2.0,1.0,1.0,1.0,1.0,1.0,1.0,1.0,1.0,2.0,1.0,1.0,2.0,https://raw.githubusercontent.com/PokeAPI/cries/main/cries/pokemon/latest/611.ogg,https://raw.githubusercontent.com/PokeAPI/sprites/master/sprites/pokemon/611.png,https://raw.githubusercontent.com/PokeAPI/sprites/master/sprites/pokemon/shiny/611.png
612,haxorus,Axe Jaw Pokemon,Generation-v,False,False,dragon,1.8,105.5,"Rivalry, Mold breaker, Unnerve (Hidden)",Unknown Habitat,Fraxure,They are kind but can be relentless when defending territory. They challenge foes with tusks that can cut steel.,76,147,90,60,70,97,1.0,0.5,0.5,0.5,0.5,2.0,1.0,1.0,1.0,1.0,1.0,1.0,1.0,1.0,2.0,1.0,1.0,2.0,https://raw.githubusercontent.com/PokeAPI/cries/main/cries/pokemon/latest/612.ogg,https://raw.githubusercontent.com/PokeAPI/sprites/master/sprites/pokemon/612.png,https://raw.githubusercontent.com/PokeAPI/sprites/master/sprites/pokemon/shiny/612.png
613,cubchoo,Chill Pokemon,Generation-v,False,False,ice,0.5,8.5,"Snow cloak, Slush rush, Rattled (Hidden)",Unknown Habitat,None,"When it is not feeling well, its mucus gets watery and the power of its Ice-type moves decreases.",55,70,40,60,40,40,1.0,2.0,1.0,1.0,1.0,0.5,2.0,1.0,1.0,1.0,1.0,1.0,2.0,1.0,1.0,2.0,1.0,1.0,https://raw.githubusercontent.com/PokeAPI/cries/main/cries/pokemon/latest/613.ogg,https://raw.githubusercontent.com/PokeAPI/sprites/master/sprites/pokemon/613.png,https://raw.githubusercontent.com/PokeAPI/sprites/master/sprites/pokemon/shiny/613.png
614,beartic,Freezing Pokemon,Generation-v,False,False,ice,2.6,260.0,"Snow cloak, Slush rush, Swift swim (Hidden)",Unknown Habitat,Cubchoo,"It can make its breath freeze at will. Very able in the water, it swims around in northern seas and catches prey.",95,130,80,70,80,50,1.0,2.0,1.0,1.0,1.0,0.5,2.0,1.0,1.0,1.0,1.0,1.0,2.0,1.0,1.0,2.0,1.0,1.0,https://raw.githubusercontent.com/PokeAPI/cries/main/cries/pokemon/latest/614.ogg,https://raw.githubusercontent.com/PokeAPI/sprites/master/sprites/pokemon/614.png,https://raw.githubusercontent.com/PokeAPI/sprites/master/sprites/pokemon/shiny/614.png
615,cryogonal,Crystallizing Pokemon,Generation-v,False,False,ice,1.1,148.0,Levitate,Unknown Habitat,None,"When its body temperature goes up, it turns into steam and vanishes. When its temperature lowers, it returns to ice.",80,50,50,95,135,105,1.0,2.0,1.0,1.0,1.0,0.5,2.0,1.0,1.0,1.0,1.0,1.0,2.0,1.0,1.0,2.0,1.0,1.0,https://raw.githubusercontent.com/PokeAPI/cries/main/cries/pokemon/latest/615.ogg,https://raw.githubusercontent.com/PokeAPI/sprites/master/sprites/pokemon/615.png,https://raw.githubusercontent.com/PokeAPI/sprites/master/sprites/pokemon/shiny/615.png
616,shelmet,Snail Pokemon,Generation-v,False,False,bug,0.4,7.7,"Hydration, Shell armor, Overcoat (Hidden)",Unknown Habitat,None,"When attacked, it defends itself by closing the lid of its shell. It can spit a sticky, poisonous liquid.",50,40,85,40,65,25,1.0,2.0,1.0,1.0,0.5,1.0,0.5,1.0,0.5,2.0,1.0,1.0,2.0,1.0,1.0,1.0,1.0,1.0,https://raw.githubusercontent.com/PokeAPI/cries/main/cries/pokemon/latest/616.ogg,https://raw.githubusercontent.com/PokeAPI/sprites/master/sprites/pokemon/616.png,https://raw.githubusercontent.com/PokeAPI/sprites/master/sprites/pokemon/shiny/616.png
617,accelgor,Shell Out Pokemon,Generation-v,False,False,bug,0.8,25.3,"Hydration, Sticky hold, Unburden (Hidden)",Unknown Habitat,Shelmet,"When its body dries out, it weakens. So, to prevent dehydration, it wraps itself in many layers of thin membrane.",80,70,40,100,60,145,1.0,2.0,1.0,1.0,0.5,1.0,0.5,1.0,0.5,2.0,1.0,1.0,2.0,1.0,1.0,1.0,1.0,1.0,https://raw.githubusercontent.com/PokeAPI/cries/main/cries/pokemon/latest/617.ogg,https://raw.githubusercontent.com/PokeAPI/sprites/master/sprites/pokemon/617.png,https://raw.githubusercontent.com/PokeAPI/sprites/master/sprites/pokemon/shiny/617.png
618,stunfisk,Trap Pokemon,Generation-v,False,False,"ground, electric",0.7,11.0,"Static, Limber, Sand veil (Hidden)",Unknown Habitat,None,"Its skin is very hard, so it is unhurt even if stepped on by sumo wrestlers. It smiles when transmitting electricity.",109,66,84,81,99,32,1.0,1.0,2.0,0.0,2.0,2.0,1.0,0.5,2.0,0.5,1.0,1.0,0.5,1.0,1.0,0.5,1.0,1.0,https://raw.githubusercontent.com/PokeAPI/cries/main/cries/pokemon/latest/618.ogg,https://raw.githubusercontent.com/PokeAPI/sprites/master/sprites/pokemon/618.png,https://raw.githubusercontent.com/PokeAPI/sprites/master/sprites/pokemon/shiny/618.png
619,mienfoo,Martial Arts Pokemon,Generation-v,False,False,fighting,0.9,20.0,"Inner focus, Regenerator, Reckless (Hidden)",Unknown Habitat,None,"In fights, they dominate with onslaughts of flowing, continuous attacks. With their sharp claws, they cut enemies.",45,85,50,55,50,65,1.0,1.0,1.0,1.0,1.0,1.0,1.0,1.0,1.0,2.0,2.0,0.5,0.5,1.0,1.0,1.0,0.5,2.0,https://raw.githubusercontent.com/PokeAPI/cries/main/cries/pokemon/latest/619.ogg,https://raw.githubusercontent.com/PokeAPI/sprites/master/sprites/pokemon/619.png,https://raw.githubusercontent.com/PokeAPI/sprites/master/sprites/pokemon/shiny/619.png
620,mienshao,Martial Arts Pokemon,Generation-v,False,False,fighting,1.4,35.5,"Inner focus, Regenerator, Reckless (Hidden)",Unknown Habitat,Mienfoo,It wields the fur on its arms like a whip. Its arm attacks come with such rapidity that they cannot even be seen.,65,125,60,95,60,105,1.0,1.0,1.0,1.0,1.0,1.0,1.0,1.0,1.0,2.0,2.0,0.5,0.5,1.0,1.0,1.0,0.5,2.0,https://raw.githubusercontent.com/PokeAPI/cries/main/cries/pokemon/latest/620.ogg,https://raw.githubusercontent.com/PokeAPI/sprites/master/sprites/pokemon/620.png,https://raw.githubusercontent.com/PokeAPI/sprites/master/sprites/pokemon/shiny/620.png
621,druddigon,Cave Pokemon,Generation-v,False,False,dragon,1.6,139.0,"Rough skin, Sheer force, Mold breaker (Hidden)",Unknown Habitat,None,"It warms its body by absorbing sunlight with its wings. When its body temperature falls, it can no longer move.",77,120,90,60,90,48,1.0,0.5,0.5,0.5,0.5,2.0,1.0,1.0,1.0,1.0,1.0,1.0,1.0,1.0,2.0,1.0,1.0,2.0,https://raw.githubusercontent.com/PokeAPI/cries/main/cries/pokemon/latest/621.ogg,https://raw.githubusercontent.com/PokeAPI/sprites/master/sprites/pokemon/621.png,https://raw.githubusercontent.com/PokeAPI/sprites/master/sprites/pokemon/shiny/621.png
622,golett,Automaton Pokemon,Generation-v,False,False,"ground, ghost",1.0,92.0,"Iron fist, Klutz, No guard (Hidden)",Unknown Habitat,None,"The energy that burns inside it enables it to move, but no one has yet been able to identify this energy.",59,74,50,35,50,35,0.0,1.0,2.0,0.0,2.0,2.0,0.0,0.25,1.0,1.0,1.0,0.5,0.5,2.0,1.0,1.0,2.0,1.0,https://raw.githubusercontent.com/PokeAPI/cries/main/cries/pokemon/latest/622.ogg,https://raw.githubusercontent.com/PokeAPI/sprites/master/sprites/pokemon/622.png,https://raw.githubusercontent.com/PokeAPI/sprites/master/sprites/pokemon/shiny/622.png
623,golurk,Automaton Pokemon,Generation-v,False,False,"ground, ghost",2.8,330.0,"Iron fist, Klutz, No guard (Hidden)",Unknown Habitat,Golett,It flies across the sky at Mach speeds. Removing the seal on its chest makes its internal energy go out of control.,89,124,80,55,80,55,0.0,1.0,2.0,0.0,2.0,2.0,0.0,0.25,1.0,1.0,1.0,0.5,0.5,2.0,1.0,1.0,2.0,1.0,https://raw.githubusercontent.com/PokeAPI/cries/main/cries/pokemon/latest/623.ogg,https://raw.githubusercontent.com/PokeAPI/sprites/master/sprites/pokemon/623.png,https://raw.githubusercontent.com/PokeAPI/sprites/master/sprites/pokemon/shiny/623.png
624,pawniard,Sharp Blade Pokemon,Generation-v,False,False,"dark, steel",0.5,10.2,"Defiant, Inner focus, Pressure (Hidden)",Unknown Habitat,None,"Blades comprise this Pokemon’s entire body. If battling dulls the blades, it sharpens them on stones by the river.",45,85,70,40,40,60,0.5,2.0,1.0,1.0,0.5,0.5,4.0,0.0,2.0,0.5,0.0,1.0,0.5,0.5,0.5,0.5,0.5,1.0,https://raw.githubusercontent.com/PokeAPI/cries/main/cries/pokemon/latest/624.ogg,https://raw.githubusercontent.com/PokeAPI/sprites/master/sprites/pokemon/624.png,https://raw.githubusercontent.com/PokeAPI/sprites/master/sprites/pokemon/shiny/624.png
625,bisharp,Sword Blade Pokemon,Generation-v,False,False,"dark, steel",1.6,70.0,"Defiant, Inner focus, Pressure (Hidden)",Unknown Habitat,Pawniard,"It leads a group of Pawniard. It battles to become the boss, but will be driven from the group if it loses.",65,125,100,60,70,70,0.5,2.0,1.0,1.0,0.5,0.5,4.0,0.0,2.0,0.5,0.0,1.0,0.5,0.5,0.5,0.5,0.5,1.0,https://raw.githubusercontent.com/PokeAPI/cries/main/cries/pokemon/latest/625.ogg,https://raw.githubusercontent.com/PokeAPI/sprites/master/sprites/pokemon/625.png,https://raw.githubusercontent.com/PokeAPI/sprites/master/sprites/pokemon/shiny/625.png
626,bouffalant,Bash Buffalo Pokemon,Generation-v,False,False,normal,1.6,94.6,"Reckless, Sap sipper, Soundproof (Hidden)",Unknown Habitat,None,"Their fluffy fur absorbs damage, even if they strike foes with a fierce headbutt.",95,110,95,40,95,55,1.0,1.0,1.0,1.0,1.0,1.0,2.0,1.0,1.0,1.0,1.0,1.0,1.0,0.0,1.0,1.0,1.0,1.0,https://raw.githubusercontent.com/PokeAPI/cries/main/cries/pokemon/latest/626.ogg,https://raw.githubusercontent.com/PokeAPI/sprites/master/sprites/pokemon/626.png,https://raw.githubusercontent.com/PokeAPI/sprites/master/sprites/pokemon/shiny/626.png
627,rufflet,Eaglet Pokemon,Generation-v,False,False,"normal, flying",0.5,10.5,"Keen eye, Sheer force, Hustle (Hidden)",Unknown Habitat,None,"They crush berries with their talons. They bravely stand up to any opponent, no matter how strong it is.",70,83,50,37,50,60,1.0,1.0,1.0,2.0,0.5,2.0,1.0,1.0,0.0,1.0,1.0,0.5,2.0,0.0,1.0,1.0,1.0,1.0,https://raw.githubusercontent.com/PokeAPI/cries/main/cries/pokemon/latest/627.ogg,https://raw.githubusercontent.com/PokeAPI/sprites/master/sprites/pokemon/627.png,https://raw.githubusercontent.com/PokeAPI/sprites/master/sprites/pokemon/shiny/627.png
628,braviary,Valiant Pokemon,Generation-v,False,False,"normal, flying",1.5,41.0,"Keen eye, Sheer force, Defiant (Hidden)",Unknown Habitat,Rufflet,They fight for their friends without any thought about danger to themselves. One can carry a car while flying.,100,123,75,57,75,80,1.0,1.0,1.0,2.0,0.5,2.0,1.0,1.0,0.0,1.0,1.0,0.5,2.0,0.0,1.0,1.0,1.0,1.0,https://raw.githubusercontent.com/PokeAPI/cries/main/cries/pokemon/latest/628.ogg,https://raw.githubusercontent.com/PokeAPI/sprites/master/sprites/pokemon/628.png,https://raw.githubusercontent.com/PokeAPI/sprites/master/sprites/pokemon/shiny/628.png
629,vullaby,Diapered Pokemon,Generation-v,False,False,"dark, flying",0.5,9.0,"Big pecks, Overcoat, Weak armor (Hidden)",Unknown Habitat,None,Their wings are too tiny to allow them to fly. They guard their posteriors with bones that were gathered by Mandibuzz.,70,55,75,45,65,60,1.0,1.0,1.0,2.0,0.5,2.0,1.0,1.0,0.0,1.0,0.0,1.0,2.0,0.5,1.0,1.0,0.5,2.0,https://raw.githubusercontent.com/PokeAPI/cries/main/cries/pokemon/latest/629.ogg,https://raw.githubusercontent.com/PokeAPI/sprites/master/sprites/pokemon/629.png,https://raw.githubusercontent.com/PokeAPI/sprites/master/sprites/pokemon/shiny/629.png
630,mandibuzz,Bone Vulture Pokemon,Generation-v,False,False,"dark, flying",1.2,39.5,"Big pecks, Overcoat, Weak armor (Hidden)",Unknown Habitat,Vullaby,It makes a nest out of bones it finds. It grabs weakened prey in its talons and hauls it to its nest of bones.,110,65,105,55,95,80,1.0,1.0,1.0,2.0,0.5,2.0,1.0,1.0,0.0,1.0,0.0,1.0,2.0,0.5,1.0,1.0,0.5,2.0,https://raw.githubusercontent.com/PokeAPI/cries/main/cries/pokemon/latest/630.ogg,https://raw.githubusercontent.com/PokeAPI/sprites/master/sprites/pokemon/630.png,https://raw.githubusercontent.com/PokeAPI/sprites/master/sprites/pokemon/shiny/630.png
631,heatmor,Anteater Pokemon,Generation-v,False,False,fire,1.4,58.0,"Gluttony, Flash fire, White smoke (Hidden)",Unknown Habitat,None,It breathes through a hole in its tail while it burns with an internal fire. Durant is its prey.,85,97,66,105,66,65,1.0,0.5,2.0,1.0,0.5,0.5,1.0,1.0,2.0,1.0,1.0,0.5,2.0,1.0,1.0,0.5,1.0,0.5,https://raw.githubusercontent.com/PokeAPI/cries/main/cries/pokemon/latest/631.ogg,https://raw.githubusercontent.com/PokeAPI/sprites/master/sprites/pokemon/631.png,https://raw.githubusercontent.com/PokeAPI/sprites/master/sprites/pokemon/shiny/631.png
632,durant,Iron Ant Pokemon,Generation-v,False,False,"bug, steel",0.3,33.0,"Swarm, Hustle, Truant (Hidden)",Unknown Habitat,None,"They attack in groups, covering themselves in steel armor to protect themselves from Heatmor.",58,109,112,48,48,109,0.5,4.0,1.0,1.0,0.25,0.5,1.0,0.0,1.0,1.0,0.5,0.5,1.0,1.0,0.5,0.5,1.0,0.5,https://raw.githubusercontent.com/PokeAPI/cries/main/cries/pokemon/latest/632.ogg,https://raw.githubusercontent.com/PokeAPI/sprites/master/sprites/pokemon/632.png,https://raw.githubusercontent.com/PokeAPI/sprites/master/sprites/pokemon/shiny/632.png
633,deino,Irate Pokemon,Generation-v,False,False,"dark, dragon",0.8,17.3,Hustle,Unknown Habitat,None,"It tends to bite everything, and it is not a picky eater. Approaching it carelessly is dangerous.",52,65,50,45,50,38,1.0,0.5,0.5,0.5,0.5,2.0,2.0,1.0,1.0,1.0,0.0,2.0,1.0,0.5,2.0,1.0,0.5,4.0,https://raw.githubusercontent.com/PokeAPI/cries/main/cries/pokemon/latest/633.ogg,https://raw.githubusercontent.com/PokeAPI/sprites/master/sprites/pokemon/633.png,https://raw.githubusercontent.com/PokeAPI/sprites/master/sprites/pokemon/shiny/633.png
634,zweilous,Hostile Pokemon,Generation-v,False,False,"dark, dragon",1.4,50.0,Hustle,Unknown Habitat,Deino,"After it has eaten up all the food in its territory, it moves to another area. Its two heads do not get along.",72,85,70,65,70,58,1.0,0.5,0.5,0.5,0.5,2.0,2.0,1.0,1.0,1.0,0.0,2.0,1.0,0.5,2.0,1.0,0.5,4.0,https://raw.githubusercontent.com/PokeAPI/cries/main/cries/pokemon/latest/634.ogg,https://raw.githubusercontent.com/PokeAPI/sprites/master/sprites/pokemon/634.png,https://raw.githubusercontent.com/PokeAPI/sprites/master/sprites/pokemon/shiny/634.png
635,hydreigon,Brutal Pokemon,Generation-v,False,False,"dark, dragon",1.8,160.0,Levitate,Unknown Habitat,Zweilous,"This brutal Pokemon travels the skies on its six wings. Anything that moves seems like a foe to it, triggering its attack.",92,105,90,125,90,98,1.0,0.5,0.5,0.5,0.5,2.0,2.0,1.0,1.0,1.0,0.0,2.0,1.0,0.5,2.0,1.0,0.5,4.0,https://raw.githubusercontent.com/PokeAPI/cries/main/cries/pokemon/latest/635.ogg,https://raw.githubusercontent.com/PokeAPI/sprites/master/sprites/pokemon/635.png,https://raw.githubusercontent.com/PokeAPI/sprites/master/sprites/pokemon/shiny/635.png
636,larvesta,Torch Pokemon,Generation-v,False,False,"bug, fire",1.1,28.8,"Flame body, Swarm (Hidden)",Unknown Habitat,None,"This Pokemon was believed to have been born from the sun. When it evolves, its entire body is engulfed in flames.",55,85,55,50,55,60,1.0,1.0,2.0,1.0,0.25,0.5,0.5,1.0,1.0,2.0,1.0,0.5,4.0,1.0,1.0,0.5,1.0,0.5,https://raw.githubusercontent.com/PokeAPI/cries/main/cries/pokemon/latest/636.ogg,https://raw.githubusercontent.com/PokeAPI/sprites/master/sprites/pokemon/636.png,https://raw.githubusercontent.com/PokeAPI/sprites/master/sprites/pokemon/shiny/636.png
637,volcarona,Sun Pokemon,Generation-v,False,False,"bug, fire",1.6,46.0,"Flame body, Swarm (Hidden)",Unknown Habitat,Larvesta,"When volcanic ash darkened the atmosphere, it is said that Volcarona’s fire provided a replacement for the sun.",85,60,65,135,105,100,1.0,1.0,2.0,1.0,0.25,0.5,0.5,1.0,1.0,2.0,1.0,0.5,4.0,1.0,1.0,0.5,1.0,0.5,https://raw.githubusercontent.com/PokeAPI/cries/main/cries/pokemon/latest/637.ogg,https://raw.githubusercontent.com/PokeAPI/sprites/master/sprites/pokemon/637.png,https://raw.githubusercontent.com/PokeAPI/sprites/master/sprites/pokemon/shiny/637.png
638,cobalion,Iron Will Pokemon,Generation-v,True,False,"steel, fighting",2.1,250.0,Justified,Unknown Habitat,None,This legendary Pokemon battled against humans to protect Pokemon. Its personality is calm and composed.,91,90,129,90,72,108,0.5,2.0,1.0,1.0,0.5,0.5,2.0,0.0,2.0,1.0,1.0,0.25,0.25,1.0,0.5,0.5,0.5,1.0,https://raw.githubusercontent.com/PokeAPI/cries/main/cries/pokemon/latest/638.ogg,https://raw.githubusercontent.com/PokeAPI/sprites/master/sprites/pokemon/638.png,https://raw.githubusercontent.com/PokeAPI/sprites/master/sprites/pokemon/shiny/638.png
639,terrakion,Cavern Pokemon,Generation-v,True,False,"rock, fighting",1.9,260.0,Justified,Unknown Habitat,None,This Pokemon came to the defense of Pokemon that had lost their homes in a war among humans.,91,129,90,72,90,108,0.5,0.5,2.0,1.0,2.0,1.0,2.0,0.5,2.0,1.0,2.0,0.5,0.5,1.0,1.0,2.0,0.5,2.0,https://raw.githubusercontent.com/PokeAPI/cries/main/cries/pokemon/latest/639.ogg,https://raw.githubusercontent.com/PokeAPI/sprites/master/sprites/pokemon/639.png,https://raw.githubusercontent.com/PokeAPI/sprites/master/sprites/pokemon/shiny/639.png
640,virizion,Grassland Pokemon,Generation-v,True,False,"grass, fighting",2.0,200.0,Justified,Unknown Habitat,None,This Pokemon fought humans in order to protect its friends. Legends about it continue to be passed down.,91,90,72,90,129,108,1.0,2.0,0.5,0.5,0.5,2.0,1.0,2.0,0.5,4.0,2.0,1.0,0.5,1.0,1.0,1.0,0.5,2.0,https://raw.githubusercontent.com/PokeAPI/cries/main/cries/pokemon/latest/640.ogg,https://raw.githubusercontent.com/PokeAPI/sprites/master/sprites/pokemon/640.png,https://raw.githubusercontent.com/PokeAPI/sprites/master/sprites/pokemon/shiny/640.png
641,tornadus-incarnate,Cyclone Pokemon,Generation-v,True,False,flying,1.5,63.0,"Prankster, Defiant (Hidden)",Unknown Habitat,None,The lower half of its body is wrapped in a cloud of energy. It zooms through the sky at 200 mph.,79,115,70,125,80,111,1.0,1.0,1.0,2.0,0.5,2.0,0.5,1.0,0.0,1.0,1.0,0.5,2.0,1.0,1.0,1.0,1.0,1.0,https://raw.githubusercontent.com/PokeAPI/cries/main/cries/pokemon/latest/641.ogg,https://raw.githubusercontent.com/PokeAPI/sprites/master/sprites/pokemon/641.png,https://raw.githubusercontent.com/PokeAPI/sprites/master/sprites/pokemon/shiny/641.png
642,thundurus-incarnate,Bolt Strike Pokemon,Generation-v,True,False,"electric, flying",1.5,61.0,"Prankster, Defiant (Hidden)",Unknown Habitat,None,Countless charred remains mar the landscape of places through which Thundurus has passed.,79,115,70,125,80,111,1.0,1.0,1.0,1.0,0.5,2.0,0.5,1.0,0.0,0.5,1.0,0.5,2.0,1.0,1.0,0.5,1.0,1.0,https://raw.githubusercontent.com/PokeAPI/cries/main/cries/pokemon/latest/642.ogg,https://raw.githubusercontent.com/PokeAPI/sprites/master/sprites/pokemon/642.png,https://raw.githubusercontent.com/PokeAPI/sprites/master/sprites/pokemon/shiny/642.png
643,reshiram,Vast White Pokemon,Generation-v,True,False,"dragon, fire",3.2,330.0,Turboblaze,Unknown Habitat,None,"This Pokemon appears in legends. It sends flames into the air from its tail, burning up everything around it.",100,120,100,150,120,90,1.0,0.25,1.0,0.5,0.25,1.0,1.0,1.0,2.0,1.0,1.0,0.5,2.0,1.0,2.0,0.5,1.0,1.0,https://raw.githubusercontent.com/PokeAPI/cries/main/cries/pokemon/latest/643.ogg,https://raw.githubusercontent.com/PokeAPI/sprites/master/sprites/pokemon/643.png,https://raw.githubusercontent.com/PokeAPI/sprites/master/sprites/pokemon/shiny/643.png
644,zekrom,Deep Black Pokemon,Generation-v,True,False,"dragon, electric",2.9,345.0,Teravolt,Unknown Habitat,None,"Concealing itself in lightning clouds, it flies throughout the Unova region. It creates electricity in its tail.",100,150,120,120,100,90,1.0,0.5,0.5,0.25,0.5,2.0,1.0,1.0,2.0,0.5,1.0,1.0,1.0,1.0,2.0,0.5,1.0,2.0,https://raw.githubusercontent.com/PokeAPI/cries/main/cries/pokemon/latest/644.ogg,https://raw.githubusercontent.com/PokeAPI/sprites/master/sprites/pokemon/644.png,https://raw.githubusercontent.com/PokeAPI/sprites/master/sprites/pokemon/shiny/644.png
645,landorus-incarnate,Abundance Pokemon,Generation-v,True,False,"ground, flying",1.5,68.0,"Sand force, Sheer force (Hidden)",Unknown Habitat,None,Lands visited by Landorus grant such bountiful crops that it has been hailed as “The Guardian of the Fields.”,89,125,90,115,80,101,1.0,1.0,2.0,0.0,1.0,4.0,0.5,0.5,0.0,1.0,1.0,0.5,1.0,1.0,1.0,1.0,1.0,1.0,https://raw.githubusercontent.com/PokeAPI/cries/main/cries/pokemon/latest/645.ogg,https://raw.githubusercontent.com/PokeAPI/sprites/master/sprites/pokemon/645.png,https://raw.githubusercontent.com/PokeAPI/sprites/master/sprites/pokemon/shiny/645.png
646,kyurem,Boundary Pokemon,Generation-v,True,False,"dragon, ice",3.0,325.0,Pressure,Unknown Habitat,None,"It generates a powerful, freezing energy inside itself, but its body became frozen when the energy leaked out.",125,130,90,130,90,95,1.0,1.0,0.5,0.5,0.5,1.0,2.0,1.0,1.0,1.0,1.0,1.0,2.0,1.0,2.0,2.0,1.0,2.0,https://raw.githubusercontent.com/PokeAPI/cries/main/cries/pokemon/latest/646.ogg,https://raw.githubusercontent.com/PokeAPI/sprites/master/sprites/pokemon/646.png,https://raw.githubusercontent.com/PokeAPI/sprites/master/sprites/pokemon/shiny/646.png
647,keldeo-ordinary,Colt Pokemon,Generation-v,False,True,"water, fighting",1.4,48.5,Justified,Unknown Habitat,None,"By blasting water from its hooves, it can glide across water. It excels at using leg moves while battling.",91,72,90,129,90,108,1.0,0.5,0.5,2.0,2.0,0.5,1.0,1.0,1.0,2.0,2.0,0.5,0.5,1.0,1.0,0.5,0.5,2.0,https://raw.githubusercontent.com/PokeAPI/cries/main/cries/pokemon/latest/647.ogg,https://raw.githubusercontent.com/PokeAPI/sprites/master/sprites/pokemon/647.png,https://raw.githubusercontent.com/PokeAPI/sprites/master/sprites/pokemon/shiny/647.png
648,meloetta-aria,Melody Pokemon,Generation-v,False,True,"normal, psychic",0.6,6.5,Serene grace,Unknown Habitat,None,Its melodies are sung with a special vocalization method that can control the feelings of those who hear it.,100,77,77,128,128,90,1.0,1.0,1.0,1.0,1.0,1.0,1.0,1.0,1.0,1.0,0.5,2.0,1.0,0.0,1.0,1.0,2.0,1.0,https://raw.githubusercontent.com/PokeAPI/cries/main/cries/pokemon/latest/648.ogg,https://raw.githubusercontent.com/PokeAPI/sprites/master/sprites/pokemon/648.png,https://raw.githubusercontent.com/PokeAPI/sprites/master/sprites/pokemon/shiny/648.png
649,genesect,Paleozoic Pokemon,Generation-v,False,True,"bug, steel",1.5,82.5,Download,Unknown Habitat,None,"Over 300 million years ago, it was feared as the strongest of hunters. It has been modified by Team Plasma.",71,120,95,120,95,99,0.5,4.0,1.0,1.0,0.25,0.5,1.0,0.0,1.0,1.0,0.5,0.5,1.0,1.0,0.5,0.5,1.0,0.5,https://raw.githubusercontent.com/PokeAPI/cries/main/cries/pokemon/latest/649.ogg,https://raw.githubusercontent.com/PokeAPI/sprites/master/sprites/pokemon/649.png,https://raw.githubusercontent.com/PokeAPI/sprites/master/sprites/pokemon/shiny/649.png
650,chespin,Spiny Nut Pokemon,Generation-vi,False,False,grass,0.4,9.0,"Overgrow, Bulletproof (Hidden)",Unknown Habitat,None,"The quills on its head are usually soft. When it flexes them, the points become so hard and sharp that they can pierce rock.",56,61,65,48,45,38,1.0,2.0,0.5,0.5,0.5,2.0,1.0,2.0,0.5,2.0,1.0,2.0,1.0,1.0,1.0,1.0,1.0,1.0,https://raw.githubusercontent.com/PokeAPI/cries/main/cries/pokemon/latest/650.ogg,https://raw.githubusercontent.com/PokeAPI/sprites/master/sprites/pokemon/650.png,https://raw.githubusercontent.com/PokeAPI/sprites/master/sprites/pokemon/shiny/650.png
651,quilladin,Spiny Armor Pokemon,Generation-vi,False,False,grass,0.7,29.0,"Overgrow, Bulletproof (Hidden)",Unknown Habitat,Chespin,It relies on its sturdy shell to deflect predators’ attacks. It counterattacks with its sharp quills.,61,78,95,56,58,57,1.0,2.0,0.5,0.5,0.5,2.0,1.0,2.0,0.5,2.0,1.0,2.0,1.0,1.0,1.0,1.0,1.0,1.0,https://raw.githubusercontent.com/PokeAPI/cries/main/cries/pokemon/latest/651.ogg,https://raw.githubusercontent.com/PokeAPI/sprites/master/sprites/pokemon/651.png,https://raw.githubusercontent.com/PokeAPI/sprites/master/sprites/pokemon/shiny/651.png
652,chesnaught,Spiny Armor Pokemon,Generation-vi,False,False,"grass, fighting",1.6,90.0,"Overgrow, Bulletproof (Hidden)",Unknown Habitat,Quilladin,Its Tackle is forceful enough to flip a 50-ton tank. It shields its allies from danger with its own body.,88,107,122,74,75,64,1.0,2.0,0.5,0.5,0.5,2.0,1.0,2.0,0.5,4.0,2.0,1.0,0.5,1.0,1.0,1.0,0.5,2.0,https://raw.githubusercontent.com/PokeAPI/cries/main/cries/pokemon/latest/652.ogg,https://raw.githubusercontent.com/PokeAPI/sprites/master/sprites/pokemon/652.png,https://raw.githubusercontent.com/PokeAPI/sprites/master/sprites/pokemon/shiny/652.png
653,fennekin,Fox Pokemon,Generation-vi,False,False,fire,0.4,9.4,"Blaze, Magician (Hidden)",Unknown Habitat,None,"Eating a twig fills it with energy, and its roomy ears give vent to air hotter than 390 degrees Fahrenheit.",40,45,40,62,60,60,1.0,0.5,2.0,1.0,0.5,0.5,1.0,1.0,2.0,1.0,1.0,0.5,2.0,1.0,1.0,0.5,1.0,0.5,https://raw.githubusercontent.com/PokeAPI/cries/main/cries/pokemon/latest/653.ogg,https://raw.githubusercontent.com/PokeAPI/sprites/master/sprites/pokemon/653.png,https://raw.githubusercontent.com/PokeAPI/sprites/master/sprites/pokemon/shiny/653.png
654,braixen,Fox Pokemon,Generation-vi,False,False,fire,1.0,14.5,"Blaze, Magician (Hidden)",Unknown Habitat,Fennekin,"It has a twig stuck in its tail. With friction from its tail fur, it sets the twig on fire and launches into battle.",59,59,58,90,70,73,1.0,0.5,2.0,1.0,0.5,0.5,1.0,1.0,2.0,1.0,1.0,0.5,2.0,1.0,1.0,0.5,1.0,0.5,https://raw.githubusercontent.com/PokeAPI/cries/main/cries/pokemon/latest/654.ogg,https://raw.githubusercontent.com/PokeAPI/sprites/master/sprites/pokemon/654.png,https://raw.githubusercontent.com/PokeAPI/sprites/master/sprites/pokemon/shiny/654.png
655,delphox,Fox Pokemon,Generation-vi,False,False,"fire, psychic",1.5,39.0,"Blaze, Magician (Hidden)",Unknown Habitat,Braixen,"It gazes into the flame at the tip of its branch to achieve a focused state, which allows it to see into the future.",75,69,72,114,100,104,1.0,0.5,2.0,1.0,0.5,0.5,0.5,1.0,2.0,1.0,0.5,1.0,2.0,2.0,1.0,0.5,2.0,0.5,https://raw.githubusercontent.com/PokeAPI/cries/main/cries/pokemon/latest/655.ogg,https://raw.githubusercontent.com/PokeAPI/sprites/master/sprites/pokemon/655.png,https://raw.githubusercontent.com/PokeAPI/sprites/master/sprites/pokemon/shiny/655.png
656,froakie,Bubble Frog Pokemon,Generation-vi,False,False,water,0.3,7.0,"Torrent, Protean (Hidden)",Unknown Habitat,None,It secretes flexible bubbles from its chest and back. The bubbles reduce the damage it would otherwise take when attacked.,41,56,40,62,44,71,1.0,0.5,0.5,2.0,2.0,0.5,1.0,1.0,1.0,1.0,1.0,1.0,1.0,1.0,1.0,0.5,1.0,1.0,https://raw.githubusercontent.com/PokeAPI/cries/main/cries/pokemon/latest/656.ogg,https://raw.githubusercontent.com/PokeAPI/sprites/master/sprites/pokemon/656.png,https://raw.githubusercontent.com/PokeAPI/sprites/master/sprites/pokemon/shiny/656.png
657,frogadier,Bubble Frog Pokemon,Generation-vi,False,False,water,0.6,10.9,"Torrent, Protean (Hidden)",Unknown Habitat,Froakie,"It can throw bubble-covered pebbles with precise control, hitting empty cans up to a hundred feet away.",54,63,52,83,56,97,1.0,0.5,0.5,2.0,2.0,0.5,1.0,1.0,1.0,1.0,1.0,1.0,1.0,1.0,1.0,0.5,1.0,1.0,https://raw.githubusercontent.com/PokeAPI/cries/main/cries/pokemon/latest/657.ogg,https://raw.githubusercontent.com/PokeAPI/sprites/master/sprites/pokemon/657.png,https://raw.githubusercontent.com/PokeAPI/sprites/master/sprites/pokemon/shiny/657.png
658,greninja,Ninja Pokemon,Generation-vi,False,False,"water, dark",1.5,40.0,"Torrent, Protean (Hidden)",Unknown Habitat,Frogadier,"It creates throwing stars out of compressed water. When it spins them and throws them at high speed, these stars can split metal in two.",72,95,67,103,71,122,1.0,0.5,0.5,2.0,2.0,0.5,2.0,1.0,1.0,1.0,0.0,2.0,1.0,0.5,1.0,0.5,0.5,2.0,https://raw.githubusercontent.com/PokeAPI/cries/main/cries/pokemon/latest/658.ogg,https://raw.githubusercontent.com/PokeAPI/sprites/master/sprites/pokemon/658.png,https://raw.githubusercontent.com/PokeAPI/sprites/master/sprites/pokemon/shiny/658.png
659,bunnelby,Digging Pokemon,Generation-vi,False,False,normal,0.4,5.0,"Pickup, Cheek pouch, Huge power (Hidden)",Unknown Habitat,None,They use their large ears to dig burrows. They will dig the whole night through.,38,36,38,32,36,57,1.0,1.0,1.0,1.0,1.0,1.0,2.0,1.0,1.0,1.0,1.0,1.0,1.0,0.0,1.0,1.0,1.0,1.0,https://raw.githubusercontent.com/PokeAPI/cries/main/cries/pokemon/latest/659.ogg,https://raw.githubusercontent.com/PokeAPI/sprites/master/sprites/pokemon/659.png,https://raw.githubusercontent.com/PokeAPI/sprites/master/sprites/pokemon/shiny/659.png
660,diggersby,Digging Pokemon,Generation-vi,False,False,"normal, ground",1.0,42.4,"Pickup, Cheek pouch, Huge power (Hidden)",Unknown Habitat,Bunnelby,"With their powerful ears, they can heft boulders of a ton or more with ease. They can be a big help at construction sites.",85,56,77,50,77,78,1.0,1.0,2.0,0.0,2.0,2.0,2.0,0.5,1.0,1.0,1.0,1.0,0.5,0.0,1.0,1.0,1.0,1.0,https://raw.githubusercontent.com/PokeAPI/cries/main/cries/pokemon/latest/660.ogg,https://raw.githubusercontent.com/PokeAPI/sprites/master/sprites/pokemon/660.png,https://raw.githubusercontent.com/PokeAPI/sprites/master/sprites/pokemon/shiny/660.png
661,fletchling,Tiny Robin Pokemon,Generation-vi,False,False,"normal, flying",0.3,1.7,"Big pecks, Gale wings (Hidden)",Unknown Habitat,None,These friendly Pokemon send signals to one another with beautiful chirps and tail-feather movements.,45,50,43,40,38,62,1.0,1.0,1.0,2.0,0.5,2.0,1.0,1.0,0.0,1.0,1.0,0.5,2.0,0.0,1.0,1.0,1.0,1.0,https://raw.githubusercontent.com/PokeAPI/cries/main/cries/pokemon/latest/661.ogg,https://raw.githubusercontent.com/PokeAPI/sprites/master/sprites/pokemon/661.png,https://raw.githubusercontent.com/PokeAPI/sprites/master/sprites/pokemon/shiny/661.png
662,fletchinder,Ember Pokemon,Generation-vi,False,False,"fire, flying",0.7,16.0,"Flame body, Gale wings (Hidden)",Unknown Habitat,Fletchling,"From its beak, it expels embers that set the tall grass on fire. Then it pounces on the bewildered prey that pop out of the grass.",62,73,55,56,52,84,1.0,0.5,2.0,2.0,0.25,1.0,0.5,1.0,0.0,1.0,1.0,0.25,4.0,1.0,1.0,0.5,1.0,0.5,https://raw.githubusercontent.com/PokeAPI/cries/main/cries/pokemon/latest/662.ogg,https://raw.githubusercontent.com/PokeAPI/sprites/master/sprites/pokemon/662.png,https://raw.githubusercontent.com/PokeAPI/sprites/master/sprites/pokemon/shiny/662.png
663,talonflame,Scorching Pokemon,Generation-vi,False,False,"fire, flying",1.2,24.5,"Flame body, Gale wings (Hidden)",Unknown Habitat,Fletchinder,"In the fever of an exciting battle, it showers embers from the gaps between its feathers and takes to the air.",78,81,71,74,69,126,1.0,0.5,2.0,2.0,0.25,1.0,0.5,1.0,0.0,1.0,1.0,0.25,4.0,1.0,1.0,0.5,1.0,0.5,https://raw.githubusercontent.com/PokeAPI/cries/main/cries/pokemon/latest/663.ogg,https://raw.githubusercontent.com/PokeAPI/sprites/master/sprites/pokemon/663.png,https://raw.githubusercontent.com/PokeAPI/sprites/master/sprites/pokemon/shiny/663.png
664,scatterbug,Scatterdust Pokemon,Generation-vi,False,False,bug,0.3,2.5,"Shield dust, Compound eyes, Friend guard (Hidden)",Unknown Habitat,None,"When under attack from bird Pokemon, it spews a poisonous black powder that causes paralysis on contact.",38,35,40,27,25,35,1.0,2.0,1.0,1.0,0.5,1.0,0.5,1.0,0.5,2.0,1.0,1.0,2.0,1.0,1.0,1.0,1.0,1.0,https://raw.githubusercontent.com/PokeAPI/cries/main/cries/pokemon/latest/664.ogg,https://raw.githubusercontent.com/PokeAPI/sprites/master/sprites/pokemon/664.png,https://raw.githubusercontent.com/PokeAPI/sprites/master/sprites/pokemon/shiny/664.png
665,spewpa,Scatterdust Pokemon,Generation-vi,False,False,bug,0.3,8.4,"Shed skin, Friend guard (Hidden)",Unknown Habitat,Scatterbug,"It lives hidden within thicket shadows. When predators attack, it quickly bristles the fur covering its body in an effort to threaten them.",45,22,60,27,30,29,1.0,2.0,1.0,1.0,0.5,1.0,0.5,1.0,0.5,2.0,1.0,1.0,2.0,1.0,1.0,1.0,1.0,1.0,https://raw.githubusercontent.com/PokeAPI/cries/main/cries/pokemon/latest/665.ogg,https://raw.githubusercontent.com/PokeAPI/sprites/master/sprites/pokemon/665.png,https://raw.githubusercontent.com/PokeAPI/sprites/master/sprites/pokemon/shiny/665.png
666,vivillon,Scale Pokemon,Generation-vi,False,False,"bug, flying",1.2,17.0,"Shield dust, Compound eyes, Friend guard (Hidden)",Unknown Habitat,Spewpa,Vivillon with many different patterns are found all over the world. These patterns are affected by the climate of their habitat.,80,52,50,90,50,89,1.0,2.0,1.0,2.0,0.25,2.0,0.25,1.0,0.0,2.0,1.0,0.5,4.0,1.0,1.0,1.0,1.0,1.0,https://raw.githubusercontent.com/PokeAPI/cries/main/cries/pokemon/latest/666.ogg,https://raw.githubusercontent.com/PokeAPI/sprites/master/sprites/pokemon/666.png,https://raw.githubusercontent.com/PokeAPI/sprites/master/sprites/pokemon/shiny/666.png
667,litleo,Lion Cub Pokemon,Generation-vi,False,False,"fire, normal",0.6,13.5,"Rivalry, Unnerve, Moxie (Hidden)",Unknown Habitat,None,"The stronger the opponent it faces, the more heat surges from its mane and the more power flows through its body.",62,50,58,73,54,72,1.0,0.5,2.0,1.0,0.5,0.5,2.0,1.0,2.0,1.0,1.0,0.5,2.0,0.0,1.0,0.5,1.0,0.5,https://raw.githubusercontent.com/PokeAPI/cries/main/cries/pokemon/latest/667.ogg,https://raw.githubusercontent.com/PokeAPI/sprites/master/sprites/pokemon/667.png,https://raw.githubusercontent.com/PokeAPI/sprites/master/sprites/pokemon/shiny/667.png
668,pyroar,Royal Pokemon,Generation-vi,False,False,"fire, normal",1.5,81.5,"Rivalry, Unnerve, Moxie (Hidden)",Unknown Habitat,Litleo,The male with the largest mane of fire is the leader of the pride.,86,68,72,109,66,106,1.0,0.5,2.0,1.0,0.5,0.5,2.0,1.0,2.0,1.0,1.0,0.5,2.0,0.0,1.0,0.5,1.0,0.5,https://raw.githubusercontent.com/PokeAPI/cries/main/cries/pokemon/latest/668.ogg,https://raw.githubusercontent.com/PokeAPI/sprites/master/sprites/pokemon/668.png,https://raw.githubusercontent.com/PokeAPI/sprites/master/sprites/pokemon/shiny/668.png
669,flabebe,Single Bloom Pokemon,Generation-vi,False,False,fairy,0.1,0.1,"Flower veil, Symbiosis (Hidden)",Unknown Habitat,None,It draws out and controls the hidden power of flowers. The flower Flabebe holds is most likely part of its body.,44,38,39,61,79,42,1.0,1.0,1.0,1.0,1.0,1.0,0.5,2.0,1.0,1.0,1.0,0.5,1.0,1.0,0.0,2.0,0.5,1.0,https://raw.githubusercontent.com/PokeAPI/cries/main/cries/pokemon/latest/669.ogg,https://raw.githubusercontent.com/PokeAPI/sprites/master/sprites/pokemon/669.png,https://raw.githubusercontent.com/PokeAPI/sprites/master/sprites/pokemon/shiny/669.png
670,floette,Single Bloom Pokemon,Generation-vi,False,False,fairy,0.2,0.9,"Flower veil, Symbiosis (Hidden)",Unknown Habitat,Flabebe,It flutters around fields of flowers and cares for flowers that are starting to wilt. It draws out the hidden power of flowers to battle.,54,45,47,75,98,52,1.0,1.0,1.0,1.0,1.0,1.0,0.5,2.0,1.0,1.0,1.0,0.5,1.0,1.0,0.0,2.0,0.5,1.0,https://raw.githubusercontent.com/PokeAPI/cries/main/cries/pokemon/latest/670.ogg,https://raw.githubusercontent.com/PokeAPI/sprites/master/sprites/pokemon/670.png,https://raw.githubusercontent.com/PokeAPI/sprites/master/sprites/pokemon/shiny/670.png
671,florges,Garden Pokemon,Generation-vi,False,False,fairy,1.1,10.0,"Flower veil, Symbiosis (Hidden)",Unknown Habitat,Floette,"It claims exquisite flower gardens as its territory, and it obtains power from basking in the energy emitted by flowering plants.",78,65,68,112,154,75,1.0,1.0,1.0,1.0,1.0,1.0,0.5,2.0,1.0,1.0,1.0,0.5,1.0,1.0,0.0,2.0,0.5,1.0,https://raw.githubusercontent.com/PokeAPI/cries/main/cries/pokemon/latest/671.ogg,https://raw.githubusercontent.com/PokeAPI/sprites/master/sprites/pokemon/671.png,https://raw.githubusercontent.com/PokeAPI/sprites/master/sprites/pokemon/shiny/671.png
672,skiddo,Mount Pokemon,Generation-vi,False,False,grass,0.9,31.0,"Sap sipper, Grass pelt (Hidden)",Unknown Habitat,None,"Thought to be one of the first Pokemon to live in harmony with humans, it has a placid disposition.",66,65,48,62,57,52,1.0,2.0,0.5,0.5,0.5,2.0,1.0,2.0,0.5,2.0,1.0,2.0,1.0,1.0,1.0,1.0,1.0,1.0,https://raw.githubusercontent.com/PokeAPI/cries/main/cries/pokemon/latest/672.ogg,https://raw.githubusercontent.com/PokeAPI/sprites/master/sprites/pokemon/672.png,https://raw.githubusercontent.com/PokeAPI/sprites/master/sprites/pokemon/shiny/672.png
673,gogoat,Mount Pokemon,Generation-vi,False,False,grass,1.7,91.0,"Sap sipper, Grass pelt (Hidden)",Unknown Habitat,Skiddo,It can tell how its Trainer is feeling by subtle shifts in the grip on its horns. This empathic sense lets them run as if one being.,123,100,62,97,81,68,1.0,2.0,0.5,0.5,0.5,2.0,1.0,2.0,0.5,2.0,1.0,2.0,1.0,1.0,1.0,1.0,1.0,1.0,https://raw.githubusercontent.com/PokeAPI/cries/main/cries/pokemon/latest/673.ogg,https://raw.githubusercontent.com/PokeAPI/sprites/master/sprites/pokemon/673.png,https://raw.githubusercontent.com/PokeAPI/sprites/master/sprites/pokemon/shiny/673.png
674,pancham,Playful Pokemon,Generation-vi,False,False,fighting,0.6,8.0,"Iron fist, Mold breaker, Scrappy (Hidden)",Unknown Habitat,None,"It does its best to be taken seriously by its enemies, but its glare is not sufficiently intimidating. Chewing on a leaf is its trademark.",67,82,62,46,48,43,1.0,1.0,1.0,1.0,1.0,1.0,1.0,1.0,1.0,2.0,2.0,0.5,0.5,1.0,1.0,1.0,0.5,2.0,https://raw.githubusercontent.com/PokeAPI/cries/main/cries/pokemon/latest/674.ogg,https://raw.githubusercontent.com/PokeAPI/sprites/master/sprites/pokemon/674.png,https://raw.githubusercontent.com/PokeAPI/sprites/master/sprites/pokemon/shiny/674.png
675,pangoro,Daunting Pokemon,Generation-vi,False,False,"fighting, dark",2.1,136.0,"Iron fist, Mold breaker, Scrappy (Hidden)",Unknown Habitat,Pancham,"Although it possesses a violent temperament, it won’t put up with bullying. It uses the leaf in its mouth to sense the movements of its enemies.",95,124,78,69,71,58,1.0,1.0,1.0,1.0,1.0,1.0,2.0,1.0,1.0,2.0,0.0,1.0,0.5,0.5,1.0,1.0,0.25,4.0,https://raw.githubusercontent.com/PokeAPI/cries/main/cries/pokemon/latest/675.ogg,https://raw.githubusercontent.com/PokeAPI/sprites/master/sprites/pokemon/675.png,https://raw.githubusercontent.com/PokeAPI/sprites/master/sprites/pokemon/shiny/675.png
676,furfrou,Poodle Pokemon,Generation-vi,False,False,normal,1.2,28.0,Fur coat,Unknown Habitat,None,Trimming its fluffy fur not only makes it more elegant but also increases the swiftness of its movements.,75,80,60,65,90,102,1.0,1.0,1.0,1.0,1.0,1.0,2.0,1.0,1.0,1.0,1.0,1.0,1.0,0.0,1.0,1.0,1.0,1.0,https://raw.githubusercontent.com/PokeAPI/cries/main/cries/pokemon/latest/676.ogg,https://raw.githubusercontent.com/PokeAPI/sprites/master/sprites/pokemon/676.png,https://raw.githubusercontent.com/PokeAPI/sprites/master/sprites/pokemon/shiny/676.png
677,espurr,Restraint Pokemon,Generation-vi,False,False,psychic,0.3,3.5,"Keen eye, Infiltrator, Own tempo (Hidden)",Unknown Habitat,None,The organ that emits its intense psychic power is sheltered by its ears to keep power from leaking out.,62,48,54,63,60,68,1.0,1.0,1.0,1.0,1.0,1.0,0.5,1.0,1.0,1.0,0.5,2.0,1.0,2.0,1.0,1.0,2.0,1.0,https://raw.githubusercontent.com/PokeAPI/cries/main/cries/pokemon/latest/677.ogg,https://raw.githubusercontent.com/PokeAPI/sprites/master/sprites/pokemon/677.png,https://raw.githubusercontent.com/PokeAPI/sprites/master/sprites/pokemon/shiny/677.png
678,meowstic-male,Constraint Pokemon,Generation-vi,False,False,psychic,0.6,8.5,"Keen eye, Infiltrator, Prankster (Hidden)",Unknown Habitat,Espurr,"When in danger, it raises its ears and releases enough psychic power to grind a 10-ton truck into dust.",74,48,76,83,81,104,1.0,1.0,1.0,1.0,1.0,1.0,0.5,1.0,1.0,1.0,0.5,2.0,1.0,2.0,1.0,1.0,2.0,1.0,https://raw.githubusercontent.com/PokeAPI/cries/main/cries/pokemon/latest/678.ogg,https://raw.githubusercontent.com/PokeAPI/sprites/master/sprites/pokemon/678.png,https://raw.githubusercontent.com/PokeAPI/sprites/master/sprites/pokemon/shiny/678.png
679,honedge,Sword Pokemon,Generation-vi,False,False,"steel, ghost",0.8,2.0,No guard,Unknown Habitat,None,Apparently this Pokemon is born when a departed spirit inhabits a sword. It attaches itself to people and drinks their life force.,45,80,100,35,37,28,0.0,2.0,1.0,1.0,0.5,0.5,0.0,0.0,2.0,0.5,0.5,0.25,0.5,2.0,0.5,0.5,2.0,0.5,https://raw.githubusercontent.com/PokeAPI/cries/main/cries/pokemon/latest/679.ogg,https://raw.githubusercontent.com/PokeAPI/sprites/master/sprites/pokemon/679.png,https://raw.githubusercontent.com/PokeAPI/sprites/master/sprites/pokemon/shiny/679.png
680,doublade,Sword Pokemon,Generation-vi,False,False,"steel, ghost",0.8,4.5,No guard,Unknown Habitat,Honedge,"When Honedge evolves, it divides into two swords, which cooperate via telepathy to coordinate attacks and slash their enemies to ribbons.",59,110,150,45,49,35,0.0,2.0,1.0,1.0,0.5,0.5,0.0,0.0,2.0,0.5,0.5,0.25,0.5,2.0,0.5,0.5,2.0,0.5,https://raw.githubusercontent.com/PokeAPI/cries/main/cries/pokemon/latest/680.ogg,https://raw.githubusercontent.com/PokeAPI/sprites/master/sprites/pokemon/680.png,https://raw.githubusercontent.com/PokeAPI/sprites/master/sprites/pokemon/shiny/680.png
681,aegislash-shield,Royal Sword Pokemon,Generation-vi,False,False,"steel, ghost",1.7,53.0,Stance change,Unknown Habitat,Doublade,"Generations of kings were attended by these Pokemon, which used their spectral power to manipulate and control people and Pokemon.",60,50,140,50,140,60,0.0,2.0,1.0,1.0,0.5,0.5,0.0,0.0,2.0,0.5,0.5,0.25,0.5,2.0,0.5,0.5,2.0,0.5,https://raw.githubusercontent.com/PokeAPI/cries/main/cries/pokemon/latest/681.ogg,https://raw.githubusercontent.com/PokeAPI/sprites/master/sprites/pokemon/681.png,https://raw.githubusercontent.com/PokeAPI/sprites/master/sprites/pokemon/shiny/681.png
682,spritzee,Perfume Pokemon,Generation-vi,False,False,fairy,0.2,0.5,"Healer, Aroma veil (Hidden)",Unknown Habitat,None,It emits a scent that enraptures those who smell it. This fragrance changes depending on what it has eaten.,78,52,60,63,65,23,1.0,1.0,1.0,1.0,1.0,1.0,0.5,2.0,1.0,1.0,1.0,0.5,1.0,1.0,0.0,2.0,0.5,1.0,https://raw.githubusercontent.com/PokeAPI/cries/main/cries/pokemon/latest/682.ogg,https://raw.githubusercontent.com/PokeAPI/sprites/master/sprites/pokemon/682.png,https://raw.githubusercontent.com/PokeAPI/sprites/master/sprites/pokemon/shiny/682.png
683,aromatisse,Fragrance Pokemon,Generation-vi,False,False,fairy,0.8,15.5,"Healer, Aroma veil (Hidden)",Unknown Habitat,Spritzee,"It devises various scents, pleasant and unpleasant, and emits scents that its enemies dislike in order to gain an edge in battle.",101,72,72,99,89,29,1.0,1.0,1.0,1.0,1.0,1.0,0.5,2.0,1.0,1.0,1.0,0.5,1.0,1.0,0.0,2.0,0.5,1.0,https://raw.githubusercontent.com/PokeAPI/cries/main/cries/pokemon/latest/683.ogg,https://raw.githubusercontent.com/PokeAPI/sprites/master/sprites/pokemon/683.png,https://raw.githubusercontent.com/PokeAPI/sprites/master/sprites/pokemon/shiny/683.png
684,swirlix,Cotton Candy Pokemon,Generation-vi,False,False,fairy,0.4,3.5,"Sweet veil, Unburden (Hidden)",Unknown Habitat,None,"To entangle its opponents in battle, it extrudes white threads as sweet and sticky as cotton candy.",62,48,66,59,57,49,1.0,1.0,1.0,1.0,1.0,1.0,0.5,2.0,1.0,1.0,1.0,0.5,1.0,1.0,0.0,2.0,0.5,1.0,https://raw.githubusercontent.com/PokeAPI/cries/main/cries/pokemon/latest/684.ogg,https://raw.githubusercontent.com/PokeAPI/sprites/master/sprites/pokemon/684.png,https://raw.githubusercontent.com/PokeAPI/sprites/master/sprites/pokemon/shiny/684.png
685,slurpuff,Meringue Pokemon,Generation-vi,False,False,fairy,0.8,5.0,"Sweet veil, Unburden (Hidden)",Unknown Habitat,Swirlix,It can distinguish the faintest of scents. It puts its sensitive sense of smell to use by helping pastry chefs in their work.,82,80,86,85,75,72,1.0,1.0,1.0,1.0,1.0,1.0,0.5,2.0,1.0,1.0,1.0,0.5,1.0,1.0,0.0,2.0,0.5,1.0,https://raw.githubusercontent.com/PokeAPI/cries/main/cries/pokemon/latest/685.ogg,https://raw.githubusercontent.com/PokeAPI/sprites/master/sprites/pokemon/685.png,https://raw.githubusercontent.com/PokeAPI/sprites/master/sprites/pokemon/shiny/685.png
686,inkay,Revolving Pokemon,Generation-vi,False,False,"dark, psychic",0.4,3.5,"Contrary, Suction cups, Infiltrator (Hidden)",Unknown Habitat,None,Opponents who stare at the flashing of the light-emitting spots on its body become dazed and lose their will to fight.,53,54,53,37,46,45,1.0,1.0,1.0,1.0,1.0,1.0,1.0,1.0,1.0,1.0,0.0,4.0,1.0,1.0,1.0,1.0,1.0,2.0,https://raw.githubusercontent.com/PokeAPI/cries/main/cries/pokemon/latest/686.ogg,https://raw.githubusercontent.com/PokeAPI/sprites/master/sprites/pokemon/686.png,https://raw.githubusercontent.com/PokeAPI/sprites/master/sprites/pokemon/shiny/686.png
687,malamar,Overturning Pokemon,Generation-vi,False,False,"dark, psychic",1.5,47.0,"Contrary, Suction cups, Infiltrator (Hidden)",Unknown Habitat,Inkay,"It wields the most compelling hypnotic powers of any Pokemon, and it forces others to do whatever it wants.",86,92,88,68,75,73,1.0,1.0,1.0,1.0,1.0,1.0,1.0,1.0,1.0,1.0,0.0,4.0,1.0,1.0,1.0,1.0,1.0,2.0,https://raw.githubusercontent.com/PokeAPI/cries/main/cries/pokemon/latest/687.ogg,https://raw.githubusercontent.com/PokeAPI/sprites/master/sprites/pokemon/687.png,https://raw.githubusercontent.com/PokeAPI/sprites/master/sprites/pokemon/shiny/687.png
688,binacle,Two-Handed Pokemon,Generation-vi,False,False,"rock, water",0.5,31.0,"Tough claws, Sniper, Pickpocket (Hidden)",Unknown Habitat,None,"Two Binacle live together on one rock. When they fight, one of them will move to a different rock.",42,52,67,39,56,50,0.5,0.25,1.0,2.0,4.0,0.5,2.0,0.5,2.0,0.5,1.0,1.0,1.0,1.0,1.0,1.0,1.0,1.0,https://raw.githubusercontent.com/PokeAPI/cries/main/cries/pokemon/latest/688.ogg,https://raw.githubusercontent.com/PokeAPI/sprites/master/sprites/pokemon/688.png,https://raw.githubusercontent.com/PokeAPI/sprites/master/sprites/pokemon/shiny/688.png
689,barbaracle,Collective Pokemon,Generation-vi,False,False,"rock, water",1.3,96.0,"Tough claws, Sniper, Pickpocket (Hidden)",Unknown Habitat,Binacle,"When they evolve, two Binacle multiply into seven. They fight with the power of seven Binacle.",72,105,115,54,86,68,0.5,0.25,1.0,2.0,4.0,0.5,2.0,0.5,2.0,0.5,1.0,1.0,1.0,1.0,1.0,1.0,1.0,1.0,https://raw.githubusercontent.com/PokeAPI/cries/main/cries/pokemon/latest/689.ogg,https://raw.githubusercontent.com/PokeAPI/sprites/master/sprites/pokemon/689.png,https://raw.githubusercontent.com/PokeAPI/sprites/master/sprites/pokemon/shiny/689.png
690,skrelp,Mock Kelp Pokemon,Generation-vi,False,False,"poison, water",0.5,7.3,"Poison point, Poison touch, Adaptability (Hidden)",Unknown Habitat,None,"Camouflaged as rotten kelp, they spray liquid poison on prey that approaches unawares and then finish it off.",50,60,60,60,60,30,1.0,0.5,0.5,2.0,1.0,0.5,0.5,0.5,2.0,1.0,2.0,0.5,1.0,1.0,1.0,0.5,1.0,0.5,https://raw.githubusercontent.com/PokeAPI/cries/main/cries/pokemon/latest/690.ogg,https://raw.githubusercontent.com/PokeAPI/sprites/master/sprites/pokemon/690.png,https://raw.githubusercontent.com/PokeAPI/sprites/master/sprites/pokemon/shiny/690.png
691,dragalge,Mock Kelp Pokemon,Generation-vi,False,False,"poison, dragon",1.8,81.5,"Poison point, Poison touch, Adaptability (Hidden)",Unknown Habitat,Skrelp,"Their poison is strong enough to eat through the hull of a tanker, and they spit it indiscriminately at anything that enters their territory.",65,75,90,97,123,44,1.0,0.5,0.5,0.5,0.25,2.0,0.5,0.5,2.0,1.0,2.0,0.5,1.0,1.0,2.0,1.0,1.0,1.0,https://raw.githubusercontent.com/PokeAPI/cries/main/cries/pokemon/latest/691.ogg,https://raw.githubusercontent.com/PokeAPI/sprites/master/sprites/pokemon/691.png,https://raw.githubusercontent.com/PokeAPI/sprites/master/sprites/pokemon/shiny/691.png
692,clauncher,Water Gun Pokemon,Generation-vi,False,False,water,0.5,8.3,Mega launcher,Unknown Habitat,None,They knock down flying prey by firing compressed water from their massive claws like shooting a pistol.,50,53,62,58,63,44,1.0,0.5,0.5,2.0,2.0,0.5,1.0,1.0,1.0,1.0,1.0,1.0,1.0,1.0,1.0,0.5,1.0,1.0,https://raw.githubusercontent.com/PokeAPI/cries/main/cries/pokemon/latest/692.ogg,https://raw.githubusercontent.com/PokeAPI/sprites/master/sprites/pokemon/692.png,https://raw.githubusercontent.com/PokeAPI/sprites/master/sprites/pokemon/shiny/692.png
693,clawitzer,Howitzer Pokemon,Generation-vi,False,False,water,1.3,35.3,Mega launcher,Unknown Habitat,Clauncher,Their enormous claws launch cannonballs of water powerful enough to pierce tanker hulls.,71,73,88,120,89,59,1.0,0.5,0.5,2.0,2.0,0.5,1.0,1.0,1.0,1.0,1.0,1.0,1.0,1.0,1.0,0.5,1.0,1.0,https://raw.githubusercontent.com/PokeAPI/cries/main/cries/pokemon/latest/693.ogg,https://raw.githubusercontent.com/PokeAPI/sprites/master/sprites/pokemon/693.png,https://raw.githubusercontent.com/PokeAPI/sprites/master/sprites/pokemon/shiny/693.png
694,helioptile,Generator Pokemon,Generation-vi,False,False,"electric, normal",0.5,6.0,"Dry skin, Sand veil, Solar power (Hidden)",Unknown Habitat,None,"They make their home in deserts. They can generate their energy from basking in the sun, so eating food is not a requirement.",44,38,33,61,43,70,1.0,1.0,1.0,0.5,1.0,1.0,2.0,1.0,2.0,0.5,1.0,1.0,1.0,0.0,1.0,0.5,1.0,1.0,https://raw.githubusercontent.com/PokeAPI/cries/main/cries/pokemon/latest/694.ogg,https://raw.githubusercontent.com/PokeAPI/sprites/master/sprites/pokemon/694.png,https://raw.githubusercontent.com/PokeAPI/sprites/master/sprites/pokemon/shiny/694.png
695,heliolisk,Generator Pokemon,Generation-vi,False,False,"electric, normal",1.0,21.0,"Dry skin, Sand veil, Solar power (Hidden)",Unknown Habitat,Helioptile,They flare their frills and generate energy. A single Heliolisk can generate sufficient electricity to power a skyscraper.,62,55,52,109,94,109,1.0,1.0,1.0,0.5,1.0,1.0,2.0,1.0,2.0,0.5,1.0,1.0,1.0,0.0,1.0,0.5,1.0,1.0,https://raw.githubusercontent.com/PokeAPI/cries/main/cries/pokemon/latest/695.ogg,https://raw.githubusercontent.com/PokeAPI/sprites/master/sprites/pokemon/695.png,https://raw.githubusercontent.com/PokeAPI/sprites/master/sprites/pokemon/shiny/695.png
696,tyrunt,Royal Heir Pokemon,Generation-vi,False,False,"rock, dragon",0.8,26.0,"Strong jaw, Sturdy (Hidden)",Unknown Habitat,None,"This Pokemon was restored from a fossil. If something happens that it doesn’t like, it throws a tantrum and runs wild.",58,89,77,45,45,48,0.5,0.25,1.0,0.5,1.0,2.0,2.0,0.5,2.0,0.5,1.0,1.0,1.0,1.0,2.0,2.0,1.0,2.0,https://raw.githubusercontent.com/PokeAPI/cries/main/cries/pokemon/latest/696.ogg,https://raw.githubusercontent.com/PokeAPI/sprites/master/sprites/pokemon/696.png,https://raw.githubusercontent.com/PokeAPI/sprites/master/sprites/pokemon/shiny/696.png
697,tyrantrum,Despot Pokemon,Generation-vi,False,False,"rock, dragon",2.5,270.0,"Strong jaw, Rock head (Hidden)",Unknown Habitat,Tyrunt,"Thanks to its gargantuan jaws, which could shred thick metal plates as if they were paper, it was invincible in the ancient world it once inhabited.",82,121,119,69,59,71,0.5,0.25,1.0,0.5,1.0,2.0,2.0,0.5,2.0,0.5,1.0,1.0,1.0,1.0,2.0,2.0,1.0,2.0,https://raw.githubusercontent.com/PokeAPI/cries/main/cries/pokemon/latest/697.ogg,https://raw.githubusercontent.com/PokeAPI/sprites/master/sprites/pokemon/697.png,https://raw.githubusercontent.com/PokeAPI/sprites/master/sprites/pokemon/shiny/697.png
698,amaura,Tundra Pokemon,Generation-vi,False,False,"rock, ice",1.3,25.2,"Refrigerate, Snow warning (Hidden)",Unknown Habitat,None,This ancient Pokemon was restored from part of its body that had been frozen in ice for over 100 million years.,77,59,50,67,63,46,0.5,1.0,2.0,1.0,2.0,0.5,4.0,0.5,2.0,0.5,1.0,1.0,2.0,1.0,1.0,4.0,1.0,1.0,https://raw.githubusercontent.com/PokeAPI/cries/main/cries/pokemon/latest/698.ogg,https://raw.githubusercontent.com/PokeAPI/sprites/master/sprites/pokemon/698.png,https://raw.githubusercontent.com/PokeAPI/sprites/master/sprites/pokemon/shiny/698.png
699,aurorus,Tundra Pokemon,Generation-vi,False,False,"rock, ice",2.7,225.0,"Refrigerate, Snow warning (Hidden)",Unknown Habitat,Amaura,"The diamond-shaped crystals on its body expel air as cold as -240 degrees Fahrenheit, surrounding its enemies and encasing them in ice.",123,77,72,99,92,58,0.5,1.0,2.0,1.0,2.0,0.5,4.0,0.5,2.0,0.5,1.0,1.0,2.0,1.0,1.0,4.0,1.0,1.0,https://raw.githubusercontent.com/PokeAPI/cries/main/cries/pokemon/latest/699.ogg,https://raw.githubusercontent.com/PokeAPI/sprites/master/sprites/pokemon/699.png,https://raw.githubusercontent.com/PokeAPI/sprites/master/sprites/pokemon/shiny/699.png
700,sylveon,Intertwining Pokemon,Generation-vi,False,False,fairy,1.0,23.5,"Cute charm, Pixilate (Hidden)",Unknown Habitat,Eevee,It sends a soothing aura from its ribbonlike feelers to calm fights.,95,65,65,110,130,60,1.0,1.0,1.0,1.0,1.0,1.0,0.5,2.0,1.0,1.0,1.0,0.5,1.0,1.0,0.0,2.0,0.5,1.0,https://raw.githubusercontent.com/PokeAPI/cries/main/cries/pokemon/latest/700.ogg,https://raw.githubusercontent.com/PokeAPI/sprites/master/sprites/pokemon/700.png,https://raw.githubusercontent.com/PokeAPI/sprites/master/sprites/pokemon/shiny/700.png
701,hawlucha,Wrestling Pokemon,Generation-vi,False,False,"fighting, flying",0.8,21.5,"Limber, Unburden, Mold breaker (Hidden)",Unknown Habitat,None,"Although its body is small, its proficient fighting skills enable it to keep up with big bruisers like Machamp and Hariyama.",78,92,75,74,63,118,1.0,1.0,1.0,2.0,0.5,2.0,0.5,1.0,0.0,2.0,2.0,0.25,1.0,1.0,1.0,1.0,0.5,2.0,https://raw.githubusercontent.com/PokeAPI/cries/main/cries/pokemon/latest/701.ogg,https://raw.githubusercontent.com/PokeAPI/sprites/master/sprites/pokemon/701.png,https://raw.githubusercontent.com/PokeAPI/sprites/master/sprites/pokemon/shiny/701.png
702,dedenne,Antenna Pokemon,Generation-vi,False,False,"electric, fairy",0.2,2.2,"Cheek pouch, Pickup, Plus (Hidden)",Unknown Habitat,None,"Its whiskers serve as antennas. By sending and receiving electrical waves, it can communicate with others over vast distances.",67,58,57,81,67,101,1.0,1.0,1.0,0.5,1.0,1.0,0.5,2.0,2.0,0.5,1.0,0.5,1.0,1.0,0.0,1.0,0.5,1.0,https://raw.githubusercontent.com/PokeAPI/cries/main/cries/pokemon/latest/702.ogg,https://raw.githubusercontent.com/PokeAPI/sprites/master/sprites/pokemon/702.png,https://raw.githubusercontent.com/PokeAPI/sprites/master/sprites/pokemon/shiny/702.png
703,carbink,Jewel Pokemon,Generation-vi,False,False,"rock, fairy",0.3,5.7,"Clear body, Sturdy (Hidden)",Unknown Habitat,None,"Born from the temperatures and pressures deep underground, it fires beams from the stone in its head.",50,50,150,50,150,50,0.5,0.5,2.0,1.0,2.0,1.0,1.0,1.0,2.0,0.5,1.0,0.5,1.0,1.0,0.0,4.0,0.5,1.0,https://raw.githubusercontent.com/PokeAPI/cries/main/cries/pokemon/latest/703.ogg,https://raw.githubusercontent.com/PokeAPI/sprites/master/sprites/pokemon/703.png,https://raw.githubusercontent.com/PokeAPI/sprites/master/sprites/pokemon/shiny/703.png
704,goomy,Soft Tissue Pokemon,Generation-vi,False,False,dragon,0.3,2.8,"Sap sipper, Hydration, Gooey (Hidden)",Unknown Habitat,None,"The weakest Dragon-type Pokemon, it lives in damp, shady places, so its body doesn’t dry out.",45,50,35,55,75,40,1.0,0.5,0.5,0.5,0.5,2.0,1.0,1.0,1.0,1.0,1.0,1.0,1.0,1.0,2.0,1.0,1.0,2.0,https://raw.githubusercontent.com/PokeAPI/cries/main/cries/pokemon/latest/704.ogg,https://raw.githubusercontent.com/PokeAPI/sprites/master/sprites/pokemon/704.png,https://raw.githubusercontent.com/PokeAPI/sprites/master/sprites/pokemon/shiny/704.png
705,sliggoo,Soft Tissue Pokemon,Generation-vi,False,False,dragon,0.8,17.5,"Sap sipper, Hydration, Gooey (Hidden)",Unknown Habitat,Goomy,"It drives away opponents by excreting a sticky liquid that can dissolve anything. Its eyes devolved, so it can’t see anything.",68,75,53,83,113,60,1.0,0.5,0.5,0.5,0.5,2.0,1.0,1.0,1.0,1.0,1.0,1.0,1.0,1.0,2.0,1.0,1.0,2.0,https://raw.githubusercontent.com/PokeAPI/cries/main/cries/pokemon/latest/705.ogg,https://raw.githubusercontent.com/PokeAPI/sprites/master/sprites/pokemon/705.png,https://raw.githubusercontent.com/PokeAPI/sprites/master/sprites/pokemon/shiny/705.png
706,goodra,Dragon Pokemon,Generation-vi,False,False,dragon,2.0,150.5,"Sap sipper, Hydration, Gooey (Hidden)",Unknown Habitat,Sliggoo,"This very friendly Dragon-type Pokemon will hug its beloved Trainer, leaving that Trainer covered in sticky slime.",90,100,70,110,150,80,1.0,0.5,0.5,0.5,0.5,2.0,1.0,1.0,1.0,1.0,1.0,1.0,1.0,1.0,2.0,1.0,1.0,2.0,https://raw.githubusercontent.com/PokeAPI/cries/main/cries/pokemon/latest/706.ogg,https://raw.githubusercontent.com/PokeAPI/sprites/master/sprites/pokemon/706.png,https://raw.githubusercontent.com/PokeAPI/sprites/master/sprites/pokemon/shiny/706.png
707,klefki,Key Ring Pokemon,Generation-vi,False,False,"steel, fairy",0.2,3.0,"Prankster, Magician (Hidden)",Unknown Habitat,None,These key collectors threaten any attackers by fiercely jingling their keys at them.,57,80,91,80,87,75,0.5,2.0,1.0,1.0,0.5,0.5,1.0,0.0,2.0,0.5,0.5,0.25,0.5,1.0,0.0,1.0,0.5,0.5,https://raw.githubusercontent.com/PokeAPI/cries/main/cries/pokemon/latest/707.ogg,https://raw.githubusercontent.com/PokeAPI/sprites/master/sprites/pokemon/707.png,https://raw.githubusercontent.com/PokeAPI/sprites/master/sprites/pokemon/shiny/707.png
708,phantump,Stump Pokemon,Generation-vi,False,False,"ghost, grass",0.4,7.0,"Natural cure, Frisk, Harvest (Hidden)",Unknown Habitat,None,These Pokemon are created when spirits possess rotten tree stumps. They prefer to live in abandoned forests.,43,70,48,50,60,38,0.0,2.0,0.5,0.5,0.5,2.0,0.0,1.0,0.5,2.0,1.0,1.0,1.0,2.0,1.0,1.0,2.0,1.0,https://raw.githubusercontent.com/PokeAPI/cries/main/cries/pokemon/latest/708.ogg,https://raw.githubusercontent.com/PokeAPI/sprites/master/sprites/pokemon/708.png,https://raw.githubusercontent.com/PokeAPI/sprites/master/sprites/pokemon/shiny/708.png
709,trevenant,Elder Tree Pokemon,Generation-vi,False,False,"ghost, grass",1.5,71.0,"Natural cure, Frisk, Harvest (Hidden)",Unknown Habitat,Phantump,"It can control trees at will. It will trap people who harm the forest, so they can never leave.",85,110,76,65,82,56,0.0,2.0,0.5,0.5,0.5,2.0,0.0,1.0,0.5,2.0,1.0,1.0,1.0,2.0,1.0,1.0,2.0,1.0,https://raw.githubusercontent.com/PokeAPI/cries/main/cries/pokemon/latest/709.ogg,https://raw.githubusercontent.com/PokeAPI/sprites/master/sprites/pokemon/709.png,https://raw.githubusercontent.com/PokeAPI/sprites/master/sprites/pokemon/shiny/709.png
710,pumpkaboo-average,Pumpkin Pokemon,Generation-vi,False,False,"ghost, grass",0.4,5.0,"Pickup, Frisk, Insomnia (Hidden)",Unknown Habitat,None,"The pumpkin body is inhabited by a spirit trapped in this world. As the sun sets, it becomes restless and active.",49,66,70,44,55,51,0.0,2.0,0.5,0.5,0.5,2.0,0.0,1.0,0.5,2.0,1.0,1.0,1.0,2.0,1.0,1.0,2.0,1.0,https://raw.githubusercontent.com/PokeAPI/cries/main/cries/pokemon/latest/710.ogg,https://raw.githubusercontent.com/PokeAPI/sprites/master/sprites/pokemon/710.png,https://raw.githubusercontent.com/PokeAPI/sprites/master/sprites/pokemon/shiny/710.png
711,gourgeist-average,Pumpkin Pokemon,Generation-vi,False,False,"ghost, grass",0.9,12.5,"Pickup, Frisk, Insomnia (Hidden)",Unknown Habitat,Pumpkaboo,"Singing in eerie voices, they wander town streets on the night of the new moon. Anyone who hears their song is cursed.",65,90,122,58,75,84,0.0,2.0,0.5,0.5,0.5,2.0,0.0,1.0,0.5,2.0,1.0,1.0,1.0,2.0,1.0,1.0,2.0,1.0,https://raw.githubusercontent.com/PokeAPI/cries/main/cries/pokemon/latest/711.ogg,https://raw.githubusercontent.com/PokeAPI/sprites/master/sprites/pokemon/711.png,https://raw.githubusercontent.com/PokeAPI/sprites/master/sprites/pokemon/shiny/711.png
712,bergmite,Ice Chunk Pokemon,Generation-vi,False,False,ice,1.0,99.5,"Own tempo, Ice body, Sturdy (Hidden)",Unknown Habitat,None,It blocks opponents’ attacks with the ice that shields its body. It uses cold air to repair any cracks with new ice.,55,69,85,32,35,28,1.0,2.0,1.0,1.0,1.0,0.5,2.0,1.0,1.0,1.0,1.0,1.0,2.0,1.0,1.0,2.0,1.0,1.0,https://raw.githubusercontent.com/PokeAPI/cries/main/cries/pokemon/latest/712.ogg,https://raw.githubusercontent.com/PokeAPI/sprites/master/sprites/pokemon/712.png,https://raw.githubusercontent.com/PokeAPI/sprites/master/sprites/pokemon/shiny/712.png
713,avalugg,Iceberg Pokemon,Generation-vi,False,False,ice,2.0,505.0,"Own tempo, Ice body, Sturdy (Hidden)",Unknown Habitat,Bergmite,Its ice-covered body is as hard as steel. Its cumbersome frame crushes anything that stands in its way.,95,117,184,44,46,28,1.0,2.0,1.0,1.0,1.0,0.5,2.0,1.0,1.0,1.0,1.0,1.0,2.0,1.0,1.0,2.0,1.0,1.0,https://raw.githubusercontent.com/PokeAPI/cries/main/cries/pokemon/latest/713.ogg,https://raw.githubusercontent.com/PokeAPI/sprites/master/sprites/pokemon/713.png,https://raw.githubusercontent.com/PokeAPI/sprites/master/sprites/pokemon/shiny/713.png
714,noibat,Sound Wave Pokemon,Generation-vi,False,False,"flying, dragon",0.5,8.0,"Frisk, Infiltrator, Telepathy (Hidden)",Unknown Habitat,None,"They live in pitch-black caves. Their enormous ears can emit ultrasonic waves of 200,000 hertz.",40,30,35,45,40,55,1.0,0.5,0.5,1.0,0.25,4.0,0.5,1.0,0.0,1.0,1.0,0.5,2.0,1.0,2.0,1.0,1.0,2.0,https://raw.githubusercontent.com/PokeAPI/cries/main/cries/pokemon/latest/714.ogg,https://raw.githubusercontent.com/PokeAPI/sprites/master/sprites/pokemon/714.png,https://raw.githubusercontent.com/PokeAPI/sprites/master/sprites/pokemon/shiny/714.png
715,noivern,Sound Wave Pokemon,Generation-vi,False,False,"flying, dragon",1.5,85.0,"Frisk, Infiltrator, Telepathy (Hidden)",Unknown Habitat,Noibat,They fly around on moonless nights and attack careless prey. Nothing can beat them in a battle in the dark.,85,70,80,97,80,123,1.0,0.5,0.5,1.0,0.25,4.0,0.5,1.0,0.0,1.0,1.0,0.5,2.0,1.0,2.0,1.0,1.0,2.0,https://raw.githubusercontent.com/PokeAPI/cries/main/cries/pokemon/latest/715.ogg,https://raw.githubusercontent.com/PokeAPI/sprites/master/sprites/pokemon/715.png,https://raw.githubusercontent.com/PokeAPI/sprites/master/sprites/pokemon/shiny/715.png
716,xerneas,Life Pokemon,Generation-vi,True,False,fairy,3.0,215.0,Fairy aura,Unknown Habitat,None,Legends say it can share eternal life. It slept for a thousand years in the form of a tree before its revival.,126,131,95,131,98,99,1.0,1.0,1.0,1.0,1.0,1.0,0.5,2.0,1.0,1.0,1.0,0.5,1.0,1.0,0.0,2.0,0.5,1.0,https://raw.githubusercontent.com/PokeAPI/cries/main/cries/pokemon/latest/716.ogg,https://raw.githubusercontent.com/PokeAPI/sprites/master/sprites/pokemon/716.png,https://raw.githubusercontent.com/PokeAPI/sprites/master/sprites/pokemon/shiny/716.png
717,yveltal,Destruction Pokemon,Generation-vi,True,False,"dark, flying",5.8,203.0,Dark aura,Unknown Habitat,None,"When this legendary Pokemon’s wings and tail feathers spread wide and glow red, it absorbs the life force of living creatures.",126,131,95,131,98,99,1.0,1.0,1.0,2.0,0.5,2.0,1.0,1.0,0.0,1.0,0.0,1.0,2.0,0.5,1.0,1.0,0.5,2.0,https://raw.githubusercontent.com/PokeAPI/cries/main/cries/pokemon/latest/717.ogg,https://raw.githubusercontent.com/PokeAPI/sprites/master/sprites/pokemon/717.png,https://raw.githubusercontent.com/PokeAPI/sprites/master/sprites/pokemon/shiny/717.png
718,zygarde-50,Order Pokemon,Generation-vi,True,False,"dragon, ground",5.0,305.0,Aura break,Unknown Habitat,None,"When the Kalos region’s ecosystem falls into disarray, it appears and reveals its secret power.",108,100,121,81,95,95,1.0,0.5,1.0,0.0,1.0,4.0,1.0,0.5,1.0,1.0,1.0,1.0,0.5,1.0,2.0,1.0,1.0,2.0,https://raw.githubusercontent.com/PokeAPI/cries/main/cries/pokemon/latest/718.ogg,https://raw.githubusercontent.com/PokeAPI/sprites/master/sprites/pokemon/718.png,https://raw.githubusercontent.com/PokeAPI/sprites/master/sprites/pokemon/shiny/718.png
719,diancie,Jewel Pokemon,Generation-vi,False,True,"rock, fairy",0.7,8.8,Clear body,Unknown Habitat,None,"A sudden transformation of Carbink, its pink, glimmering body is said to be the loveliest sight in the whole world.",50,100,150,100,150,50,0.5,0.5,2.0,1.0,2.0,1.0,1.0,1.0,2.0,0.5,1.0,0.5,1.0,1.0,0.0,4.0,0.5,1.0,https://raw.githubusercontent.com/PokeAPI/cries/main/cries/pokemon/latest/719.ogg,https://raw.githubusercontent.com/PokeAPI/sprites/master/sprites/pokemon/719.png,https://raw.githubusercontent.com/PokeAPI/sprites/master/sprites/pokemon/shiny/719.png
720,hoopa,Mischief Pokemon,Generation-vi,False,True,"psychic, ghost",0.5,9.0,Magician,Unknown Habitat,None,"This troublemaker sends anything and everything to faraway places using its loop, which can warp space.",80,110,60,150,130,70,0.0,1.0,1.0,1.0,1.0,1.0,0.0,0.5,1.0,1.0,0.5,1.0,1.0,4.0,1.0,1.0,4.0,1.0,https://raw.githubusercontent.com/PokeAPI/cries/main/cries/pokemon/latest/720.ogg,https://raw.githubusercontent.com/PokeAPI/sprites/master/sprites/pokemon/720.png,https://raw.githubusercontent.com/PokeAPI/sprites/master/sprites/pokemon/shiny/720.png
721,volcanion,Steam Pokemon,Generation-vi,False,True,"fire, water",1.7,195.0,Water absorb,Unknown Habitat,None,It lets out billows of steam and disappears into the dense fog. It’s said to live in mountains where humans do not tread.,80,110,120,130,90,70,1.0,0.25,1.0,2.0,1.0,0.25,1.0,1.0,2.0,1.0,1.0,0.5,2.0,1.0,1.0,0.25,1.0,0.5,https://raw.githubusercontent.com/PokeAPI/cries/main/cries/pokemon/latest/721.ogg,https://raw.githubusercontent.com/PokeAPI/sprites/master/sprites/pokemon/721.png,https://raw.githubusercontent.com/PokeAPI/sprites/master/sprites/pokemon/shiny/721.png
722,rowlet,Grass Quill Pokemon,Generation-vii,False,False,"grass, flying",0.3,1.5,"Overgrow, Long reach (Hidden)",Unknown Habitat,None,"This wary Pokemon uses photosynthesis to store up energy during the day, while becoming active at night.",68,55,55,50,50,42,1.0,2.0,0.5,1.0,0.25,4.0,0.5,2.0,0.0,2.0,1.0,1.0,2.0,1.0,1.0,1.0,1.0,1.0,https://raw.githubusercontent.com/PokeAPI/cries/main/cries/pokemon/latest/722.ogg,https://raw.githubusercontent.com/PokeAPI/sprites/master/sprites/pokemon/722.png,https://raw.githubusercontent.com/PokeAPI/sprites/master/sprites/pokemon/shiny/722.png
723,dartrix,Blade Quill Pokemon,Generation-vii,False,False,"grass, flying",0.7,16.0,"Overgrow, Long reach (Hidden)",Unknown Habitat,Rowlet,"A bit of a dandy, it spends its free time preening its wings. Its preoccupation with any dirt on its plumage can leave it unable to battle.",78,75,75,70,70,52,1.0,2.0,0.5,1.0,0.25,4.0,0.5,2.0,0.0,2.0,1.0,1.0,2.0,1.0,1.0,1.0,1.0,1.0,https://raw.githubusercontent.com/PokeAPI/cries/main/cries/pokemon/latest/723.ogg,https://raw.githubusercontent.com/PokeAPI/sprites/master/sprites/pokemon/723.png,https://raw.githubusercontent.com/PokeAPI/sprites/master/sprites/pokemon/shiny/723.png
724,decidueye,Arrow Quill Pokemon,Generation-vii,False,False,"grass, ghost",1.6,36.6,"Overgrow, Long reach (Hidden)",Unknown Habitat,Dartrix,"It fires arrow quills from its wings with such precision, they can pierce a pebble at distances over a hundred yards.",78,107,75,100,100,70,0.0,2.0,0.5,0.5,0.5,2.0,0.0,1.0,0.5,2.0,1.0,1.0,1.0,2.0,1.0,1.0,2.0,1.0,https://raw.githubusercontent.com/PokeAPI/cries/main/cries/pokemon/latest/724.ogg,https://raw.githubusercontent.com/PokeAPI/sprites/master/sprites/pokemon/724.png,https://raw.githubusercontent.com/PokeAPI/sprites/master/sprites/pokemon/shiny/724.png
725,litten,Fire Cat Pokemon,Generation-vii,False,False,fire,0.4,4.3,"Blaze, Intimidate (Hidden)",Unknown Habitat,None,"While grooming itself, it builds up fur inside its stomach. It sets the fur alight and spews fiery attacks, which change based on how it coughs.",45,65,40,60,40,70,1.0,0.5,2.0,1.0,0.5,0.5,1.0,1.0,2.0,1.0,1.0,0.5,2.0,1.0,1.0,0.5,1.0,0.5,https://raw.githubusercontent.com/PokeAPI/cries/main/cries/pokemon/latest/725.ogg,https://raw.githubusercontent.com/PokeAPI/sprites/master/sprites/pokemon/725.png,https://raw.githubusercontent.com/PokeAPI/sprites/master/sprites/pokemon/shiny/725.png
726,torracat,Fire Cat Pokemon,Generation-vii,False,False,fire,0.7,25.0,"Blaze, Intimidate (Hidden)",Unknown Habitat,Litten,"At its throat, it bears a bell of fire. The bell rings brightly whenever this Pokemon spits fire.",65,85,50,80,50,90,1.0,0.5,2.0,1.0,0.5,0.5,1.0,1.0,2.0,1.0,1.0,0.5,2.0,1.0,1.0,0.5,1.0,0.5,https://raw.githubusercontent.com/PokeAPI/cries/main/cries/pokemon/latest/726.ogg,https://raw.githubusercontent.com/PokeAPI/sprites/master/sprites/pokemon/726.png,https://raw.githubusercontent.com/PokeAPI/sprites/master/sprites/pokemon/shiny/726.png
727,incineroar,Heel Pokemon,Generation-vii,False,False,"fire, dark",1.8,83.0,"Blaze, Intimidate (Hidden)",Unknown Habitat,Torracat,"This Pokemon has a violent, selfish disposition. If it’s not in the mood to listen, it will ignore its Trainer’s orders with complete nonchalance.",95,115,90,80,90,60,1.0,0.5,2.0,1.0,0.5,0.5,2.0,1.0,2.0,1.0,0.0,1.0,2.0,0.5,1.0,0.5,0.5,1.0,https://raw.githubusercontent.com/PokeAPI/cries/main/cries/pokemon/latest/727.ogg,https://raw.githubusercontent.com/PokeAPI/sprites/master/sprites/pokemon/727.png,https://raw.githubusercontent.com/PokeAPI/sprites/master/sprites/pokemon/shiny/727.png
728,popplio,Sea Lion Pokemon,Generation-vii,False,False,water,0.4,7.5,"Torrent, Liquid voice (Hidden)",Unknown Habitat,None,"This Pokemon snorts body fluids from its nose, blowing balloons to smash into its foes. It’s famous for being a hard worker.",50,54,54,66,56,40,1.0,0.5,0.5,2.0,2.0,0.5,1.0,1.0,1.0,1.0,1.0,1.0,1.0,1.0,1.0,0.5,1.0,1.0,https://raw.githubusercontent.com/PokeAPI/cries/main/cries/pokemon/latest/728.ogg,https://raw.githubusercontent.com/PokeAPI/sprites/master/sprites/pokemon/728.png,https://raw.githubusercontent.com/PokeAPI/sprites/master/sprites/pokemon/shiny/728.png
729,brionne,Pop Star Pokemon,Generation-vii,False,False,water,0.6,17.5,"Torrent, Liquid voice (Hidden)",Unknown Habitat,Popplio,"A skillful dancer, it creates a sequence of water balloons as it dances, and briskly bombards its enemies.",60,69,69,91,81,50,1.0,0.5,0.5,2.0,2.0,0.5,1.0,1.0,1.0,1.0,1.0,1.0,1.0,1.0,1.0,0.5,1.0,1.0,https://raw.githubusercontent.com/PokeAPI/cries/main/cries/pokemon/latest/729.ogg,https://raw.githubusercontent.com/PokeAPI/sprites/master/sprites/pokemon/729.png,https://raw.githubusercontent.com/PokeAPI/sprites/master/sprites/pokemon/shiny/729.png
730,primarina,Soloist Pokemon,Generation-vii,False,False,"water, fairy",1.8,44.0,"Torrent, Liquid voice (Hidden)",Unknown Habitat,Brionne,It controls its water balloons with song. The melody is learned from others of its kind and is passed down from one generation to the next.,80,74,74,126,116,60,1.0,0.5,0.5,2.0,2.0,0.5,0.5,2.0,1.0,1.0,1.0,0.5,1.0,1.0,0.0,1.0,0.5,1.0,https://raw.githubusercontent.com/PokeAPI/cries/main/cries/pokemon/latest/730.ogg,https://raw.githubusercontent.com/PokeAPI/sprites/master/sprites/pokemon/730.png,https://raw.githubusercontent.com/PokeAPI/sprites/master/sprites/pokemon/shiny/730.png
731,pikipek,Woodpecker Pokemon,Generation-vii,False,False,"normal, flying",0.3,1.2,"Keen eye, Skill link, Pickup (Hidden)",Unknown Habitat,None,It can peck at a rate of 16 times a second to drill holes in trees. It uses the holes for food storage and for nesting.,35,75,30,30,30,65,1.0,1.0,1.0,2.0,0.5,2.0,1.0,1.0,0.0,1.0,1.0,0.5,2.0,0.0,1.0,1.0,1.0,1.0,https://raw.githubusercontent.com/PokeAPI/cries/main/cries/pokemon/latest/731.ogg,https://raw.githubusercontent.com/PokeAPI/sprites/master/sprites/pokemon/731.png,https://raw.githubusercontent.com/PokeAPI/sprites/master/sprites/pokemon/shiny/731.png
732,trumbeak,Bugle Beak Pokemon,Generation-vii,False,False,"normal, flying",0.6,14.8,"Keen eye, Skill link, Pickup (Hidden)",Unknown Habitat,Pikipek,"It eats berries and stores their seeds in its beak. When it encounters enemies or prey, it fires off all the seeds in a burst.",55,85,50,40,50,75,1.0,1.0,1.0,2.0,0.5,2.0,1.0,1.0,0.0,1.0,1.0,0.5,2.0,0.0,1.0,1.0,1.0,1.0,https://raw.githubusercontent.com/PokeAPI/cries/main/cries/pokemon/latest/732.ogg,https://raw.githubusercontent.com/PokeAPI/sprites/master/sprites/pokemon/732.png,https://raw.githubusercontent.com/PokeAPI/sprites/master/sprites/pokemon/shiny/732.png
733,toucannon,Cannon Pokemon,Generation-vii,False,False,"normal, flying",1.1,26.0,"Keen eye, Skill link, Sheer force (Hidden)",Unknown Habitat,Trumbeak,"When it battles, its beak heats up. The temperature can easily exceed 212 degrees Fahrenheit, causing severe burns when it hits.",80,120,75,75,75,60,1.0,1.0,1.0,2.0,0.5,2.0,1.0,1.0,0.0,1.0,1.0,0.5,2.0,0.0,1.0,1.0,1.0,1.0,https://raw.githubusercontent.com/PokeAPI/cries/main/cries/pokemon/latest/733.ogg,https://raw.githubusercontent.com/PokeAPI/sprites/master/sprites/pokemon/733.png,https://raw.githubusercontent.com/PokeAPI/sprites/master/sprites/pokemon/shiny/733.png
734,yungoos,Loitering Pokemon,Generation-vii,False,False,normal,0.4,6.0,"Stakeout, Strong jaw, Adaptability (Hidden)",Unknown Habitat,None,"With its sharp fangs, it will bite anything. It did not originally live in Alola but was imported from another region.",48,70,30,30,30,45,1.0,1.0,1.0,1.0,1.0,1.0,2.0,1.0,1.0,1.0,1.0,1.0,1.0,0.0,1.0,1.0,1.0,1.0,https://raw.githubusercontent.com/PokeAPI/cries/main/cries/pokemon/latest/734.ogg,https://raw.githubusercontent.com/PokeAPI/sprites/master/sprites/pokemon/734.png,https://raw.githubusercontent.com/PokeAPI/sprites/master/sprites/pokemon/shiny/734.png
735,gumshoos,Stakeout Pokemon,Generation-vii,False,False,normal,0.7,14.2,"Stakeout, Strong jaw, Adaptability (Hidden)",Unknown Habitat,Yungoos,"When it finds a trace of its prey, it patiently stakes out the location...but it’s always snoozing by nightfall.",88,110,60,55,60,45,1.0,1.0,1.0,1.0,1.0,1.0,2.0,1.0,1.0,1.0,1.0,1.0,1.0,0.0,1.0,1.0,1.0,1.0,https://raw.githubusercontent.com/PokeAPI/cries/main/cries/pokemon/latest/735.ogg,https://raw.githubusercontent.com/PokeAPI/sprites/master/sprites/pokemon/735.png,https://raw.githubusercontent.com/PokeAPI/sprites/master/sprites/pokemon/shiny/735.png
736,grubbin,Larva Pokemon,Generation-vii,False,False,bug,0.4,4.4,Swarm,Unknown Habitat,None,Its strong jaw enables it to scrape trees and slurp out the sap. It normally lives underground.,47,62,45,55,45,46,1.0,2.0,1.0,1.0,0.5,1.0,0.5,1.0,0.5,2.0,1.0,1.0,2.0,1.0,1.0,1.0,1.0,1.0,https://raw.githubusercontent.com/PokeAPI/cries/main/cries/pokemon/latest/736.ogg,https://raw.githubusercontent.com/PokeAPI/sprites/master/sprites/pokemon/736.png,https://raw.githubusercontent.com/PokeAPI/sprites/master/sprites/pokemon/shiny/736.png
737,charjabug,Battery Pokemon,Generation-vii,False,False,"bug, electric",0.5,10.5,Battery,Unknown Habitat,Grubbin,"Its body is capable of storing electricity. On camping trips, people are grateful to have one around.",57,82,95,55,75,36,1.0,2.0,1.0,0.5,0.5,1.0,0.5,1.0,1.0,1.0,1.0,1.0,2.0,1.0,1.0,0.5,1.0,1.0,https://raw.githubusercontent.com/PokeAPI/cries/main/cries/pokemon/latest/737.ogg,https://raw.githubusercontent.com/PokeAPI/sprites/master/sprites/pokemon/737.png,https://raw.githubusercontent.com/PokeAPI/sprites/master/sprites/pokemon/shiny/737.png
738,vikavolt,Stag Beetle Pokemon,Generation-vii,False,False,"bug, electric",1.5,45.0,Levitate,Unknown Habitat,Charjabug,"It zips around, on sharp lookout for an opening. It concentrates electrical energy within its large jaws and uses it to zap its enemies.",77,70,90,145,75,43,1.0,2.0,1.0,0.5,0.5,1.0,0.5,1.0,1.0,1.0,1.0,1.0,2.0,1.0,1.0,0.5,1.0,1.0,https://raw.githubusercontent.com/PokeAPI/cries/main/cries/pokemon/latest/738.ogg,https://raw.githubusercontent.com/PokeAPI/sprites/master/sprites/pokemon/738.png,https://raw.githubusercontent.com/PokeAPI/sprites/master/sprites/pokemon/shiny/738.png
739,crabrawler,Boxing Pokemon,Generation-vii,False,False,fighting,0.6,7.0,"Hyper cutter, Iron fist, Anger point (Hidden)",Unknown Habitat,None,"While guarding its weak points with its pincers, it looks for an opening and unleashes punches. When it loses, it foams at the mouth and faints.",47,82,57,42,47,63,1.0,1.0,1.0,1.0,1.0,1.0,1.0,1.0,1.0,2.0,2.0,0.5,0.5,1.0,1.0,1.0,0.5,2.0,https://raw.githubusercontent.com/PokeAPI/cries/main/cries/pokemon/latest/739.ogg,https://raw.githubusercontent.com/PokeAPI/sprites/master/sprites/pokemon/739.png,https://raw.githubusercontent.com/PokeAPI/sprites/master/sprites/pokemon/shiny/739.png
740,crabominable,Woolly Crab Pokemon,Generation-vii,False,False,"fighting, ice",1.7,180.0,"Hyper cutter, Iron fist, Anger point (Hidden)",Unknown Habitat,Crabrawler,"It aimed for the top but got lost and ended up on a snowy mountain. Being forced to endure the cold, this Pokemon evolved and grew fur.",97,132,77,62,67,43,1.0,2.0,1.0,1.0,1.0,0.5,2.0,1.0,1.0,2.0,2.0,0.5,1.0,1.0,1.0,2.0,0.5,2.0,https://raw.githubusercontent.com/PokeAPI/cries/main/cries/pokemon/latest/740.ogg,https://raw.githubusercontent.com/PokeAPI/sprites/master/sprites/pokemon/740.png,https://raw.githubusercontent.com/PokeAPI/sprites/master/sprites/pokemon/shiny/740.png
741,oricorio-baile,Dancing Pokemon,Generation-vii,False,False,"fire, flying",0.6,3.4,Dancer,Unknown Habitat,None,"It beats its wings together to create fire. As it moves in the steps of its beautiful dance, it bathes opponents in intense flames.",75,70,70,98,70,93,1.0,0.5,2.0,2.0,0.25,1.0,0.5,1.0,0.0,1.0,1.0,0.25,4.0,1.0,1.0,0.5,1.0,0.5,https://raw.githubusercontent.com/PokeAPI/cries/main/cries/pokemon/latest/741.ogg,https://raw.githubusercontent.com/PokeAPI/sprites/master/sprites/pokemon/741.png,https://raw.githubusercontent.com/PokeAPI/sprites/master/sprites/pokemon/shiny/741.png
742,cutiefly,Bee Fly Pokemon,Generation-vii,False,False,"bug, fairy",0.1,0.2,"Honey gather, Shield dust, Sweet veil (Hidden)",Unknown Habitat,None,"It feeds on the nectar and pollen of flowers. Because it’s able to sense auras, it can identify which flowers are about to bloom.",40,45,40,55,40,84,1.0,2.0,1.0,1.0,0.5,1.0,0.25,2.0,0.5,2.0,1.0,0.5,2.0,1.0,0.0,2.0,0.5,1.0,https://raw.githubusercontent.com/PokeAPI/cries/main/cries/pokemon/latest/742.ogg,https://raw.githubusercontent.com/PokeAPI/sprites/master/sprites/pokemon/742.png,https://raw.githubusercontent.com/PokeAPI/sprites/master/sprites/pokemon/shiny/742.png
743,ribombee,Bee Fly Pokemon,Generation-vii,False,False,"bug, fairy",0.2,0.5,"Honey gather, Shield dust, Sweet veil (Hidden)",Unknown Habitat,Cutiefly,"It rolls up pollen into puffs. It makes many different varieties, some used as food and others used in battle.",60,55,60,95,70,124,1.0,2.0,1.0,1.0,0.5,1.0,0.25,2.0,0.5,2.0,1.0,0.5,2.0,1.0,0.0,2.0,0.5,1.0,https://raw.githubusercontent.com/PokeAPI/cries/main/cries/pokemon/latest/743.ogg,https://raw.githubusercontent.com/PokeAPI/sprites/master/sprites/pokemon/743.png,https://raw.githubusercontent.com/PokeAPI/sprites/master/sprites/pokemon/shiny/743.png
744,rockruff,Puppy Pokemon,Generation-vii,False,False,rock,0.5,9.2,"Keen eye, Vital spirit, Steadfast (Hidden)",Unknown Habitat,None,"It’s considered to be a good Pokemon for beginners because of its friendliness, but its disposition grows rougher as it grows up.",45,65,40,30,40,60,0.5,0.5,2.0,1.0,2.0,1.0,2.0,0.5,2.0,0.5,1.0,1.0,1.0,1.0,1.0,2.0,1.0,1.0,https://raw.githubusercontent.com/PokeAPI/cries/main/cries/pokemon/latest/744.ogg,https://raw.githubusercontent.com/PokeAPI/sprites/master/sprites/pokemon/744.png,https://raw.githubusercontent.com/PokeAPI/sprites/master/sprites/pokemon/shiny/744.png
745,lycanroc-midday,Wolf Pokemon,Generation-vii,False,False,rock,0.8,25.0,"Keen eye, Sand rush, Steadfast (Hidden)",Unknown Habitat,Rockruff,"Its quick movements confuse its enemies. Well equipped with claws and fangs, it also uses the sharp rocks in its mane as weapons.",75,115,65,55,65,112,0.5,0.5,2.0,1.0,2.0,1.0,2.0,0.5,2.0,0.5,1.0,1.0,1.0,1.0,1.0,2.0,1.0,1.0,https://raw.githubusercontent.com/PokeAPI/cries/main/cries/pokemon/latest/745.ogg,https://raw.githubusercontent.com/PokeAPI/sprites/master/sprites/pokemon/745.png,https://raw.githubusercontent.com/PokeAPI/sprites/master/sprites/pokemon/shiny/745.png
746,wishiwashi-solo,Small Fry Pokemon,Generation-vii,False,False,water,0.2,0.3,Schooling,Unknown Habitat,None,"When it’s in trouble, its eyes moisten and begin to shine. The shining light attracts its comrades, and they stand together against their enemies.",45,20,20,25,25,40,1.0,0.5,0.5,2.0,2.0,0.5,1.0,1.0,1.0,1.0,1.0,1.0,1.0,1.0,1.0,0.5,1.0,1.0,https://raw.githubusercontent.com/PokeAPI/cries/main/cries/pokemon/latest/746.ogg,https://raw.githubusercontent.com/PokeAPI/sprites/master/sprites/pokemon/746.png,https://raw.githubusercontent.com/PokeAPI/sprites/master/sprites/pokemon/shiny/746.png
747,mareanie,Brutal Star Pokemon,Generation-vii,False,False,"poison, water",0.4,8.0,"Merciless, Limber, Regenerator (Hidden)",Unknown Habitat,None,"It plunges the poison spike on its head into its prey. When the prey has weakened, Mareanie deals the finishing blow with its 10 tentacles.",50,53,62,43,52,45,1.0,0.5,0.5,2.0,1.0,0.5,0.5,0.5,2.0,1.0,2.0,0.5,1.0,1.0,1.0,0.5,1.0,0.5,https://raw.githubusercontent.com/PokeAPI/cries/main/cries/pokemon/latest/747.ogg,https://raw.githubusercontent.com/PokeAPI/sprites/master/sprites/pokemon/747.png,https://raw.githubusercontent.com/PokeAPI/sprites/master/sprites/pokemon/shiny/747.png
748,toxapex,Brutal Star Pokemon,Generation-vii,False,False,"poison, water",0.7,14.5,"Merciless, Limber, Regenerator (Hidden)",Unknown Habitat,Mareanie,Toxapex crawls along the ocean floor on its 12 legs. It leaves a trail of Corsola bits scattered in its wake.,50,63,152,53,142,35,1.0,0.5,0.5,2.0,1.0,0.5,0.5,0.5,2.0,1.0,2.0,0.5,1.0,1.0,1.0,0.5,1.0,0.5,https://raw.githubusercontent.com/PokeAPI/cries/main/cries/pokemon/latest/748.ogg,https://raw.githubusercontent.com/PokeAPI/sprites/master/sprites/pokemon/748.png,https://raw.githubusercontent.com/PokeAPI/sprites/master/sprites/pokemon/shiny/748.png
749,mudbray,Donkey Pokemon,Generation-vii,False,False,ground,1.0,110.0,"Own tempo, Stamina, Inner focus (Hidden)",Unknown Habitat,None,The mud stuck to Mudbray’s hooves enhances its grip and its powerful running gait.,70,100,70,45,55,45,1.0,1.0,2.0,0.0,2.0,2.0,1.0,0.5,1.0,1.0,1.0,1.0,0.5,1.0,1.0,1.0,1.0,1.0,https://raw.githubusercontent.com/PokeAPI/cries/main/cries/pokemon/latest/749.ogg,https://raw.githubusercontent.com/PokeAPI/sprites/master/sprites/pokemon/749.png,https://raw.githubusercontent.com/PokeAPI/sprites/master/sprites/pokemon/shiny/749.png
750,mudsdale,Draft Horse Pokemon,Generation-vii,False,False,ground,2.5,920.0,"Own tempo, Stamina, Inner focus (Hidden)",Unknown Habitat,Mudbray,"It spits a mud that provides resistance to both wind and rain, so the walls of old houses were often coated with it.",100,125,100,55,85,35,1.0,1.0,2.0,0.0,2.0,2.0,1.0,0.5,1.0,1.0,1.0,1.0,0.5,1.0,1.0,1.0,1.0,1.0,https://raw.githubusercontent.com/PokeAPI/cries/main/cries/pokemon/latest/750.ogg,https://raw.githubusercontent.com/PokeAPI/sprites/master/sprites/pokemon/750.png,https://raw.githubusercontent.com/PokeAPI/sprites/master/sprites/pokemon/shiny/750.png
751,dewpider,Water Bubble Pokemon,Generation-vii,False,False,"water, bug",0.3,4.0,"Water bubble, Water absorb (Hidden)",Unknown Habitat,None,It crawls onto the land in search of food. Its water bubble allows it to breathe and protects its soft head.,38,40,52,40,72,27,1.0,1.0,0.5,2.0,1.0,0.5,0.5,1.0,0.5,2.0,1.0,1.0,2.0,1.0,1.0,0.5,1.0,1.0,https://raw.githubusercontent.com/PokeAPI/cries/main/cries/pokemon/latest/751.ogg,https://raw.githubusercontent.com/PokeAPI/sprites/master/sprites/pokemon/751.png,https://raw.githubusercontent.com/PokeAPI/sprites/master/sprites/pokemon/shiny/751.png
752,araquanid,Water Bubble Pokemon,Generation-vii,False,False,"water, bug",1.8,82.0,"Water bubble, Water absorb (Hidden)",Unknown Habitat,Dewpider,"It delivers headbutts with the water bubble on its head. Small Pokemon get sucked into the bubble, where they drown.",68,70,92,50,132,42,1.0,1.0,0.5,2.0,1.0,0.5,0.5,1.0,0.5,2.0,1.0,1.0,2.0,1.0,1.0,0.5,1.0,1.0,https://raw.githubusercontent.com/PokeAPI/cries/main/cries/pokemon/latest/752.ogg,https://raw.githubusercontent.com/PokeAPI/sprites/master/sprites/pokemon/752.png,https://raw.githubusercontent.com/PokeAPI/sprites/master/sprites/pokemon/shiny/752.png
753,fomantis,Sickle Grass Pokemon,Generation-vii,False,False,grass,0.3,1.5,"Leaf guard, Contrary (Hidden)",Unknown Habitat,None,"During the day, it sleeps and soaks up light. When night falls, it walks around looking for a safer place to sleep.",40,55,35,50,35,35,1.0,2.0,0.5,0.5,0.5,2.0,1.0,2.0,0.5,2.0,1.0,2.0,1.0,1.0,1.0,1.0,1.0,1.0,https://raw.githubusercontent.com/PokeAPI/cries/main/cries/pokemon/latest/753.ogg,https://raw.githubusercontent.com/PokeAPI/sprites/master/sprites/pokemon/753.png,https://raw.githubusercontent.com/PokeAPI/sprites/master/sprites/pokemon/shiny/753.png
754,lurantis,Bloom Sickle Pokemon,Generation-vii,False,False,grass,0.9,18.5,"Leaf guard, Contrary (Hidden)",Unknown Habitat,Fomantis,"It requires a lot of effort to maintain Lurantis’s vivid coloring, but some collectors enjoy this work and treat it as their hobby.",70,105,90,80,90,45,1.0,2.0,0.5,0.5,0.5,2.0,1.0,2.0,0.5,2.0,1.0,2.0,1.0,1.0,1.0,1.0,1.0,1.0,https://raw.githubusercontent.com/PokeAPI/cries/main/cries/pokemon/latest/754.ogg,https://raw.githubusercontent.com/PokeAPI/sprites/master/sprites/pokemon/754.png,https://raw.githubusercontent.com/PokeAPI/sprites/master/sprites/pokemon/shiny/754.png
755,morelull,Illuminating Pokemon,Generation-vii,False,False,"grass, fairy",0.2,1.5,"Illuminate, Effect spore, Rain dish (Hidden)",Unknown Habitat,None,It scatters spores that flicker and glow. Anyone seeing these lights falls into a deep slumber.,40,35,55,65,75,15,1.0,2.0,0.5,0.5,0.5,2.0,0.5,4.0,0.5,2.0,1.0,1.0,1.0,1.0,0.0,2.0,0.5,1.0,https://raw.githubusercontent.com/PokeAPI/cries/main/cries/pokemon/latest/755.ogg,https://raw.githubusercontent.com/PokeAPI/sprites/master/sprites/pokemon/755.png,https://raw.githubusercontent.com/PokeAPI/sprites/master/sprites/pokemon/shiny/755.png
756,shiinotic,Illuminating Pokemon,Generation-vii,False,False,"grass, fairy",1.0,11.5,"Illuminate, Effect spore, Rain dish (Hidden)",Unknown Habitat,Morelull,Forests where Shiinotic live are treacherous to enter at night. People confused by its strange lights can never find their way home again.,60,45,80,90,100,30,1.0,2.0,0.5,0.5,0.5,2.0,0.5,4.0,0.5,2.0,1.0,1.0,1.0,1.0,0.0,2.0,0.5,1.0,https://raw.githubusercontent.com/PokeAPI/cries/main/cries/pokemon/latest/756.ogg,https://raw.githubusercontent.com/PokeAPI/sprites/master/sprites/pokemon/756.png,https://raw.githubusercontent.com/PokeAPI/sprites/master/sprites/pokemon/shiny/756.png
757,salandit,Toxic Lizard Pokemon,Generation-vii,False,False,"poison, fire",0.6,4.8,"Corrosion, Oblivious (Hidden)",Unknown Habitat,None,"It burns its bodily fluids to create a poisonous gas. When its enemies become disoriented from inhaling the gas, it attacks them.",48,44,40,71,40,77,1.0,0.5,2.0,1.0,0.25,0.5,0.5,0.5,4.0,1.0,2.0,0.25,2.0,1.0,1.0,0.5,1.0,0.25,https://raw.githubusercontent.com/PokeAPI/cries/main/cries/pokemon/latest/757.ogg,https://raw.githubusercontent.com/PokeAPI/sprites/master/sprites/pokemon/757.png,https://raw.githubusercontent.com/PokeAPI/sprites/master/sprites/pokemon/shiny/757.png
758,salazzle,Toxic Lizard Pokemon,Generation-vii,False,False,"poison, fire",1.2,22.2,"Corrosion, Oblivious (Hidden)",Unknown Habitat,Salandit,"For some reason, only females have been found. It creates a reverse harem of male Salandit that it lives with.",68,64,60,111,60,117,1.0,0.5,2.0,1.0,0.25,0.5,0.5,0.5,4.0,1.0,2.0,0.25,2.0,1.0,1.0,0.5,1.0,0.25,https://raw.githubusercontent.com/PokeAPI/cries/main/cries/pokemon/latest/758.ogg,https://raw.githubusercontent.com/PokeAPI/sprites/master/sprites/pokemon/758.png,https://raw.githubusercontent.com/PokeAPI/sprites/master/sprites/pokemon/shiny/758.png
759,stufful,Flailing Pokemon,Generation-vii,False,False,"normal, fighting",0.5,6.8,"Fluffy, Klutz, Cute charm (Hidden)",Unknown Habitat,None,"Despite its adorable appearance, when it gets angry and flails about, its arms and legs could knock a pro wrestler sprawling.",70,75,50,45,50,50,1.0,1.0,1.0,1.0,1.0,1.0,2.0,1.0,1.0,2.0,2.0,0.5,0.5,0.0,1.0,1.0,0.5,2.0,https://raw.githubusercontent.com/PokeAPI/cries/main/cries/pokemon/latest/759.ogg,https://raw.githubusercontent.com/PokeAPI/sprites/master/sprites/pokemon/759.png,https://raw.githubusercontent.com/PokeAPI/sprites/master/sprites/pokemon/shiny/759.png
760,bewear,Strong Arm Pokemon,Generation-vii,False,False,"normal, fighting",2.1,135.0,"Fluffy, Klutz, Unnerve (Hidden)",Unknown Habitat,Stufful,This immensely dangerous Pokemon possesses overwhelming physical strength. Its habitat is generally off-limits.,120,125,80,55,60,60,1.0,1.0,1.0,1.0,1.0,1.0,2.0,1.0,1.0,2.0,2.0,0.5,0.5,0.0,1.0,1.0,0.5,2.0,https://raw.githubusercontent.com/PokeAPI/cries/main/cries/pokemon/latest/760.ogg,https://raw.githubusercontent.com/PokeAPI/sprites/master/sprites/pokemon/760.png,https://raw.githubusercontent.com/PokeAPI/sprites/master/sprites/pokemon/shiny/760.png
761,bounsweet,Fruit Pokemon,Generation-vii,False,False,grass,0.3,3.2,"Leaf guard, Oblivious, Sweet veil (Hidden)",Unknown Habitat,None,A delectable aroma pours from its body. They are often swallowed whole by Toucannon lured by that wafting deliciousness.,42,30,38,30,38,32,1.0,2.0,0.5,0.5,0.5,2.0,1.0,2.0,0.5,2.0,1.0,2.0,1.0,1.0,1.0,1.0,1.0,1.0,https://raw.githubusercontent.com/PokeAPI/cries/main/cries/pokemon/latest/761.ogg,https://raw.githubusercontent.com/PokeAPI/sprites/master/sprites/pokemon/761.png,https://raw.githubusercontent.com/PokeAPI/sprites/master/sprites/pokemon/shiny/761.png
762,steenee,Fruit Pokemon,Generation-vii,False,False,grass,0.7,8.2,"Leaf guard, Oblivious, Sweet veil (Hidden)",Unknown Habitat,Bounsweet,"The sepals on its head developed to protect its body. These are quite hard, so even if pecked by bird Pokemon, this Pokemon is totally fine.",52,40,48,40,48,62,1.0,2.0,0.5,0.5,0.5,2.0,1.0,2.0,0.5,2.0,1.0,2.0,1.0,1.0,1.0,1.0,1.0,1.0,https://raw.githubusercontent.com/PokeAPI/cries/main/cries/pokemon/latest/762.ogg,https://raw.githubusercontent.com/PokeAPI/sprites/master/sprites/pokemon/762.png,https://raw.githubusercontent.com/PokeAPI/sprites/master/sprites/pokemon/shiny/762.png
763,tsareena,Fruit Pokemon,Generation-vii,False,False,grass,1.2,21.4,"Leaf guard, Queenly majesty, Sweet veil (Hidden)",Unknown Habitat,Steenee,"Its long, striking legs aren’t just for show but to be used to kick with skill. In victory, it shows off by kicking the defeated, laughing boisterously.",72,120,98,50,98,72,1.0,2.0,0.5,0.5,0.5,2.0,1.0,2.0,0.5,2.0,1.0,2.0,1.0,1.0,1.0,1.0,1.0,1.0,https://raw.githubusercontent.com/PokeAPI/cries/main/cries/pokemon/latest/763.ogg,https://raw.githubusercontent.com/PokeAPI/sprites/master/sprites/pokemon/763.png,https://raw.githubusercontent.com/PokeAPI/sprites/master/sprites/pokemon/shiny/763.png
764,comfey,Posy Picker Pokemon,Generation-vii,False,False,fairy,0.1,0.3,"Flower veil, Triage, Natural cure (Hidden)",Unknown Habitat,None,"It attaches flowers to its highly nutritious vine. This revitalizes the flowers, and they give off an aromatic scent.",51,52,90,82,110,100,1.0,1.0,1.0,1.0,1.0,1.0,0.5,2.0,1.0,1.0,1.0,0.5,1.0,1.0,0.0,2.0,0.5,1.0,https://raw.githubusercontent.com/PokeAPI/cries/main/cries/pokemon/latest/764.ogg,https://raw.githubusercontent.com/PokeAPI/sprites/master/sprites/pokemon/764.png,https://raw.githubusercontent.com/PokeAPI/sprites/master/sprites/pokemon/shiny/764.png
765,oranguru,Sage Pokemon,Generation-vii,False,False,"normal, psychic",1.5,76.0,"Inner focus, Telepathy, Symbiosis (Hidden)",Unknown Habitat,None,"Known for its extreme intelligence, this Pokemon will look down on inexperienced Trainers, so it’s best suited to veteran Trainers.",90,60,80,90,110,60,1.0,1.0,1.0,1.0,1.0,1.0,1.0,1.0,1.0,1.0,0.5,2.0,1.0,0.0,1.0,1.0,2.0,1.0,https://raw.githubusercontent.com/PokeAPI/cries/main/cries/pokemon/latest/765.ogg,https://raw.githubusercontent.com/PokeAPI/sprites/master/sprites/pokemon/765.png,https://raw.githubusercontent.com/PokeAPI/sprites/master/sprites/pokemon/shiny/765.png
766,passimian,Teamwork Pokemon,Generation-vii,False,False,fighting,2.0,82.8,"Receiver, Defiant (Hidden)",Unknown Habitat,None,They form groups of roughly 20 individuals. Their mutual bond is remarkable—they will never let down a comrade.,100,120,90,40,60,80,1.0,1.0,1.0,1.0,1.0,1.0,1.0,1.0,1.0,2.0,2.0,0.5,0.5,1.0,1.0,1.0,0.5,2.0,https://raw.githubusercontent.com/PokeAPI/cries/main/cries/pokemon/latest/766.ogg,https://raw.githubusercontent.com/PokeAPI/sprites/master/sprites/pokemon/766.png,https://raw.githubusercontent.com/PokeAPI/sprites/master/sprites/pokemon/shiny/766.png
767,wimpod,Turn Tail Pokemon,Generation-vii,False,False,"bug, water",0.5,12.0,Wimp out,Unknown Habitat,None,"This Pokemon is a coward. As it desperately dashes off, the flailing of its many legs leaves a sparkling clean path in its wake.",25,35,40,20,30,80,1.0,1.0,0.5,2.0,1.0,0.5,0.5,1.0,0.5,2.0,1.0,1.0,2.0,1.0,1.0,0.5,1.0,1.0,https://raw.githubusercontent.com/PokeAPI/cries/main/cries/pokemon/latest/767.ogg,https://raw.githubusercontent.com/PokeAPI/sprites/master/sprites/pokemon/767.png,https://raw.githubusercontent.com/PokeAPI/sprites/master/sprites/pokemon/shiny/767.png
768,golisopod,Hard Scale Pokemon,Generation-vii,False,False,"bug, water",2.0,108.0,Emergency exit,Unknown Habitat,Wimpod,"With a flashing slash of its giant sharp claws, it cleaves seawater—or even air—right in two.",75,125,140,60,90,40,1.0,1.0,0.5,2.0,1.0,0.5,0.5,1.0,0.5,2.0,1.0,1.0,2.0,1.0,1.0,0.5,1.0,1.0,https://raw.githubusercontent.com/PokeAPI/cries/main/cries/pokemon/latest/768.ogg,https://raw.githubusercontent.com/PokeAPI/sprites/master/sprites/pokemon/768.png,https://raw.githubusercontent.com/PokeAPI/sprites/master/sprites/pokemon/shiny/768.png
769,sandygast,Sand Heap Pokemon,Generation-vii,False,False,"ghost, ground",0.5,70.0,"Water compaction, Sand veil (Hidden)",Unknown Habitat,None,"Born from a sand mound playfully built by a child, this Pokemon embodies the grudges of the departed.",55,55,80,70,45,15,0.0,1.0,2.0,0.0,2.0,2.0,0.0,0.25,1.0,1.0,1.0,0.5,0.5,2.0,1.0,1.0,2.0,1.0,https://raw.githubusercontent.com/PokeAPI/cries/main/cries/pokemon/latest/769.ogg,https://raw.githubusercontent.com/PokeAPI/sprites/master/sprites/pokemon/769.png,https://raw.githubusercontent.com/PokeAPI/sprites/master/sprites/pokemon/shiny/769.png
770,palossand,Sand Castle Pokemon,Generation-vii,False,False,"ghost, ground",1.3,250.0,"Water compaction, Sand veil (Hidden)",Unknown Habitat,Sandygast,"Possessed people controlled by this Pokemon transformed its sand mound into a castle. As it evolved, its power to curse grew ever stronger.",85,75,110,100,75,35,0.0,1.0,2.0,0.0,2.0,2.0,0.0,0.25,1.0,1.0,1.0,0.5,0.5,2.0,1.0,1.0,2.0,1.0,https://raw.githubusercontent.com/PokeAPI/cries/main/cries/pokemon/latest/770.ogg,https://raw.githubusercontent.com/PokeAPI/sprites/master/sprites/pokemon/770.png,https://raw.githubusercontent.com/PokeAPI/sprites/master/sprites/pokemon/shiny/770.png
771,pyukumuku,Sea Cucumber Pokemon,Generation-vii,False,False,water,0.3,1.2,"Innards out, Unaware (Hidden)",Unknown Habitat,None,"It’s covered in a slime that keeps its skin moist, allowing it to stay on land for days without drying up.",55,60,130,30,130,5,1.0,0.5,0.5,2.0,2.0,0.5,1.0,1.0,1.0,1.0,1.0,1.0,1.0,1.0,1.0,0.5,1.0,1.0,https://raw.githubusercontent.com/PokeAPI/cries/main/cries/pokemon/latest/771.ogg,https://raw.githubusercontent.com/PokeAPI/sprites/master/sprites/pokemon/771.png,https://raw.githubusercontent.com/PokeAPI/sprites/master/sprites/pokemon/shiny/771.png
772,type-null,Synthetic Pokemon,Generation-vii,True,False,normal,1.9,120.5,Battle armor,Unknown Habitat,None,The heavy control mask it wears suppresses its intrinsic capabilities. This Pokemon has some hidden special power.,95,95,95,95,95,59,1.0,1.0,1.0,1.0,1.0,1.0,2.0,1.0,1.0,1.0,1.0,1.0,1.0,0.0,1.0,1.0,1.0,1.0,https://raw.githubusercontent.com/PokeAPI/cries/main/cries/pokemon/latest/772.ogg,https://raw.githubusercontent.com/PokeAPI/sprites/master/sprites/pokemon/772.png,https://raw.githubusercontent.com/PokeAPI/sprites/master/sprites/pokemon/shiny/772.png
773,silvally,Synthetic Pokemon,Generation-vii,True,False,normal,2.3,100.5,Rks system,Unknown Habitat,Type-null,"Its trust in its partner is what awakens it. This Pokemon is capable of changing its type, a flexibility that is well displayed in battle.",95,95,95,95,95,95,1.0,1.0,1.0,1.0,1.0,1.0,2.0,1.0,1.0,1.0,1.0,1.0,1.0,0.0,1.0,1.0,1.0,1.0,https://raw.githubusercontent.com/PokeAPI/cries/main/cries/pokemon/latest/773.ogg,https://raw.githubusercontent.com/PokeAPI/sprites/master/sprites/pokemon/773.png,https://raw.githubusercontent.com/PokeAPI/sprites/master/sprites/pokemon/shiny/773.png
774,minior-red-meteor,Meteor Pokemon,Generation-vii,False,False,"rock, flying",0.3,40.0,Shields down,Unknown Habitat,None,"Originally making its home in the ozone layer, it hurtles to the ground when the shell enclosing its body grows too heavy.",60,60,100,60,100,60,0.5,0.5,2.0,2.0,1.0,2.0,1.0,0.5,0.0,0.5,1.0,0.5,2.0,1.0,1.0,2.0,1.0,1.0,https://raw.githubusercontent.com/PokeAPI/cries/main/cries/pokemon/latest/774.ogg,https://raw.githubusercontent.com/PokeAPI/sprites/master/sprites/pokemon/774.png,https://raw.githubusercontent.com/PokeAPI/sprites/master/sprites/pokemon/shiny/774.png
775,komala,Drowsing Pokemon,Generation-vii,False,False,normal,0.4,19.9,Comatose,Unknown Habitat,None,"It is born asleep, and it dies asleep. All its movements are apparently no more than the results of it tossing and turning in its dreams.",65,115,65,75,95,65,1.0,1.0,1.0,1.0,1.0,1.0,2.0,1.0,1.0,1.0,1.0,1.0,1.0,0.0,1.0,1.0,1.0,1.0,https://raw.githubusercontent.com/PokeAPI/cries/main/cries/pokemon/latest/775.ogg,https://raw.githubusercontent.com/PokeAPI/sprites/master/sprites/pokemon/775.png,https://raw.githubusercontent.com/PokeAPI/sprites/master/sprites/pokemon/shiny/775.png
776,turtonator,Blast Turtle Pokemon,Generation-vii,False,False,"fire, dragon",2.0,212.0,Shell armor,Unknown Habitat,None,The shell on its back is chemically unstable and explodes violently if struck. The hole in its stomach is its weak point.,60,78,135,91,85,36,1.0,0.25,1.0,0.5,0.25,1.0,1.0,1.0,2.0,1.0,1.0,0.5,2.0,1.0,2.0,0.5,1.0,1.0,https://raw.githubusercontent.com/PokeAPI/cries/main/cries/pokemon/latest/776.ogg,https://raw.githubusercontent.com/PokeAPI/sprites/master/sprites/pokemon/776.png,https://raw.githubusercontent.com/PokeAPI/sprites/master/sprites/pokemon/shiny/776.png
777,togedemaru,Roly-Poly Pokemon,Generation-vii,False,False,"electric, steel",0.3,3.3,"Iron barbs, Lightning rod, Sturdy (Hidden)",Unknown Habitat,None,"The spiny fur on its back is normally at rest. When this Pokemon becomes agitated, its fur stands on end and stabs into its attackers.",65,98,63,40,73,96,0.5,2.0,1.0,0.5,0.5,0.5,2.0,0.0,4.0,0.25,0.5,0.5,0.5,1.0,0.5,0.25,1.0,0.5,https://raw.githubusercontent.com/PokeAPI/cries/main/cries/pokemon/latest/777.ogg,https://raw.githubusercontent.com/PokeAPI/sprites/master/sprites/pokemon/777.png,https://raw.githubusercontent.com/PokeAPI/sprites/master/sprites/pokemon/shiny/777.png
778,mimikyu-disguised,Disguise Pokemon,Generation-vii,False,False,"ghost, fairy",0.2,0.7,Disguise,Unknown Habitat,None,Its actual appearance is unknown. A scholar who saw what was under its rag was overwhelmed by terror and died from the shock.,55,90,80,50,105,96,0.0,1.0,1.0,1.0,1.0,1.0,0.0,1.0,1.0,1.0,1.0,0.25,1.0,2.0,0.0,2.0,1.0,1.0,https://raw.githubusercontent.com/PokeAPI/cries/main/cries/pokemon/latest/778.ogg,https://raw.githubusercontent.com/PokeAPI/sprites/master/sprites/pokemon/778.png,https://raw.githubusercontent.com/PokeAPI/sprites/master/sprites/pokemon/shiny/778.png
779,bruxish,Gnash Teeth Pokemon,Generation-vii,False,False,"water, psychic",0.9,19.0,"Dazzling, Strong jaw, Wonder skin (Hidden)",Unknown Habitat,None,"When it unleashes its psychic power from the protuberance on its head, the grating sound of grinding teeth echoes through the area.",68,105,70,70,70,92,1.0,0.5,0.5,2.0,2.0,0.5,0.5,1.0,1.0,1.0,0.5,2.0,1.0,2.0,1.0,0.5,2.0,1.0,https://raw.githubusercontent.com/PokeAPI/cries/main/cries/pokemon/latest/779.ogg,https://raw.githubusercontent.com/PokeAPI/sprites/master/sprites/pokemon/779.png,https://raw.githubusercontent.com/PokeAPI/sprites/master/sprites/pokemon/shiny/779.png
780,drampa,Placid Pokemon,Generation-vii,False,False,"normal, dragon",3.0,185.0,"Berserk, Sap sipper, Cloud nine (Hidden)",Unknown Habitat,None,"It has a compassionate personality, but if it is angered, it completely destroys its surroundings with its intense breath.",78,60,85,135,91,36,1.0,0.5,0.5,0.5,0.5,2.0,2.0,1.0,1.0,1.0,1.0,1.0,1.0,0.0,2.0,1.0,1.0,2.0,https://raw.githubusercontent.com/PokeAPI/cries/main/cries/pokemon/latest/780.ogg,https://raw.githubusercontent.com/PokeAPI/sprites/master/sprites/pokemon/780.png,https://raw.githubusercontent.com/PokeAPI/sprites/master/sprites/pokemon/shiny/780.png
781,dhelmise,Sea Creeper Pokemon,Generation-vii,False,False,"ghost, grass",3.9,210.0,Steelworker,Unknown Habitat,None,"Swinging its massive anchor, it can KO Wailord in a single blow. What appears to be green seaweed is actually its body.",70,131,100,86,90,40,0.0,2.0,0.5,0.5,0.5,2.0,0.0,1.0,0.5,2.0,1.0,1.0,1.0,2.0,1.0,1.0,2.0,1.0,https://raw.githubusercontent.com/PokeAPI/cries/main/cries/pokemon/latest/781.ogg,https://raw.githubusercontent.com/PokeAPI/sprites/master/sprites/pokemon/781.png,https://raw.githubusercontent.com/PokeAPI/sprites/master/sprites/pokemon/shiny/781.png
782,jangmo-o,Scaly Pokemon,Generation-vii,False,False,dragon,0.6,29.7,"Bulletproof, Soundproof, Overcoat (Hidden)",Unknown Habitat,None,It expresses its feelings by smacking its scales. Metallic sounds echo through the tall mountains where Jangmo-o lives.,45,55,65,45,45,45,1.0,0.5,0.5,0.5,0.5,2.0,1.0,1.0,1.0,1.0,1.0,1.0,1.0,1.0,2.0,1.0,1.0,2.0,https://raw.githubusercontent.com/PokeAPI/cries/main/cries/pokemon/latest/782.ogg,https://raw.githubusercontent.com/PokeAPI/sprites/master/sprites/pokemon/782.png,https://raw.githubusercontent.com/PokeAPI/sprites/master/sprites/pokemon/shiny/782.png
783,hakamo-o,Scaly Pokemon,Generation-vii,False,False,"dragon, fighting",1.2,47.0,"Bulletproof, Soundproof, Overcoat (Hidden)",Unknown Habitat,Jangmo-o,It leaps at its prey with a courageous shout. Its scaly punches tear its opponents to shreds.,55,75,90,65,70,65,1.0,0.5,0.5,0.5,0.5,2.0,1.0,1.0,1.0,2.0,2.0,0.5,0.5,1.0,2.0,1.0,0.5,4.0,https://raw.githubusercontent.com/PokeAPI/cries/main/cries/pokemon/latest/783.ogg,https://raw.githubusercontent.com/PokeAPI/sprites/master/sprites/pokemon/783.png,https://raw.githubusercontent.com/PokeAPI/sprites/master/sprites/pokemon/shiny/783.png
784,kommo-o,Scaly Pokemon,Generation-vii,False,False,"dragon, fighting",1.6,78.2,"Bulletproof, Soundproof, Overcoat (Hidden)",Unknown Habitat,Hakamo-o,"When it spots enemies, it threatens them by jingling the scales on its tail. Weak opponents will crack and flee in panic.",75,110,125,100,105,85,1.0,0.5,0.5,0.5,0.5,2.0,1.0,1.0,1.0,2.0,2.0,0.5,0.5,1.0,2.0,1.0,0.5,4.0,https://raw.githubusercontent.com/PokeAPI/cries/main/cries/pokemon/latest/784.ogg,https://raw.githubusercontent.com/PokeAPI/sprites/master/sprites/pokemon/784.png,https://raw.githubusercontent.com/PokeAPI/sprites/master/sprites/pokemon/shiny/784.png
785,tapu-koko,Land Spirit Pokemon,Generation-vii,True,False,"electric, fairy",1.8,20.5,"Electric surge, Telepathy (Hidden)",Unknown Habitat,None,This guardian deity of Melemele is brimming with curiosity. It summons thunderclouds and stores their lightning inside its body.,70,115,85,95,75,130,1.0,1.0,1.0,0.5,1.0,1.0,0.5,2.0,2.0,0.5,1.0,0.5,1.0,1.0,0.0,1.0,0.5,1.0,https://raw.githubusercontent.com/PokeAPI/cries/main/cries/pokemon/latest/785.ogg,https://raw.githubusercontent.com/PokeAPI/sprites/master/sprites/pokemon/785.png,https://raw.githubusercontent.com/PokeAPI/sprites/master/sprites/pokemon/shiny/785.png
786,tapu-lele,Land Spirit Pokemon,Generation-vii,True,False,"psychic, fairy",1.2,18.6,"Psychic surge, Telepathy (Hidden)",Unknown Habitat,None,This guardian deity of Akala is guilelessly cruel. The fragrant aroma of flowers is the source of its energy.,70,85,75,130,115,95,1.0,1.0,1.0,1.0,1.0,1.0,0.25,2.0,1.0,1.0,0.5,1.0,1.0,2.0,0.0,2.0,1.0,1.0,https://raw.githubusercontent.com/PokeAPI/cries/main/cries/pokemon/latest/786.ogg,https://raw.githubusercontent.com/PokeAPI/sprites/master/sprites/pokemon/786.png,https://raw.githubusercontent.com/PokeAPI/sprites/master/sprites/pokemon/shiny/786.png
787,tapu-bulu,Land Spirit Pokemon,Generation-vii,True,False,"grass, fairy",1.9,45.5,"Grassy surge, Telepathy (Hidden)",Unknown Habitat,None,"It pulls large trees up by the roots and swings them around. It causes vegetation to grow, and then it absorbs energy from the growth.",70,130,115,85,95,75,1.0,2.0,0.5,0.5,0.5,2.0,0.5,4.0,0.5,2.0,1.0,1.0,1.0,1.0,0.0,2.0,0.5,1.0,https://raw.githubusercontent.com/PokeAPI/cries/main/cries/pokemon/latest/787.ogg,https://raw.githubusercontent.com/PokeAPI/sprites/master/sprites/pokemon/787.png,https://raw.githubusercontent.com/PokeAPI/sprites/master/sprites/pokemon/shiny/787.png
788,tapu-fini,Land Spirit Pokemon,Generation-vii,True,False,"water, fairy",1.3,21.2,"Misty surge, Telepathy (Hidden)",Unknown Habitat,None,The dense fog it creates brings the downfall and destruction of its confused enemies. Ocean currents are the source of its energy.,70,75,115,95,130,85,1.0,0.5,0.5,2.0,2.0,0.5,0.5,2.0,1.0,1.0,1.0,0.5,1.0,1.0,0.0,1.0,0.5,1.0,https://raw.githubusercontent.com/PokeAPI/cries/main/cries/pokemon/latest/788.ogg,https://raw.githubusercontent.com/PokeAPI/sprites/master/sprites/pokemon/788.png,https://raw.githubusercontent.com/PokeAPI/sprites/master/sprites/pokemon/shiny/788.png
789,cosmog,Nebula Pokemon,Generation-vii,True,False,psychic,0.2,0.1,Unaware,Unknown Habitat,None,Its body is gaseous and frail. It slowly grows as it collects dust from the atmosphere.,43,29,31,29,31,37,1.0,1.0,1.0,1.0,1.0,1.0,0.5,1.0,1.0,1.0,0.5,2.0,1.0,2.0,1.0,1.0,2.0,1.0,https://raw.githubusercontent.com/PokeAPI/cries/main/cries/pokemon/latest/789.ogg,https://raw.githubusercontent.com/PokeAPI/sprites/master/sprites/pokemon/789.png,https://raw.githubusercontent.com/PokeAPI/sprites/master/sprites/pokemon/shiny/789.png
790,cosmoem,Protostar Pokemon,Generation-vii,True,False,psychic,0.1,999.9,Sturdy,Unknown Habitat,Cosmog,"Motionless as if dead, its body is faintly warm to the touch. In the distant past, it was called the cocoon of the stars.",43,29,131,29,131,37,1.0,1.0,1.0,1.0,1.0,1.0,0.5,1.0,1.0,1.0,0.5,2.0,1.0,2.0,1.0,1.0,2.0,1.0,https://raw.githubusercontent.com/PokeAPI/cries/main/cries/pokemon/latest/790.ogg,https://raw.githubusercontent.com/PokeAPI/sprites/master/sprites/pokemon/790.png,https://raw.githubusercontent.com/PokeAPI/sprites/master/sprites/pokemon/shiny/790.png
791,solgaleo,Sunne Pokemon,Generation-vii,True,False,"psychic, steel",3.4,230.0,Full metal body,Unknown Habitat,Cosmoem,It is said to live in another world. The intense light it radiates from the surface of its body can make the darkest of nights light up like midday.,137,137,107,113,89,97,0.5,2.0,1.0,1.0,0.5,0.5,1.0,0.0,2.0,0.5,0.25,1.0,0.5,2.0,0.5,0.5,2.0,0.5,https://raw.githubusercontent.com/PokeAPI/cries/main/cries/pokemon/latest/791.ogg,https://raw.githubusercontent.com/PokeAPI/sprites/master/sprites/pokemon/791.png,https://raw.githubusercontent.com/PokeAPI/sprites/master/sprites/pokemon/shiny/791.png
792,lunala,Moone Pokemon,Generation-vii,True,False,"psychic, ghost",4.0,120.0,Shadow shield,Unknown Habitat,Cosmoem,"It is said to be a female evolution of Cosmog. When its third eye activates, away it flies to another world.",137,113,89,137,107,97,0.0,1.0,1.0,1.0,1.0,1.0,0.0,0.5,1.0,1.0,0.5,1.0,1.0,4.0,1.0,1.0,4.0,1.0,https://raw.githubusercontent.com/PokeAPI/cries/main/cries/pokemon/latest/792.ogg,https://raw.githubusercontent.com/PokeAPI/sprites/master/sprites/pokemon/792.png,https://raw.githubusercontent.com/PokeAPI/sprites/master/sprites/pokemon/shiny/792.png
793,nihilego,Parasite Pokemon,Generation-vii,False,False,"rock, poison",1.2,55.5,Beast boost,Unknown Habitat,None,One of several mysterious Ultra Beasts. People on the street report observing those infested by it suddenly becoming violent.,109,53,47,127,131,103,0.5,0.5,2.0,1.0,1.0,1.0,1.0,0.25,4.0,0.5,2.0,0.5,1.0,1.0,1.0,2.0,1.0,0.5,https://raw.githubusercontent.com/PokeAPI/cries/main/cries/pokemon/latest/793.ogg,https://raw.githubusercontent.com/PokeAPI/sprites/master/sprites/pokemon/793.png,https://raw.githubusercontent.com/PokeAPI/sprites/master/sprites/pokemon/shiny/793.png
794,buzzwole,Swollen Pokemon,Generation-vii,False,False,"bug, fighting",2.4,333.6,Beast boost,Unknown Habitat,None,"This Ultra Beast appeared from another world. It shows off its body, but whether that display is a boast or a threat remains unclear.",107,139,139,53,53,79,1.0,2.0,1.0,1.0,0.5,1.0,0.5,1.0,0.5,4.0,2.0,0.5,1.0,1.0,1.0,1.0,0.5,2.0,https://raw.githubusercontent.com/PokeAPI/cries/main/cries/pokemon/latest/794.ogg,https://raw.githubusercontent.com/PokeAPI/sprites/master/sprites/pokemon/794.png,https://raw.githubusercontent.com/PokeAPI/sprites/master/sprites/pokemon/shiny/794.png
795,pheromosa,Lissome Pokemon,Generation-vii,False,False,"bug, fighting",1.8,25.0,Beast boost,Unknown Habitat,None,"One of the dangerous Ultra Beasts, it has been spotted running across the land at terrific speeds.",71,137,37,137,37,151,1.0,2.0,1.0,1.0,0.5,1.0,0.5,1.0,0.5,4.0,2.0,0.5,1.0,1.0,1.0,1.0,0.5,2.0,https://raw.githubusercontent.com/PokeAPI/cries/main/cries/pokemon/latest/795.ogg,https://raw.githubusercontent.com/PokeAPI/sprites/master/sprites/pokemon/795.png,https://raw.githubusercontent.com/PokeAPI/sprites/master/sprites/pokemon/shiny/795.png
796,xurkitree,Glowing Pokemon,Generation-vii,False,False,electric,3.8,100.0,Beast boost,Unknown Habitat,None,"One of the mysterious life-forms known as Ultra Beasts. Astonishing electric shocks emanate from its entire body, according to witnesses.",83,89,71,173,71,83,1.0,1.0,1.0,0.5,1.0,1.0,1.0,1.0,2.0,0.5,1.0,1.0,1.0,1.0,1.0,0.5,1.0,1.0,https://raw.githubusercontent.com/PokeAPI/cries/main/cries/pokemon/latest/796.ogg,https://raw.githubusercontent.com/PokeAPI/sprites/master/sprites/pokemon/796.png,https://raw.githubusercontent.com/PokeAPI/sprites/master/sprites/pokemon/shiny/796.png
797,celesteela,Launch Pokemon,Generation-vii,False,False,"steel, flying",9.2,999.9,Beast boost,Unknown Habitat,None,It appeared from the Ultra Wormhole. Witnesses observed it flying across the sky at high speed.,97,101,103,107,101,61,0.5,2.0,1.0,2.0,0.25,1.0,1.0,0.0,0.0,0.5,0.5,0.25,1.0,1.0,0.5,0.5,1.0,0.5,https://raw.githubusercontent.com/PokeAPI/cries/main/cries/pokemon/latest/797.ogg,https://raw.githubusercontent.com/PokeAPI/sprites/master/sprites/pokemon/797.png,https://raw.githubusercontent.com/PokeAPI/sprites/master/sprites/pokemon/shiny/797.png
798,kartana,Drawn Sword Pokemon,Generation-vii,False,False,"grass, steel",0.3,0.1,Beast boost,Unknown Habitat,None,"This Ultra Beast came from the Ultra Wormhole. It seems not to attack enemies on its own, but its sharp body is a dangerous weapon in itself.",59,181,131,59,31,109,0.5,4.0,0.5,0.5,0.25,1.0,2.0,0.0,1.0,1.0,0.5,1.0,0.5,1.0,0.5,0.5,1.0,0.5,https://raw.githubusercontent.com/PokeAPI/cries/main/cries/pokemon/latest/798.ogg,https://raw.githubusercontent.com/PokeAPI/sprites/master/sprites/pokemon/798.png,https://raw.githubusercontent.com/PokeAPI/sprites/master/sprites/pokemon/shiny/798.png
799,guzzlord,Junkivore Pokemon,Generation-vii,False,False,"dark, dragon",5.5,888.0,Beast boost,Unknown Habitat,None,"It has gobbled mountains and swallowed whole buildings, according to reports. It’s one of the Ultra Beasts.",223,101,53,97,53,43,1.0,0.5,0.5,0.5,0.5,2.0,2.0,1.0,1.0,1.0,0.0,2.0,1.0,0.5,2.0,1.0,0.5,4.0,https://raw.githubusercontent.com/PokeAPI/cries/main/cries/pokemon/latest/799.ogg,https://raw.githubusercontent.com/PokeAPI/sprites/master/sprites/pokemon/799.png,https://raw.githubusercontent.com/PokeAPI/sprites/master/sprites/pokemon/shiny/799.png
800,necrozma,Prism Pokemon,Generation-vii,True,False,psychic,2.4,230.0,Prism armor,Unknown Habitat,None,"Reminiscent of the Ultra Beasts, this life-form, apparently asleep underground, is thought to have come from another world in ancient times.",97,107,101,127,89,79,1.0,1.0,1.0,1.0,1.0,1.0,0.5,1.0,1.0,1.0,0.5,2.0,1.0,2.0,1.0,1.0,2.0,1.0,https://raw.githubusercontent.com/PokeAPI/cries/main/cries/pokemon/latest/800.ogg,https://raw.githubusercontent.com/PokeAPI/sprites/master/sprites/pokemon/800.png,https://raw.githubusercontent.com/PokeAPI/sprites/master/sprites/pokemon/shiny/800.png
801,magearna,Artificial Pokemon,Generation-vii,False,True,"steel, fairy",1.0,80.5,Soul heart,Unknown Habitat,None,"This artificial Pokemon, constructed more than 500 years ago, can understand human speech but cannot itself speak.",80,95,115,130,115,65,0.5,2.0,1.0,1.0,0.5,0.5,1.0,0.0,2.0,0.5,0.5,0.25,0.5,1.0,0.0,1.0,0.5,0.5,https://raw.githubusercontent.com/PokeAPI/cries/main/cries/pokemon/latest/801.ogg,https://raw.githubusercontent.com/PokeAPI/sprites/master/sprites/pokemon/801.png,https://raw.githubusercontent.com/PokeAPI/sprites/master/sprites/pokemon/shiny/801.png
802,marshadow,Gloomdweller Pokemon,Generation-vii,False,True,"fighting, ghost",0.7,22.2,Technician,Unknown Habitat,None,"Able to conceal itself in shadows, it never appears before humans, so its very existence was the stuff of myth.",90,125,80,90,90,125,0.0,1.0,1.0,1.0,1.0,1.0,0.0,0.5,1.0,2.0,2.0,0.25,0.5,2.0,1.0,1.0,1.0,2.0,https://raw.githubusercontent.com/PokeAPI/cries/main/cries/pokemon/latest/802.ogg,https://raw.githubusercontent.com/PokeAPI/sprites/master/sprites/pokemon/802.png,https://raw.githubusercontent.com/PokeAPI/sprites/master/sprites/pokemon/shiny/802.png
803,poipole,Poison Pin Pokemon,Generation-vii,False,False,poison,0.6,1.8,Beast boost,Unknown Habitat,None,This Ultra Beast is well enough liked to be chosen as a first partner in its own world.,67,73,67,73,67,73,1.0,1.0,1.0,1.0,0.5,1.0,0.5,0.5,2.0,1.0,2.0,0.5,1.0,1.0,1.0,1.0,1.0,0.5,https://raw.githubusercontent.com/PokeAPI/cries/main/cries/pokemon/latest/803.ogg,https://raw.githubusercontent.com/PokeAPI/sprites/master/sprites/pokemon/803.png,https://raw.githubusercontent.com/PokeAPI/sprites/master/sprites/pokemon/shiny/803.png
804,naganadel,Poison Pin Pokemon,Generation-vii,False,False,"poison, dragon",3.6,150.0,Beast boost,Unknown Habitat,Poipole,It stores hundreds of liters of poisonous liquid inside its body. It is one of the organisms known as UBs.,73,73,73,127,73,121,1.0,0.5,0.5,0.5,0.25,2.0,0.5,0.5,2.0,1.0,2.0,0.5,1.0,1.0,2.0,1.0,1.0,1.0,https://raw.githubusercontent.com/PokeAPI/cries/main/cries/pokemon/latest/804.ogg,https://raw.githubusercontent.com/PokeAPI/sprites/master/sprites/pokemon/804.png,https://raw.githubusercontent.com/PokeAPI/sprites/master/sprites/pokemon/shiny/804.png
805,stakataka,Rampart Pokemon,Generation-vii,False,False,"rock, steel",5.5,820.0,Beast boost,Unknown Habitat,None,It appeared from an Ultra Wormhole. Each one appears to be made up of many life-forms stacked one on top of each other.,61,131,211,53,101,13,0.25,1.0,2.0,1.0,1.0,0.5,4.0,0.0,4.0,0.25,0.5,0.5,0.5,1.0,0.5,1.0,1.0,0.5,https://raw.githubusercontent.com/PokeAPI/cries/main/cries/pokemon/latest/805.ogg,https://raw.githubusercontent.com/PokeAPI/sprites/master/sprites/pokemon/805.png,https://raw.githubusercontent.com/PokeAPI/sprites/master/sprites/pokemon/shiny/805.png
806,blacephalon,Fireworks Pokemon,Generation-vii,False,False,"fire, ghost",1.8,13.0,Beast boost,Unknown Habitat,None,"It slithers toward people. Then, without warning, it triggers the explosion of its own head. It’s apparently one kind of Ultra Beast.",53,127,53,151,79,107,0.0,0.5,2.0,1.0,0.5,0.5,0.0,0.5,2.0,1.0,1.0,0.25,2.0,2.0,1.0,0.5,2.0,0.5,https://raw.githubusercontent.com/PokeAPI/cries/main/cries/pokemon/latest/806.ogg,https://raw.githubusercontent.com/PokeAPI/sprites/master/sprites/pokemon/806.png,https://raw.githubusercontent.com/PokeAPI/sprites/master/sprites/pokemon/shiny/806.png
807,zeraora,Thunderclap Pokemon,Generation-vii,False,True,electric,1.5,44.5,Volt absorb,Unknown Habitat,None,"It electrifies its claws and tears its opponents apart with them. Even if they dodge its attack, they’ll be electrocuted by the flying sparks.",88,112,75,102,80,143,1.0,1.0,1.0,0.5,1.0,1.0,1.0,1.0,2.0,0.5,1.0,1.0,1.0,1.0,1.0,0.5,1.0,1.0,https://raw.githubusercontent.com/PokeAPI/cries/main/cries/pokemon/latest/807.ogg,https://raw.githubusercontent.com/PokeAPI/sprites/master/sprites/pokemon/807.png,https://raw.githubusercontent.com/PokeAPI/sprites/master/sprites/pokemon/shiny/807.png
808,meltan,Hex Nut Pokemon,Generation-vii,False,True,steel,0.2,8.0,Magnet pull,Unknown Habitat,None,"It melts particles of iron and other metals found in the subsoil, so it can absorb them into its body of molten steel.",46,65,65,55,35,34,0.5,2.0,1.0,1.0,0.5,0.5,2.0,0.0,2.0,0.5,0.5,0.5,0.5,1.0,0.5,0.5,1.0,0.5,https://raw.githubusercontent.com/PokeAPI/cries/main/cries/pokemon/latest/808.ogg,https://raw.githubusercontent.com/PokeAPI/sprites/master/sprites/pokemon/808.png,https://raw.githubusercontent.com/PokeAPI/sprites/master/sprites/pokemon/shiny/808.png
809,melmetal,Hex Nut Pokemon,Generation-vii,False,True,steel,2.5,800.0,Iron fist,Unknown Habitat,Meltan,"Revered long ago for its capacity to create iron from nothing, for some reason it has come back to life after 3,000 years.",135,143,143,80,65,34,0.5,2.0,1.0,1.0,0.5,0.5,2.0,0.0,2.0,0.5,0.5,0.5,0.5,1.0,0.5,0.5,1.0,0.5,https://raw.githubusercontent.com/PokeAPI/cries/main/cries/pokemon/latest/809.ogg,https://raw.githubusercontent.com/PokeAPI/sprites/master/sprites/pokemon/809.png,https://raw.githubusercontent.com/PokeAPI/sprites/master/sprites/pokemon/shiny/809.png
810,grookey,Chimp Pokemon,Generation-viii,False,False,grass,0.3,5.0,"Overgrow, Grassy surge (Hidden)",Unknown Habitat,None,"When it uses its special stick to strike up a beat, the sound waves produced carry revitalizing energy to the plants and flowers in the area.",50,65,50,40,40,65,1.0,2.0,0.5,0.5,0.5,2.0,1.0,2.0,0.5,2.0,1.0,2.0,1.0,1.0,1.0,1.0,1.0,1.0,https://raw.githubusercontent.com/PokeAPI/cries/main/cries/pokemon/latest/810.ogg,https://raw.githubusercontent.com/PokeAPI/sprites/master/sprites/pokemon/810.png,https://raw.githubusercontent.com/PokeAPI/sprites/master/sprites/pokemon/shiny/810.png
811,thwackey,Beat Pokemon,Generation-viii,False,False,grass,0.7,14.0,"Overgrow, Grassy surge (Hidden)",Unknown Habitat,Grookey,"The faster a Thwackey can beat out a rhythm with its two sticks, the more respect it wins from its peers.",70,85,70,55,60,80,1.0,2.0,0.5,0.5,0.5,2.0,1.0,2.0,0.5,2.0,1.0,2.0,1.0,1.0,1.0,1.0,1.0,1.0,https://raw.githubusercontent.com/PokeAPI/cries/main/cries/pokemon/latest/811.ogg,https://raw.githubusercontent.com/PokeAPI/sprites/master/sprites/pokemon/811.png,https://raw.githubusercontent.com/PokeAPI/sprites/master/sprites/pokemon/shiny/811.png
812,rillaboom,Drummer Pokemon,Generation-viii,False,False,grass,2.1,90.0,"Overgrow, Grassy surge (Hidden)",Unknown Habitat,Thwackey,"By drumming, it taps into the power of its special tree stump. The roots of the stump follow its direction in battle.",100,125,90,60,70,85,1.0,2.0,0.5,0.5,0.5,2.0,1.0,2.0,0.5,2.0,1.0,2.0,1.0,1.0,1.0,1.0,1.0,1.0,https://raw.githubusercontent.com/PokeAPI/cries/main/cries/pokemon/latest/812.ogg,https://raw.githubusercontent.com/PokeAPI/sprites/master/sprites/pokemon/812.png,https://raw.githubusercontent.com/PokeAPI/sprites/master/sprites/pokemon/shiny/812.png
813,scorbunny,Rabbit Pokemon,Generation-viii,False,False,fire,0.3,4.5,"Blaze, Libero (Hidden)",Unknown Habitat,None,"A warm-up of running around gets fire energy coursing through this Pokemon’s body. Once that happens, it’s ready to fight at full power.",50,71,40,40,40,69,1.0,0.5,2.0,1.0,0.5,0.5,1.0,1.0,2.0,1.0,1.0,0.5,2.0,1.0,1.0,0.5,1.0,0.5,https://raw.githubusercontent.com/PokeAPI/cries/main/cries/pokemon/latest/813.ogg,https://raw.githubusercontent.com/PokeAPI/sprites/master/sprites/pokemon/813.png,https://raw.githubusercontent.com/PokeAPI/sprites/master/sprites/pokemon/shiny/813.png
814,raboot,Rabbit Pokemon,Generation-viii,False,False,fire,0.6,9.0,"Blaze, Libero (Hidden)",Unknown Habitat,Scorbunny,Its thick and fluffy fur protects it from the cold and enables it to use hotter fire moves.,65,86,60,55,60,94,1.0,0.5,2.0,1.0,0.5,0.5,1.0,1.0,2.0,1.0,1.0,0.5,2.0,1.0,1.0,0.5,1.0,0.5,https://raw.githubusercontent.com/PokeAPI/cries/main/cries/pokemon/latest/814.ogg,https://raw.githubusercontent.com/PokeAPI/sprites/master/sprites/pokemon/814.png,https://raw.githubusercontent.com/PokeAPI/sprites/master/sprites/pokemon/shiny/814.png
815,cinderace,Striker Pokemon,Generation-viii,False,False,fire,1.4,33.0,"Blaze, Libero (Hidden)",Unknown Habitat,Raboot,"It juggles a pebble with its feet, turning it into a burning soccer ball. Its shots strike opponents hard and leave them scorched.",80,116,75,65,75,119,1.0,0.5,2.0,1.0,0.5,0.5,1.0,1.0,2.0,1.0,1.0,0.5,2.0,1.0,1.0,0.5,1.0,0.5,https://raw.githubusercontent.com/PokeAPI/cries/main/cries/pokemon/latest/815.ogg,https://raw.githubusercontent.com/PokeAPI/sprites/master/sprites/pokemon/815.png,https://raw.githubusercontent.com/PokeAPI/sprites/master/sprites/pokemon/shiny/815.png
816,sobble,Water Lizard Pokemon,Generation-viii,False,False,water,0.3,4.0,"Torrent, Sniper (Hidden)",Unknown Habitat,None,"When scared, this Pokemon cries. Its tears pack the chemical punch of 100 onions, and attackers won’t be able to resist weeping.",50,40,40,70,40,70,1.0,0.5,0.5,2.0,2.0,0.5,1.0,1.0,1.0,1.0,1.0,1.0,1.0,1.0,1.0,0.5,1.0,1.0,https://raw.githubusercontent.com/PokeAPI/cries/main/cries/pokemon/latest/816.ogg,https://raw.githubusercontent.com/PokeAPI/sprites/master/sprites/pokemon/816.png,https://raw.githubusercontent.com/PokeAPI/sprites/master/sprites/pokemon/shiny/816.png
817,drizzile,Water Lizard Pokemon,Generation-viii,False,False,water,0.7,11.5,"Torrent, Sniper (Hidden)",Unknown Habitat,Sobble,"A clever combatant, this Pokemon battles using water balloons created with moisture secreted from its palms.",65,60,55,95,55,90,1.0,0.5,0.5,2.0,2.0,0.5,1.0,1.0,1.0,1.0,1.0,1.0,1.0,1.0,1.0,0.5,1.0,1.0,https://raw.githubusercontent.com/PokeAPI/cries/main/cries/pokemon/latest/817.ogg,https://raw.githubusercontent.com/PokeAPI/sprites/master/sprites/pokemon/817.png,https://raw.githubusercontent.com/PokeAPI/sprites/master/sprites/pokemon/shiny/817.png
818,inteleon,Secret Agent Pokemon,Generation-viii,False,False,water,1.9,45.2,"Torrent, Sniper (Hidden)",Unknown Habitat,Drizzile,"It has many hidden capabilities, such as fingertips that can shoot water and a membrane on its back that it can use to glide through the air.",70,85,65,125,65,120,1.0,0.5,0.5,2.0,2.0,0.5,1.0,1.0,1.0,1.0,1.0,1.0,1.0,1.0,1.0,0.5,1.0,1.0,https://raw.githubusercontent.com/PokeAPI/cries/main/cries/pokemon/latest/818.ogg,https://raw.githubusercontent.com/PokeAPI/sprites/master/sprites/pokemon/818.png,https://raw.githubusercontent.com/PokeAPI/sprites/master/sprites/pokemon/shiny/818.png
819,skwovet,Cheeky Pokemon,Generation-viii,False,False,normal,0.3,2.5,"Cheek pouch, Gluttony (Hidden)",Unknown Habitat,None,"Found throughout the Galar region, this Pokemon becomes uneasy if its cheeks are ever completely empty of berries.",70,55,55,35,35,25,1.0,1.0,1.0,1.0,1.0,1.0,2.0,1.0,1.0,1.0,1.0,1.0,1.0,0.0,1.0,1.0,1.0,1.0,https://raw.githubusercontent.com/PokeAPI/cries/main/cries/pokemon/latest/819.ogg,https://raw.githubusercontent.com/PokeAPI/sprites/master/sprites/pokemon/819.png,https://raw.githubusercontent.com/PokeAPI/sprites/master/sprites/pokemon/shiny/819.png
820,greedent,Greedy Pokemon,Generation-viii,False,False,normal,0.6,6.0,"Cheek pouch, Gluttony (Hidden)",Unknown Habitat,Skwovet,"It stashes berries in its tail—so many berries that they fall out constantly. But this Pokemon is a bit slow-witted, so it doesn’t notice the loss.",120,95,95,55,75,20,1.0,1.0,1.0,1.0,1.0,1.0,2.0,1.0,1.0,1.0,1.0,1.0,1.0,0.0,1.0,1.0,1.0,1.0,https://raw.githubusercontent.com/PokeAPI/cries/main/cries/pokemon/latest/820.ogg,https://raw.githubusercontent.com/PokeAPI/sprites/master/sprites/pokemon/820.png,https://raw.githubusercontent.com/PokeAPI/sprites/master/sprites/pokemon/shiny/820.png
821,rookidee,Tiny Bird Pokemon,Generation-viii,False,False,flying,0.2,1.8,"Keen eye, Unnerve, Big pecks (Hidden)",Unknown Habitat,None,"It will bravely challenge any opponent, no matter how powerful. This Pokemon benefits from every battle—even a defeat increases its strength a bit.",38,47,35,33,35,57,1.0,1.0,1.0,2.0,0.5,2.0,0.5,1.0,0.0,1.0,1.0,0.5,2.0,1.0,1.0,1.0,1.0,1.0,https://raw.githubusercontent.com/PokeAPI/cries/main/cries/pokemon/latest/821.ogg,https://raw.githubusercontent.com/PokeAPI/sprites/master/sprites/pokemon/821.png,https://raw.githubusercontent.com/PokeAPI/sprites/master/sprites/pokemon/shiny/821.png
822,corvisquire,Raven Pokemon,Generation-viii,False,False,flying,0.8,16.0,"Keen eye, Unnerve, Big pecks (Hidden)",Unknown Habitat,Rookidee,"Smart enough to use tools in battle, these Pokemon have been seen picking up rocks and flinging them or using ropes to wrap up enemies.",68,67,55,43,55,77,1.0,1.0,1.0,2.0,0.5,2.0,0.5,1.0,0.0,1.0,1.0,0.5,2.0,1.0,1.0,1.0,1.0,1.0,https://raw.githubusercontent.com/PokeAPI/cries/main/cries/pokemon/latest/822.ogg,https://raw.githubusercontent.com/PokeAPI/sprites/master/sprites/pokemon/822.png,https://raw.githubusercontent.com/PokeAPI/sprites/master/sprites/pokemon/shiny/822.png
823,corviknight,Raven Pokemon,Generation-viii,False,False,"flying, steel",2.2,75.0,"Pressure, Unnerve, Mirror armor (Hidden)",Unknown Habitat,Corvisquire,This Pokemon reigns supreme in the skies of the Galar region. The black luster of its steel body could drive terror into the heart of any foe.,98,87,105,53,85,67,0.5,2.0,1.0,2.0,0.25,1.0,1.0,0.0,0.0,0.5,0.5,0.25,1.0,1.0,0.5,0.5,1.0,0.5,https://raw.githubusercontent.com/PokeAPI/cries/main/cries/pokemon/latest/823.ogg,https://raw.githubusercontent.com/PokeAPI/sprites/master/sprites/pokemon/823.png,https://raw.githubusercontent.com/PokeAPI/sprites/master/sprites/pokemon/shiny/823.png
824,blipbug,Larva Pokemon,Generation-viii,False,False,bug,0.4,8.0,"Swarm, Compound eyes, Telepathy (Hidden)",Unknown Habitat,None,"A constant collector of information, this Pokemon is very smart. Very strong is what it isn’t.",25,20,20,25,45,45,1.0,2.0,1.0,1.0,0.5,1.0,0.5,1.0,0.5,2.0,1.0,1.0,2.0,1.0,1.0,1.0,1.0,1.0,https://raw.githubusercontent.com/PokeAPI/cries/main/cries/pokemon/latest/824.ogg,https://raw.githubusercontent.com/PokeAPI/sprites/master/sprites/pokemon/824.png,https://raw.githubusercontent.com/PokeAPI/sprites/master/sprites/pokemon/shiny/824.png
825,dottler,Radome Pokemon,Generation-viii,False,False,"bug, psychic",0.4,19.5,"Swarm, Compound eyes, Telepathy (Hidden)",Unknown Habitat,Blipbug,"It barely moves, but it’s still alive. Hiding in its shell without food or water seems to have awakened its psychic powers.",50,35,80,50,90,30,1.0,2.0,1.0,1.0,0.5,1.0,0.25,1.0,0.5,2.0,0.5,2.0,2.0,2.0,1.0,1.0,2.0,1.0,https://raw.githubusercontent.com/PokeAPI/cries/main/cries/pokemon/latest/825.ogg,https://raw.githubusercontent.com/PokeAPI/sprites/master/sprites/pokemon/825.png,https://raw.githubusercontent.com/PokeAPI/sprites/master/sprites/pokemon/shiny/825.png
826,orbeetle,Seven Spot Pokemon,Generation-viii,False,False,"bug, psychic",0.4,40.8,"Swarm, Frisk, Telepathy (Hidden)",Unknown Habitat,Dottler,"It’s famous for its high level of intelligence, and the large size of its brain is proof that it also possesses immense psychic power.",60,45,110,80,120,90,1.0,2.0,1.0,1.0,0.5,1.0,0.25,1.0,0.5,2.0,0.5,2.0,2.0,2.0,1.0,1.0,2.0,1.0,https://raw.githubusercontent.com/PokeAPI/cries/main/cries/pokemon/latest/826.ogg,https://raw.githubusercontent.com/PokeAPI/sprites/master/sprites/pokemon/826.png,https://raw.githubusercontent.com/PokeAPI/sprites/master/sprites/pokemon/shiny/826.png
827,nickit,Fox Pokemon,Generation-viii,False,False,dark,0.6,8.9,"Run away, Unburden, Stakeout (Hidden)",Unknown Habitat,None,"Aided by the soft pads on its feet, it silently raids the food stores of other Pokemon. It survives off its ill-gotten gains.",40,28,28,47,52,50,1.0,1.0,1.0,1.0,1.0,1.0,2.0,1.0,1.0,1.0,0.0,2.0,1.0,0.5,1.0,1.0,0.5,2.0,https://raw.githubusercontent.com/PokeAPI/cries/main/cries/pokemon/latest/827.ogg,https://raw.githubusercontent.com/PokeAPI/sprites/master/sprites/pokemon/827.png,https://raw.githubusercontent.com/PokeAPI/sprites/master/sprites/pokemon/shiny/827.png
828,thievul,Fox Pokemon,Generation-viii,False,False,dark,1.2,19.9,"Run away, Unburden, Stakeout (Hidden)",Unknown Habitat,Nickit,"It secretly marks potential targets with a scent. By following the scent, it stalks its targets and steals from them when they least expect it.",70,58,58,87,92,90,1.0,1.0,1.0,1.0,1.0,1.0,2.0,1.0,1.0,1.0,0.0,2.0,1.0,0.5,1.0,1.0,0.5,2.0,https://raw.githubusercontent.com/PokeAPI/cries/main/cries/pokemon/latest/828.ogg,https://raw.githubusercontent.com/PokeAPI/sprites/master/sprites/pokemon/828.png,https://raw.githubusercontent.com/PokeAPI/sprites/master/sprites/pokemon/shiny/828.png
829,gossifleur,Flowering Pokemon,Generation-viii,False,False,grass,0.4,2.2,"Cotton down, Regenerator, Effect spore (Hidden)",Unknown Habitat,None,"It anchors itself in the ground with its single leg, then basks in the sun. After absorbing enough sunlight, its petals spread as it blooms brilliantly.",40,40,60,40,60,10,1.0,2.0,0.5,0.5,0.5,2.0,1.0,2.0,0.5,2.0,1.0,2.0,1.0,1.0,1.0,1.0,1.0,1.0,https://raw.githubusercontent.com/PokeAPI/cries/main/cries/pokemon/latest/829.ogg,https://raw.githubusercontent.com/PokeAPI/sprites/master/sprites/pokemon/829.png,https://raw.githubusercontent.com/PokeAPI/sprites/master/sprites/pokemon/shiny/829.png
830,eldegoss,Cotton Bloom Pokemon,Generation-viii,False,False,grass,0.5,2.5,"Cotton down, Regenerator, Effect spore (Hidden)",Unknown Habitat,Gossifleur,The seeds attached to its cotton fluff are full of nutrients. It spreads them on the wind so that plants and other Pokemon can benefit from them.,60,50,90,80,120,60,1.0,2.0,0.5,0.5,0.5,2.0,1.0,2.0,0.5,2.0,1.0,2.0,1.0,1.0,1.0,1.0,1.0,1.0,https://raw.githubusercontent.com/PokeAPI/cries/main/cries/pokemon/latest/830.ogg,https://raw.githubusercontent.com/PokeAPI/sprites/master/sprites/pokemon/830.png,https://raw.githubusercontent.com/PokeAPI/sprites/master/sprites/pokemon/shiny/830.png
831,wooloo,Sheep Pokemon,Generation-viii,False,False,normal,0.6,6.0,"Fluffy, Run away, Bulletproof (Hidden)",Unknown Habitat,None,"Its curly fleece is such an effective cushion that this Pokemon could fall off a cliff and stand right back up at the bottom, unharmed.",42,40,55,40,45,48,1.0,1.0,1.0,1.0,1.0,1.0,2.0,1.0,1.0,1.0,1.0,1.0,1.0,0.0,1.0,1.0,1.0,1.0,https://raw.githubusercontent.com/PokeAPI/cries/main/cries/pokemon/latest/831.ogg,https://raw.githubusercontent.com/PokeAPI/sprites/master/sprites/pokemon/831.png,https://raw.githubusercontent.com/PokeAPI/sprites/master/sprites/pokemon/shiny/831.png
832,dubwool,Sheep Pokemon,Generation-viii,False,False,normal,1.3,43.0,"Fluffy, Steadfast, Bulletproof (Hidden)",Unknown Habitat,Wooloo,"Weave a carpet from its springy wool, and you end up with something closer to a trampoline. You’ll start to bounce the moment you set foot on it.",72,80,100,60,90,88,1.0,1.0,1.0,1.0,1.0,1.0,2.0,1.0,1.0,1.0,1.0,1.0,1.0,0.0,1.0,1.0,1.0,1.0,https://raw.githubusercontent.com/PokeAPI/cries/main/cries/pokemon/latest/832.ogg,https://raw.githubusercontent.com/PokeAPI/sprites/master/sprites/pokemon/832.png,https://raw.githubusercontent.com/PokeAPI/sprites/master/sprites/pokemon/shiny/832.png
833,chewtle,Snapping Pokemon,Generation-viii,False,False,water,0.3,8.5,"Strong jaw, Shell armor, Swift swim (Hidden)",Unknown Habitat,None,Apparently the itch of its teething impels it to snap its jaws at anything in front of it.,50,64,50,38,38,44,1.0,0.5,0.5,2.0,2.0,0.5,1.0,1.0,1.0,1.0,1.0,1.0,1.0,1.0,1.0,0.5,1.0,1.0,https://raw.githubusercontent.com/PokeAPI/cries/main/cries/pokemon/latest/833.ogg,https://raw.githubusercontent.com/PokeAPI/sprites/master/sprites/pokemon/833.png,https://raw.githubusercontent.com/PokeAPI/sprites/master/sprites/pokemon/shiny/833.png
834,drednaw,Bite Pokemon,Generation-viii,False,False,"water, rock",1.0,115.5,"Strong jaw, Shell armor, Swift swim (Hidden)",Unknown Habitat,Chewtle,"With jaws that can shear through steel rods, this highly aggressive Pokemon chomps down on its unfortunate prey.",90,115,90,48,68,74,0.5,0.25,1.0,2.0,4.0,0.5,2.0,0.5,2.0,0.5,1.0,1.0,1.0,1.0,1.0,1.0,1.0,1.0,https://raw.githubusercontent.com/PokeAPI/cries/main/cries/pokemon/latest/834.ogg,https://raw.githubusercontent.com/PokeAPI/sprites/master/sprites/pokemon/834.png,https://raw.githubusercontent.com/PokeAPI/sprites/master/sprites/pokemon/shiny/834.png
835,yamper,Puppy Pokemon,Generation-viii,False,False,electric,0.3,13.5,"Ball fetch, Rattled (Hidden)",Unknown Habitat,None,"This Pokemon is very popular as a herding dog in the Galar region. As it runs, it generates electricity from the base of its tail.",59,45,50,40,50,26,1.0,1.0,1.0,0.5,1.0,1.0,1.0,1.0,2.0,0.5,1.0,1.0,1.0,1.0,1.0,0.5,1.0,1.0,https://raw.githubusercontent.com/PokeAPI/cries/main/cries/pokemon/latest/835.ogg,https://raw.githubusercontent.com/PokeAPI/sprites/master/sprites/pokemon/835.png,https://raw.githubusercontent.com/PokeAPI/sprites/master/sprites/pokemon/shiny/835.png
836,boltund,Dog Pokemon,Generation-viii,False,False,electric,1.0,34.0,"Strong jaw, Competitive (Hidden)",Unknown Habitat,Yamper,This Pokemon generates electricity and channels it into its legs to keep them going strong. Boltund can run nonstop for three full days.,69,90,60,90,60,121,1.0,1.0,1.0,0.5,1.0,1.0,1.0,1.0,2.0,0.5,1.0,1.0,1.0,1.0,1.0,0.5,1.0,1.0,https://raw.githubusercontent.com/PokeAPI/cries/main/cries/pokemon/latest/836.ogg,https://raw.githubusercontent.com/PokeAPI/sprites/master/sprites/pokemon/836.png,https://raw.githubusercontent.com/PokeAPI/sprites/master/sprites/pokemon/shiny/836.png
837,rolycoly,Coal Pokemon,Generation-viii,False,False,rock,0.3,12.0,"Steam engine, Heatproof, Flash fire (Hidden)",Unknown Habitat,None,"Most of its body has the same composition as coal. Fittingly, this Pokemon was first discovered in coal mines about 400 years ago.",30,40,50,40,50,30,0.5,0.5,2.0,1.0,2.0,1.0,2.0,0.5,2.0,0.5,1.0,1.0,1.0,1.0,1.0,2.0,1.0,1.0,https://raw.githubusercontent.com/PokeAPI/cries/main/cries/pokemon/latest/837.ogg,https://raw.githubusercontent.com/PokeAPI/sprites/master/sprites/pokemon/837.png,https://raw.githubusercontent.com/PokeAPI/sprites/master/sprites/pokemon/shiny/837.png
838,carkol,Coal Pokemon,Generation-viii,False,False,"rock, fire",1.1,78.0,"Steam engine, Flame body, Flash fire (Hidden)",Unknown Habitat,Rolycoly,It forms coal inside its body. Coal dropped by this Pokemon once helped fuel the lives of people in the Galar region.,80,60,90,60,70,50,0.5,0.25,4.0,1.0,1.0,0.5,2.0,0.5,4.0,0.5,1.0,0.5,2.0,1.0,1.0,1.0,1.0,0.5,https://raw.githubusercontent.com/PokeAPI/cries/main/cries/pokemon/latest/838.ogg,https://raw.githubusercontent.com/PokeAPI/sprites/master/sprites/pokemon/838.png,https://raw.githubusercontent.com/PokeAPI/sprites/master/sprites/pokemon/shiny/838.png
839,coalossal,Coal Pokemon,Generation-viii,False,False,"rock, fire",2.8,310.5,"Steam engine, Flame body, Flash fire (Hidden)",Unknown Habitat,Carkol,"It’s usually peaceful, but the vandalism of mines enrages it. Offenders will be incinerated with flames that reach 2,700 degrees Fahrenheit.",110,80,120,80,90,30,0.5,0.25,4.0,1.0,1.0,0.5,2.0,0.5,4.0,0.5,1.0,0.5,2.0,1.0,1.0,1.0,1.0,0.5,https://raw.githubusercontent.com/PokeAPI/cries/main/cries/pokemon/latest/839.ogg,https://raw.githubusercontent.com/PokeAPI/sprites/master/sprites/pokemon/839.png,https://raw.githubusercontent.com/PokeAPI/sprites/master/sprites/pokemon/shiny/839.png
840,applin,Apple Core Pokemon,Generation-viii,False,False,"grass, dragon",0.2,0.5,"Ripen, Gluttony, Bulletproof (Hidden)",Unknown Habitat,None,"It spends its entire life inside an apple. It hides from its natural enemies, bird Pokemon, by pretending it’s just an apple and nothing more.",40,40,80,40,40,20,1.0,1.0,0.25,0.25,0.25,4.0,1.0,2.0,0.5,2.0,1.0,2.0,1.0,1.0,2.0,1.0,1.0,2.0,https://raw.githubusercontent.com/PokeAPI/cries/main/cries/pokemon/latest/840.ogg,https://raw.githubusercontent.com/PokeAPI/sprites/master/sprites/pokemon/840.png,https://raw.githubusercontent.com/PokeAPI/sprites/master/sprites/pokemon/shiny/840.png
841,flapple,Apple Wing Pokemon,Generation-viii,False,False,"grass, dragon",0.3,1.0,"Ripen, Gluttony, Hustle (Hidden)",Unknown Habitat,Applin,"It ate a sour apple, and that induced its evolution. In its cheeks, it stores an acid capable of causing chemical burns.",70,110,80,95,60,70,1.0,1.0,0.25,0.25,0.25,4.0,1.0,2.0,0.5,2.0,1.0,2.0,1.0,1.0,2.0,1.0,1.0,2.0,https://raw.githubusercontent.com/PokeAPI/cries/main/cries/pokemon/latest/841.ogg,https://raw.githubusercontent.com/PokeAPI/sprites/master/sprites/pokemon/841.png,https://raw.githubusercontent.com/PokeAPI/sprites/master/sprites/pokemon/shiny/841.png
842,appletun,Apple Nectar Pokemon,Generation-viii,False,False,"grass, dragon",0.4,13.0,"Ripen, Gluttony, Thick fat (Hidden)",Unknown Habitat,Applin,"Eating a sweet apple caused its evolution. A nectarous scent wafts from its body, luring in the bug Pokemon it preys on.",110,85,80,100,80,30,1.0,1.0,0.25,0.25,0.25,4.0,1.0,2.0,0.5,2.0,1.0,2.0,1.0,1.0,2.0,1.0,1.0,2.0,https://raw.githubusercontent.com/PokeAPI/cries/main/cries/pokemon/latest/842.ogg,https://raw.githubusercontent.com/PokeAPI/sprites/master/sprites/pokemon/842.png,https://raw.githubusercontent.com/PokeAPI/sprites/master/sprites/pokemon/shiny/842.png
843,silicobra,Sand Snake Pokemon,Generation-viii,False,False,ground,2.2,7.6,"Sand spit, Shed skin, Sand veil (Hidden)",Unknown Habitat,None,"As it digs, it swallows sand and stores it in its neck pouch. The pouch can hold more than 17 pounds of sand.",52,57,75,35,50,46,1.0,1.0,2.0,0.0,2.0,2.0,1.0,0.5,1.0,1.0,1.0,1.0,0.5,1.0,1.0,1.0,1.0,1.0,https://raw.githubusercontent.com/PokeAPI/cries/main/cries/pokemon/latest/843.ogg,https://raw.githubusercontent.com/PokeAPI/sprites/master/sprites/pokemon/843.png,https://raw.githubusercontent.com/PokeAPI/sprites/master/sprites/pokemon/shiny/843.png
844,sandaconda,Sand Snake Pokemon,Generation-viii,False,False,ground,3.8,65.5,"Sand spit, Shed skin, Sand veil (Hidden)",Unknown Habitat,Silicobra,"When it contracts its body, over 220 pounds of sand sprays from its nose. If it ever runs out of sand, it becomes disheartened.",72,107,125,65,70,71,1.0,1.0,2.0,0.0,2.0,2.0,1.0,0.5,1.0,1.0,1.0,1.0,0.5,1.0,1.0,1.0,1.0,1.0,https://raw.githubusercontent.com/PokeAPI/cries/main/cries/pokemon/latest/844.ogg,https://raw.githubusercontent.com/PokeAPI/sprites/master/sprites/pokemon/844.png,https://raw.githubusercontent.com/PokeAPI/sprites/master/sprites/pokemon/shiny/844.png
845,cramorant,Gulp Pokemon,Generation-viii,False,False,"flying, water",0.8,18.0,Gulp missile,Unknown Habitat,None,"It’s so strong that it can knock out some opponents in a single hit, but it also may forget what it’s battling midfight.",70,85,55,85,95,85,1.0,0.5,0.5,4.0,1.0,1.0,0.5,1.0,0.0,1.0,1.0,0.5,2.0,1.0,1.0,0.5,1.0,1.0,https://raw.githubusercontent.com/PokeAPI/cries/main/cries/pokemon/latest/845.ogg,https://raw.githubusercontent.com/PokeAPI/sprites/master/sprites/pokemon/845.png,https://raw.githubusercontent.com/PokeAPI/sprites/master/sprites/pokemon/shiny/845.png
846,arrokuda,Rush Pokemon,Generation-viii,False,False,water,0.5,1.0,"Swift swim, Propeller tail (Hidden)",Unknown Habitat,None,"If it sees any movement around it, this Pokemon charges for it straightaway, leading with its sharply pointed jaw. It’s very proud of that jaw.",41,63,40,40,30,66,1.0,0.5,0.5,2.0,2.0,0.5,1.0,1.0,1.0,1.0,1.0,1.0,1.0,1.0,1.0,0.5,1.0,1.0,https://raw.githubusercontent.com/PokeAPI/cries/main/cries/pokemon/latest/846.ogg,https://raw.githubusercontent.com/PokeAPI/sprites/master/sprites/pokemon/846.png,https://raw.githubusercontent.com/PokeAPI/sprites/master/sprites/pokemon/shiny/846.png
847,barraskewda,Skewer Pokemon,Generation-viii,False,False,water,1.3,30.0,"Swift swim, Propeller tail (Hidden)",Unknown Habitat,Arrokuda,"This Pokemon has a jaw that’s as sharp as a spear and as strong as steel. Apparently Barraskewda’s flesh is surprisingly tasty, too.",61,123,60,60,50,136,1.0,0.5,0.5,2.0,2.0,0.5,1.0,1.0,1.0,1.0,1.0,1.0,1.0,1.0,1.0,0.5,1.0,1.0,https://raw.githubusercontent.com/PokeAPI/cries/main/cries/pokemon/latest/847.ogg,https://raw.githubusercontent.com/PokeAPI/sprites/master/sprites/pokemon/847.png,https://raw.githubusercontent.com/PokeAPI/sprites/master/sprites/pokemon/shiny/847.png
848,toxel,Baby Pokemon,Generation-viii,False,False,"electric, poison",0.4,11.0,"Rattled, Static, Klutz (Hidden)",Unknown Habitat,None,"It stores poison in an internal poison sac and secretes that poison through its skin. If you touch this Pokemon, a tingling sensation follows.",40,38,35,54,35,40,1.0,1.0,1.0,0.5,0.5,1.0,0.5,0.5,4.0,0.5,2.0,0.5,1.0,1.0,1.0,0.5,1.0,0.5,https://raw.githubusercontent.com/PokeAPI/cries/main/cries/pokemon/latest/848.ogg,https://raw.githubusercontent.com/PokeAPI/sprites/master/sprites/pokemon/848.png,https://raw.githubusercontent.com/PokeAPI/sprites/master/sprites/pokemon/shiny/848.png
849,toxtricity-amped,Punk Pokemon,Generation-viii,False,False,"electric, poison",1.6,40.0,"Punk rock, Plus, Technician (Hidden)",Unknown Habitat,Toxel,"When this Pokemon sounds as if it’s strumming a guitar, it’s actually clawing at the protrusions on its chest to generate electricity.",75,98,70,114,70,75,1.0,1.0,1.0,0.5,0.5,1.0,0.5,0.5,4.0,0.5,2.0,0.5,1.0,1.0,1.0,0.5,1.0,0.5,https://raw.githubusercontent.com/PokeAPI/cries/main/cries/pokemon/latest/849.ogg,https://raw.githubusercontent.com/PokeAPI/sprites/master/sprites/pokemon/849.png,https://raw.githubusercontent.com/PokeAPI/sprites/master/sprites/pokemon/shiny/849.png
850,sizzlipede,Radiator Pokemon,Generation-viii,False,False,"fire, bug",0.7,1.0,"Flash fire, White smoke, Flame body (Hidden)",Unknown Habitat,None,It stores flammable gas in its body and uses it to generate heat. The yellow sections on its belly get particularly hot.,50,65,45,50,50,45,1.0,1.0,2.0,1.0,0.25,0.5,0.5,1.0,1.0,2.0,1.0,0.5,4.0,1.0,1.0,0.5,1.0,0.5,https://raw.githubusercontent.com/PokeAPI/cries/main/cries/pokemon/latest/850.ogg,https://raw.githubusercontent.com/PokeAPI/sprites/master/sprites/pokemon/850.png,https://raw.githubusercontent.com/PokeAPI/sprites/master/sprites/pokemon/shiny/850.png
851,centiskorch,Radiator Pokemon,Generation-viii,False,False,"fire, bug",3.0,120.0,"Flash fire, White smoke, Flame body (Hidden)",Unknown Habitat,Sizzlipede,"When it heats up, its body temperature reaches about 1,500 degrees Fahrenheit. It lashes its body like a whip and launches itself at enemies.",100,115,65,90,90,65,1.0,1.0,2.0,1.0,0.25,0.5,0.5,1.0,1.0,2.0,1.0,0.5,4.0,1.0,1.0,0.5,1.0,0.5,https://raw.githubusercontent.com/PokeAPI/cries/main/cries/pokemon/latest/851.ogg,https://raw.githubusercontent.com/PokeAPI/sprites/master/sprites/pokemon/851.png,https://raw.githubusercontent.com/PokeAPI/sprites/master/sprites/pokemon/shiny/851.png
852,clobbopus,Tantrum Pokemon,Generation-viii,False,False,fighting,0.6,4.0,"Limber, Technician (Hidden)",Unknown Habitat,None,"It’s very curious, but its means of investigating things is to try to punch them with its tentacles. The search for food is what brings it onto land.",50,68,60,50,50,32,1.0,1.0,1.0,1.0,1.0,1.0,1.0,1.0,1.0,2.0,2.0,0.5,0.5,1.0,1.0,1.0,0.5,2.0,https://raw.githubusercontent.com/PokeAPI/cries/main/cries/pokemon/latest/852.ogg,https://raw.githubusercontent.com/PokeAPI/sprites/master/sprites/pokemon/852.png,https://raw.githubusercontent.com/PokeAPI/sprites/master/sprites/pokemon/shiny/852.png
853,grapploct,Jujitsu Pokemon,Generation-viii,False,False,fighting,1.6,39.0,"Limber, Technician (Hidden)",Unknown Habitat,Clobbopus,A body made up of nothing but muscle makes the grappling moves this Pokemon performs with its tentacles tremendously powerful.,80,118,90,70,80,42,1.0,1.0,1.0,1.0,1.0,1.0,1.0,1.0,1.0,2.0,2.0,0.5,0.5,1.0,1.0,1.0,0.5,2.0,https://raw.githubusercontent.com/PokeAPI/cries/main/cries/pokemon/latest/853.ogg,https://raw.githubusercontent.com/PokeAPI/sprites/master/sprites/pokemon/853.png,https://raw.githubusercontent.com/PokeAPI/sprites/master/sprites/pokemon/shiny/853.png
854,sinistea,Black Tea Pokemon,Generation-viii,False,False,ghost,0.1,0.2,"Weak armor, Cursed body (Hidden)",Unknown Habitat,None,"This Pokemon is said to have been born when a lonely spirit possessed a cold, leftover cup of tea.",40,45,45,74,54,50,0.0,1.0,1.0,1.0,1.0,1.0,0.0,0.5,1.0,1.0,1.0,0.5,1.0,2.0,1.0,1.0,2.0,1.0,https://raw.githubusercontent.com/PokeAPI/cries/main/cries/pokemon/latest/854.ogg,https://raw.githubusercontent.com/PokeAPI/sprites/master/sprites/pokemon/854.png,https://raw.githubusercontent.com/PokeAPI/sprites/master/sprites/pokemon/shiny/854.png
855,polteageist,Black Tea Pokemon,Generation-viii,False,False,ghost,0.2,0.4,"Weak armor, Cursed body (Hidden)",Unknown Habitat,Sinistea,"This species lives in antique teapots. Most pots are forgeries, but on rare occasions, an authentic work is found.",60,65,65,134,114,70,0.0,1.0,1.0,1.0,1.0,1.0,0.0,0.5,1.0,1.0,1.0,0.5,1.0,2.0,1.0,1.0,2.0,1.0,https://raw.githubusercontent.com/PokeAPI/cries/main/cries/pokemon/latest/855.ogg,https://raw.githubusercontent.com/PokeAPI/sprites/master/sprites/pokemon/855.png,https://raw.githubusercontent.com/PokeAPI/sprites/master/sprites/pokemon/shiny/855.png
856,hatenna,Calm Pokemon,Generation-viii,False,False,psychic,0.4,3.4,"Healer, Anticipation, Magic bounce (Hidden)",Unknown Habitat,None,"Via the protrusion on its head, it senses other creatures’ emotions. If you don’t have a calm disposition, it will never warm up to you.",42,30,45,56,53,39,1.0,1.0,1.0,1.0,1.0,1.0,0.5,1.0,1.0,1.0,0.5,2.0,1.0,2.0,1.0,1.0,2.0,1.0,https://raw.githubusercontent.com/PokeAPI/cries/main/cries/pokemon/latest/856.ogg,https://raw.githubusercontent.com/PokeAPI/sprites/master/sprites/pokemon/856.png,https://raw.githubusercontent.com/PokeAPI/sprites/master/sprites/pokemon/shiny/856.png
857,hattrem,Serene Pokemon,Generation-viii,False,False,psychic,0.6,4.8,"Healer, Anticipation, Magic bounce (Hidden)",Unknown Habitat,Hatenna,"No matter who you are, if you bring strong emotions near this Pokemon, it will silence you violently.",57,40,65,86,73,49,1.0,1.0,1.0,1.0,1.0,1.0,0.5,1.0,1.0,1.0,0.5,2.0,1.0,2.0,1.0,1.0,2.0,1.0,https://raw.githubusercontent.com/PokeAPI/cries/main/cries/pokemon/latest/857.ogg,https://raw.githubusercontent.com/PokeAPI/sprites/master/sprites/pokemon/857.png,https://raw.githubusercontent.com/PokeAPI/sprites/master/sprites/pokemon/shiny/857.png
858,hatterene,Silent Pokemon,Generation-viii,False,False,"psychic, fairy",2.1,5.1,"Healer, Anticipation, Magic bounce (Hidden)",Unknown Habitat,Hattrem,It emits psychic power strong enough to cause headaches as a deterrent to the approach of others.,57,90,95,136,103,29,1.0,1.0,1.0,1.0,1.0,1.0,0.25,2.0,1.0,1.0,0.5,1.0,1.0,2.0,0.0,2.0,1.0,1.0,https://raw.githubusercontent.com/PokeAPI/cries/main/cries/pokemon/latest/858.ogg,https://raw.githubusercontent.com/PokeAPI/sprites/master/sprites/pokemon/858.png,https://raw.githubusercontent.com/PokeAPI/sprites/master/sprites/pokemon/shiny/858.png
859,impidimp,Wily Pokemon,Generation-viii,False,False,"dark, fairy",0.4,5.5,"Prankster, Frisk, Pickpocket (Hidden)",Unknown Habitat,None,"Through its nose, it sucks in the emanations produced by people and Pokemon when they feel annoyed. It thrives off this negative energy.",45,45,30,55,40,50,1.0,1.0,1.0,1.0,1.0,1.0,1.0,2.0,1.0,1.0,0.0,1.0,1.0,0.5,0.0,2.0,0.25,2.0,https://raw.githubusercontent.com/PokeAPI/cries/main/cries/pokemon/latest/859.ogg,https://raw.githubusercontent.com/PokeAPI/sprites/master/sprites/pokemon/859.png,https://raw.githubusercontent.com/PokeAPI/sprites/master/sprites/pokemon/shiny/859.png
860,morgrem,Devious Pokemon,Generation-viii,False,False,"dark, fairy",0.8,12.5,"Prankster, Frisk, Pickpocket (Hidden)",Unknown Habitat,Impidimp,"When it gets down on all fours as if to beg for forgiveness, it’s trying to lure opponents in so that it can stab them with its spear-like hair.",65,60,45,75,55,70,1.0,1.0,1.0,1.0,1.0,1.0,1.0,2.0,1.0,1.0,0.0,1.0,1.0,0.5,0.0,2.0,0.25,2.0,https://raw.githubusercontent.com/PokeAPI/cries/main/cries/pokemon/latest/860.ogg,https://raw.githubusercontent.com/PokeAPI/sprites/master/sprites/pokemon/860.png,https://raw.githubusercontent.com/PokeAPI/sprites/master/sprites/pokemon/shiny/860.png
861,grimmsnarl,Bulk Up Pokemon,Generation-viii,False,False,"dark, fairy",1.5,61.0,"Prankster, Frisk, Pickpocket (Hidden)",Unknown Habitat,Morgrem,"With the hair wrapped around its body helping to enhance its muscles, this Pokemon can overwhelm even Machamp.",95,120,65,95,75,60,1.0,1.0,1.0,1.0,1.0,1.0,1.0,2.0,1.0,1.0,0.0,1.0,1.0,0.5,0.0,2.0,0.25,2.0,https://raw.githubusercontent.com/PokeAPI/cries/main/cries/pokemon/latest/861.ogg,https://raw.githubusercontent.com/PokeAPI/sprites/master/sprites/pokemon/861.png,https://raw.githubusercontent.com/PokeAPI/sprites/master/sprites/pokemon/shiny/861.png
862,obstagoon,Blocking Pokemon,Generation-viii,False,False,"dark, normal",1.6,46.0,"Reckless, Guts, Defiant (Hidden)",Unknown Habitat,Linoone,Its voice is staggering in volume. Obstagoon has a tendency to take on a threatening posture and shout—this move is known as Obstruct.,93,90,101,60,81,95,1.0,1.0,1.0,1.0,1.0,1.0,4.0,1.0,1.0,1.0,0.0,2.0,1.0,0.0,1.0,1.0,0.5,2.0,https://raw.githubusercontent.com/PokeAPI/cries/main/cries/pokemon/latest/862.ogg,https://raw.githubusercontent.com/PokeAPI/sprites/master/sprites/pokemon/862.png,https://raw.githubusercontent.com/PokeAPI/sprites/master/sprites/pokemon/shiny/862.png
863,perrserker,Viking Pokemon,Generation-viii,False,False,steel,0.8,28.0,"Battle armor, Tough claws, Steely spirit (Hidden)",Unknown Habitat,Meowth,What appears to be an iron helmet is actually hardened hair. This Pokemon lives for the thrill of battle.,70,110,100,50,60,50,0.5,2.0,1.0,1.0,0.5,0.5,2.0,0.0,2.0,0.5,0.5,0.5,0.5,1.0,0.5,0.5,1.0,0.5,https://raw.githubusercontent.com/PokeAPI/cries/main/cries/pokemon/latest/863.ogg,https://raw.githubusercontent.com/PokeAPI/sprites/master/sprites/pokemon/863.png,https://raw.githubusercontent.com/PokeAPI/sprites/master/sprites/pokemon/shiny/863.png
864,cursola,Coral Pokemon,Generation-viii,False,False,ghost,1.0,0.4,"Weak armor, Perish body (Hidden)",Unknown Habitat,Corsola,Its shell is overflowing with its heightened otherworldly energy. The ectoplasm serves as protection for this Pokemon’s core spirit.,60,95,50,145,130,30,0.0,1.0,1.0,1.0,1.0,1.0,0.0,0.5,1.0,1.0,1.0,0.5,1.0,2.0,1.0,1.0,2.0,1.0,https://raw.githubusercontent.com/PokeAPI/cries/main/cries/pokemon/latest/864.ogg,https://raw.githubusercontent.com/PokeAPI/sprites/master/sprites/pokemon/864.png,https://raw.githubusercontent.com/PokeAPI/sprites/master/sprites/pokemon/shiny/864.png
865,sirfetchd,Wild Duck Pokemon,Generation-viii,False,False,fighting,0.8,117.0,"Steadfast, Scrappy (Hidden)",Unknown Habitat,Farfetchd,"Only Farfetch’d that have survived many battles can attain this evolution. When this Pokemon’s leek withers, it will retire from combat.",62,135,95,68,82,65,1.0,1.0,1.0,1.0,1.0,1.0,1.0,1.0,1.0,2.0,2.0,0.5,0.5,1.0,1.0,1.0,0.5,2.0,https://raw.githubusercontent.com/PokeAPI/cries/main/cries/pokemon/latest/865.ogg,https://raw.githubusercontent.com/PokeAPI/sprites/master/sprites/pokemon/865.png,https://raw.githubusercontent.com/PokeAPI/sprites/master/sprites/pokemon/shiny/865.png
866,mr-rime,Comedian Pokemon,Generation-viii,False,False,"ice, psychic",1.5,58.2,"Tangled feet, Screen cleaner, Ice body (Hidden)",Unknown Habitat,Mr-mime,It’s highly skilled at tap-dancing. It waves its cane of ice in time with its graceful movements.,80,85,75,110,100,70,1.0,2.0,1.0,1.0,1.0,0.5,1.0,1.0,1.0,1.0,0.5,2.0,2.0,2.0,1.0,2.0,2.0,1.0,https://raw.githubusercontent.com/PokeAPI/cries/main/cries/pokemon/latest/866.ogg,https://raw.githubusercontent.com/PokeAPI/sprites/master/sprites/pokemon/866.png,https://raw.githubusercontent.com/PokeAPI/sprites/master/sprites/pokemon/shiny/866.png
867,runerigus,Grudge Pokemon,Generation-viii,False,False,"ground, ghost",1.6,66.6,Wandering spirit,Unknown Habitat,Yamask,"A powerful curse was woven into an ancient painting. After absorbing the spirit of a Yamask, the painting began to move.",58,95,145,50,105,30,0.0,1.0,2.0,0.0,2.0,2.0,0.0,0.25,1.0,1.0,1.0,0.5,0.5,2.0,1.0,1.0,2.0,1.0,https://raw.githubusercontent.com/PokeAPI/cries/main/cries/pokemon/latest/867.ogg,https://raw.githubusercontent.com/PokeAPI/sprites/master/sprites/pokemon/867.png,https://raw.githubusercontent.com/PokeAPI/sprites/master/sprites/pokemon/shiny/867.png
868,milcery,Cream Pokemon,Generation-viii,False,False,fairy,0.2,0.3,"Sweet veil, Aroma veil (Hidden)",Unknown Habitat,None,This Pokemon was born from sweet-smelling particles in the air. Its body is made of cream.,45,40,40,50,61,34,1.0,1.0,1.0,1.0,1.0,1.0,0.5,2.0,1.0,1.0,1.0,0.5,1.0,1.0,0.0,2.0,0.5,1.0,https://raw.githubusercontent.com/PokeAPI/cries/main/cries/pokemon/latest/868.ogg,https://raw.githubusercontent.com/PokeAPI/sprites/master/sprites/pokemon/868.png,https://raw.githubusercontent.com/PokeAPI/sprites/master/sprites/pokemon/shiny/868.png
869,alcremie,Cream Pokemon,Generation-viii,False,False,fairy,0.3,0.5,"Sweet veil, Aroma veil (Hidden)",Unknown Habitat,Milcery,"When it trusts a Trainer, it will treat them to berries it’s decorated with cream.",65,60,75,110,121,64,1.0,1.0,1.0,1.0,1.0,1.0,0.5,2.0,1.0,1.0,1.0,0.5,1.0,1.0,0.0,2.0,0.5,1.0,https://raw.githubusercontent.com/PokeAPI/cries/main/cries/pokemon/latest/869.ogg,https://raw.githubusercontent.com/PokeAPI/sprites/master/sprites/pokemon/869.png,https://raw.githubusercontent.com/PokeAPI/sprites/master/sprites/pokemon/shiny/869.png
870,falinks,Formation Pokemon,Generation-viii,False,False,fighting,3.0,62.0,"Battle armor, Defiant (Hidden)",Unknown Habitat,None,"Five of them are troopers, and one is the brass. The brass’s orders are absolute.",65,100,100,70,60,75,1.0,1.0,1.0,1.0,1.0,1.0,1.0,1.0,1.0,2.0,2.0,0.5,0.5,1.0,1.0,1.0,0.5,2.0,https://raw.githubusercontent.com/PokeAPI/cries/main/cries/pokemon/latest/870.ogg,https://raw.githubusercontent.com/PokeAPI/sprites/master/sprites/pokemon/870.png,https://raw.githubusercontent.com/PokeAPI/sprites/master/sprites/pokemon/shiny/870.png
871,pincurchin,Sea Urchin Pokemon,Generation-viii,False,False,electric,0.3,1.0,"Lightning rod, Electric surge (Hidden)",Unknown Habitat,None,"It feeds on seaweed, using its teeth to scrape it off rocks. Electric current flows from the tips of its spines.",48,101,95,91,85,15,1.0,1.0,1.0,0.5,1.0,1.0,1.0,1.0,2.0,0.5,1.0,1.0,1.0,1.0,1.0,0.5,1.0,1.0,https://raw.githubusercontent.com/PokeAPI/cries/main/cries/pokemon/latest/871.ogg,https://raw.githubusercontent.com/PokeAPI/sprites/master/sprites/pokemon/871.png,https://raw.githubusercontent.com/PokeAPI/sprites/master/sprites/pokemon/shiny/871.png
872,snom,Worm Pokemon,Generation-viii,False,False,"ice, bug",0.3,3.8,"Shield dust, Ice scales (Hidden)",Unknown Habitat,None,"It spits out thread imbued with a frigid sort of energy and uses it to tie its body to branches, disguising itself as an icicle while it sleeps.",30,25,35,45,30,20,1.0,4.0,1.0,1.0,0.5,0.5,1.0,1.0,0.5,2.0,1.0,1.0,4.0,1.0,1.0,2.0,1.0,1.0,https://raw.githubusercontent.com/PokeAPI/cries/main/cries/pokemon/latest/872.ogg,https://raw.githubusercontent.com/PokeAPI/sprites/master/sprites/pokemon/872.png,https://raw.githubusercontent.com/PokeAPI/sprites/master/sprites/pokemon/shiny/872.png
873,frosmoth,Frost Moth Pokemon,Generation-viii,False,False,"ice, bug",1.3,42.0,"Shield dust, Ice scales (Hidden)",Unknown Habitat,Snom,Icy scales fall from its wings like snow as it flies over fields and mountains. The temperature of its wings is less than −290 degrees Fahrenheit.,70,65,60,125,90,65,1.0,4.0,1.0,1.0,0.5,0.5,1.0,1.0,0.5,2.0,1.0,1.0,4.0,1.0,1.0,2.0,1.0,1.0,https://raw.githubusercontent.com/PokeAPI/cries/main/cries/pokemon/latest/873.ogg,https://raw.githubusercontent.com/PokeAPI/sprites/master/sprites/pokemon/873.png,https://raw.githubusercontent.com/PokeAPI/sprites/master/sprites/pokemon/shiny/873.png
874,stonjourner,Big Rock Pokemon,Generation-viii,False,False,rock,2.5,520.0,Power spot,Unknown Habitat,None,"It stands in grasslands, watching the sun’s descent from zenith to horizon. This Pokemon has a talent for delivering dynamic kicks.",100,125,135,20,20,70,0.5,0.5,2.0,1.0,2.0,1.0,2.0,0.5,2.0,0.5,1.0,1.0,1.0,1.0,1.0,2.0,1.0,1.0,https://raw.githubusercontent.com/PokeAPI/cries/main/cries/pokemon/latest/874.ogg,https://raw.githubusercontent.com/PokeAPI/sprites/master/sprites/pokemon/874.png,https://raw.githubusercontent.com/PokeAPI/sprites/master/sprites/pokemon/shiny/874.png
875,eiscue-ice,Penguin Pokemon,Generation-viii,False,False,ice,1.4,89.0,Ice face,Unknown Habitat,None,It drifted in on the flow of ocean waters from a frigid place. It keeps its head iced constantly to make sure it stays nice and cold.,75,80,110,65,90,50,1.0,2.0,1.0,1.0,1.0,0.5,2.0,1.0,1.0,1.0,1.0,1.0,2.0,1.0,1.0,2.0,1.0,1.0,https://raw.githubusercontent.com/PokeAPI/cries/main/cries/pokemon/latest/875.ogg,https://raw.githubusercontent.com/PokeAPI/sprites/master/sprites/pokemon/875.png,https://raw.githubusercontent.com/PokeAPI/sprites/master/sprites/pokemon/shiny/875.png
876,indeedee-male,Emotion Pokemon,Generation-viii,False,False,"psychic, normal",0.9,28.0,"Inner focus, Synchronize, Psychic surge (Hidden)",Unknown Habitat,None,"It uses the horns on its head to sense the emotions of others. Males will act as valets for those they serve, looking after their every need.",60,65,55,105,95,95,1.0,1.0,1.0,1.0,1.0,1.0,1.0,1.0,1.0,1.0,0.5,2.0,1.0,0.0,1.0,1.0,2.0,1.0,https://raw.githubusercontent.com/PokeAPI/cries/main/cries/pokemon/latest/876.ogg,https://raw.githubusercontent.com/PokeAPI/sprites/master/sprites/pokemon/876.png,https://raw.githubusercontent.com/PokeAPI/sprites/master/sprites/pokemon/shiny/876.png
877,morpeko-full-belly,Two-Sided Pokemon,Generation-viii,False,False,"electric, dark",0.3,3.0,Hunger switch,Unknown Habitat,None,"As it eats the seeds stored up in its pocket-like pouches, this Pokemon is not just satisfying its constant hunger. It’s also generating electricity.",58,95,58,70,58,97,1.0,1.0,1.0,0.5,1.0,1.0,2.0,1.0,2.0,0.5,0.0,2.0,1.0,0.5,1.0,0.5,0.5,2.0,https://raw.githubusercontent.com/PokeAPI/cries/main/cries/pokemon/latest/877.ogg,https://raw.githubusercontent.com/PokeAPI/sprites/master/sprites/pokemon/877.png,https://raw.githubusercontent.com/PokeAPI/sprites/master/sprites/pokemon/shiny/877.png
878,cufant,Copperderm Pokemon,Generation-viii,False,False,steel,1.2,100.0,"Sheer force, Heavy metal (Hidden)",Unknown Habitat,None,"It digs up the ground with its trunk. It’s also very strong, being able to carry loads of over five tons without any problem at all.",72,80,49,40,49,40,0.5,2.0,1.0,1.0,0.5,0.5,2.0,0.0,2.0,0.5,0.5,0.5,0.5,1.0,0.5,0.5,1.0,0.5,https://raw.githubusercontent.com/PokeAPI/cries/main/cries/pokemon/latest/878.ogg,https://raw.githubusercontent.com/PokeAPI/sprites/master/sprites/pokemon/878.png,https://raw.githubusercontent.com/PokeAPI/sprites/master/sprites/pokemon/shiny/878.png
879,copperajah,Copperderm Pokemon,Generation-viii,False,False,steel,3.0,650.0,"Sheer force, Heavy metal (Hidden)",Unknown Habitat,Cufant,They came over from another region long ago and worked together with humans. Their green skin is resistant to water.,122,130,69,80,69,30,0.5,2.0,1.0,1.0,0.5,0.5,2.0,0.0,2.0,0.5,0.5,0.5,0.5,1.0,0.5,0.5,1.0,0.5,https://raw.githubusercontent.com/PokeAPI/cries/main/cries/pokemon/latest/879.ogg,https://raw.githubusercontent.com/PokeAPI/sprites/master/sprites/pokemon/879.png,https://raw.githubusercontent.com/PokeAPI/sprites/master/sprites/pokemon/shiny/879.png
880,dracozolt,Fossil Pokemon,Generation-viii,False,False,"electric, dragon",1.8,190.0,"Volt absorb, Hustle, Sand rush (Hidden)",Unknown Habitat,None,"In ancient times, it was unbeatable thanks to its powerful lower body, but it went extinct anyway after it depleted all its plant-based food sources.",90,100,90,80,70,75,1.0,0.5,0.5,0.25,0.5,2.0,1.0,1.0,2.0,0.5,1.0,1.0,1.0,1.0,2.0,0.5,1.0,2.0,https://raw.githubusercontent.com/PokeAPI/cries/main/cries/pokemon/latest/880.ogg,https://raw.githubusercontent.com/PokeAPI/sprites/master/sprites/pokemon/880.png,https://raw.githubusercontent.com/PokeAPI/sprites/master/sprites/pokemon/shiny/880.png
881,arctozolt,Fossil Pokemon,Generation-viii,False,False,"electric, ice",2.3,150.0,"Volt absorb, Static, Slush rush (Hidden)",Unknown Habitat,None,The shaking of its freezing upper half is what generates its electricity. It has a hard time walking around.,90,100,90,90,80,55,1.0,2.0,1.0,0.5,1.0,0.5,2.0,1.0,2.0,0.5,1.0,1.0,2.0,1.0,1.0,1.0,1.0,1.0,https://raw.githubusercontent.com/PokeAPI/cries/main/cries/pokemon/latest/881.ogg,https://raw.githubusercontent.com/PokeAPI/sprites/master/sprites/pokemon/881.png,https://raw.githubusercontent.com/PokeAPI/sprites/master/sprites/pokemon/shiny/881.png
882,dracovish,Fossil Pokemon,Generation-viii,False,False,"water, dragon",2.3,215.0,"Water absorb, Strong jaw, Sand rush (Hidden)",Unknown Habitat,None,Powerful legs and jaws made it the apex predator of its time. Its own overhunting of its prey was what drove it to extinction.,90,90,100,70,80,75,1.0,0.25,0.25,1.0,1.0,1.0,1.0,1.0,1.0,1.0,1.0,1.0,1.0,1.0,2.0,0.5,1.0,2.0,https://raw.githubusercontent.com/PokeAPI/cries/main/cries/pokemon/latest/882.ogg,https://raw.githubusercontent.com/PokeAPI/sprites/master/sprites/pokemon/882.png,https://raw.githubusercontent.com/PokeAPI/sprites/master/sprites/pokemon/shiny/882.png
883,arctovish,Fossil Pokemon,Generation-viii,False,False,"water, ice",2.0,175.0,"Water absorb, Ice body, Slush rush (Hidden)",Unknown Habitat,None,"Though it’s able to capture prey by freezing its surroundings, it has trouble eating the prey afterward because its mouth is on top of its head.",90,90,100,80,90,55,1.0,1.0,0.5,2.0,2.0,0.25,2.0,1.0,1.0,1.0,1.0,1.0,2.0,1.0,1.0,1.0,1.0,1.0,https://raw.githubusercontent.com/PokeAPI/cries/main/cries/pokemon/latest/883.ogg,https://raw.githubusercontent.com/PokeAPI/sprites/master/sprites/pokemon/883.png,https://raw.githubusercontent.com/PokeAPI/sprites/master/sprites/pokemon/shiny/883.png
884,duraludon,Alloy Pokemon,Generation-viii,False,False,"steel, dragon",1.8,40.0,"Light metal, Heavy metal, Stalwart (Hidden)",Unknown Habitat,None,"Its body resembles polished metal, and it’s both lightweight and strong. The only drawback is that it rusts easily.",70,95,115,120,50,85,0.5,1.0,0.5,0.5,0.25,1.0,2.0,0.0,2.0,0.5,0.5,0.5,0.5,1.0,1.0,0.5,1.0,1.0,https://raw.githubusercontent.com/PokeAPI/cries/main/cries/pokemon/latest/884.ogg,https://raw.githubusercontent.com/PokeAPI/sprites/master/sprites/pokemon/884.png,https://raw.githubusercontent.com/PokeAPI/sprites/master/sprites/pokemon/shiny/884.png
885,dreepy,Lingering Pokemon,Generation-viii,False,False,"dragon, ghost",0.5,2.0,"Clear body, Infiltrator, Cursed body (Hidden)",Unknown Habitat,None,"After being reborn as a ghost Pokemon, Dreepy wanders the areas it used to inhabit back when it was alive in prehistoric seas.",28,60,30,40,30,82,0.0,0.5,0.5,0.5,0.5,2.0,0.0,0.5,1.0,1.0,1.0,0.5,1.0,2.0,2.0,1.0,2.0,2.0,https://raw.githubusercontent.com/PokeAPI/cries/main/cries/pokemon/latest/885.ogg,https://raw.githubusercontent.com/PokeAPI/sprites/master/sprites/pokemon/885.png,https://raw.githubusercontent.com/PokeAPI/sprites/master/sprites/pokemon/shiny/885.png
886,drakloak,Caretaker Pokemon,Generation-viii,False,False,"dragon, ghost",1.4,11.0,"Clear body, Infiltrator, Cursed body (Hidden)",Unknown Habitat,Dreepy,It’s capable of flying faster than 120 mph. It battles alongside Dreepy and dotes on them until they successfully evolve.,68,80,50,60,50,102,0.0,0.5,0.5,0.5,0.5,2.0,0.0,0.5,1.0,1.0,1.0,0.5,1.0,2.0,2.0,1.0,2.0,2.0,https://raw.githubusercontent.com/PokeAPI/cries/main/cries/pokemon/latest/886.ogg,https://raw.githubusercontent.com/PokeAPI/sprites/master/sprites/pokemon/886.png,https://raw.githubusercontent.com/PokeAPI/sprites/master/sprites/pokemon/shiny/886.png
887,dragapult,Stealth Pokemon,Generation-viii,False,False,"dragon, ghost",3.0,50.0,"Clear body, Infiltrator, Cursed body (Hidden)",Unknown Habitat,Drakloak,"When it isn’t battling, it keeps Dreepy in the holes on its horns. Once a fight starts, it launches the Dreepy like supersonic missiles.",88,120,75,100,75,142,0.0,0.5,0.5,0.5,0.5,2.0,0.0,0.5,1.0,1.0,1.0,0.5,1.0,2.0,2.0,1.0,2.0,2.0,https://raw.githubusercontent.com/PokeAPI/cries/main/cries/pokemon/latest/887.ogg,https://raw.githubusercontent.com/PokeAPI/sprites/master/sprites/pokemon/887.png,https://raw.githubusercontent.com/PokeAPI/sprites/master/sprites/pokemon/shiny/887.png
888,zacian,Warrior Pokemon,Generation-viii,True,False,fairy,2.8,110.0,Intrepid sword,Unknown Habitat,None,"Known as a legendary hero, this Pokemon absorbs metal particles, transforming them into a weapon it uses to battle.",92,120,115,80,115,138,1.0,1.0,1.0,1.0,1.0,1.0,0.5,2.0,1.0,1.0,1.0,0.5,1.0,1.0,0.0,2.0,0.5,1.0,https://raw.githubusercontent.com/PokeAPI/cries/main/cries/pokemon/latest/888.ogg,https://raw.githubusercontent.com/PokeAPI/sprites/master/sprites/pokemon/888.png,https://raw.githubusercontent.com/PokeAPI/sprites/master/sprites/pokemon/shiny/888.png
889,zamazenta,Warrior Pokemon,Generation-viii,True,False,fighting,2.9,210.0,Dauntless shield,Unknown Habitat,None,"In times past, it worked together with a king of the people to save the Galar region. It absorbs metal that it then uses in battle.",92,120,115,80,115,138,1.0,1.0,1.0,1.0,1.0,1.0,1.0,1.0,1.0,2.0,2.0,0.5,0.5,1.0,1.0,1.0,0.5,2.0,https://raw.githubusercontent.com/PokeAPI/cries/main/cries/pokemon/latest/889.ogg,https://raw.githubusercontent.com/PokeAPI/sprites/master/sprites/pokemon/889.png,https://raw.githubusercontent.com/PokeAPI/sprites/master/sprites/pokemon/shiny/889.png
890,eternatus,Gigantic Pokemon,Generation-viii,True,False,"poison, dragon",20.0,950.0,Pressure,Unknown Habitat,None,The core on its chest absorbs energy emanating from the lands of the Galar region. This energy is what allows Eternatus to stay active.,140,85,95,145,95,130,1.0,0.5,0.5,0.5,0.25,2.0,0.5,0.5,2.0,1.0,2.0,0.5,1.0,1.0,2.0,1.0,1.0,1.0,https://raw.githubusercontent.com/PokeAPI/cries/main/cries/pokemon/latest/890.ogg,https://raw.githubusercontent.com/PokeAPI/sprites/master/sprites/pokemon/890.png,https://raw.githubusercontent.com/PokeAPI/sprites/master/sprites/pokemon/shiny/890.png
891,kubfu,Wushu Pokemon,Generation-viii,True,False,fighting,0.6,12.0,Inner focus,Unknown Habitat,None,Kubfu trains hard to perfect its moves. The moves it masters will determine which form it takes when it evolves.,60,90,60,53,50,72,1.0,1.0,1.0,1.0,1.0,1.0,1.0,1.0,1.0,2.0,2.0,0.5,0.5,1.0,1.0,1.0,0.5,2.0,https://raw.githubusercontent.com/PokeAPI/cries/main/cries/pokemon/latest/891.ogg,https://raw.githubusercontent.com/PokeAPI/sprites/master/sprites/pokemon/891.png,https://raw.githubusercontent.com/PokeAPI/sprites/master/sprites/pokemon/shiny/891.png
892,urshifu-single-strike,Wushu Pokemon,Generation-viii,True,False,"fighting, dark",1.9,105.0,Unseen fist,Unknown Habitat,Kubfu,This form of Urshifu is a strong believer in the one-hit KO. Its strategy is to leap in close to foes and land a devastating blow with a hardened fist.,100,130,100,63,60,97,1.0,1.0,1.0,1.0,1.0,1.0,2.0,1.0,1.0,2.0,0.0,1.0,0.5,0.5,1.0,1.0,0.25,4.0,https://raw.githubusercontent.com/PokeAPI/cries/main/cries/pokemon/latest/892.ogg,https://raw.githubusercontent.com/PokeAPI/sprites/master/sprites/pokemon/892.png,https://raw.githubusercontent.com/PokeAPI/sprites/master/sprites/pokemon/shiny/892.png
893,zarude,Rogue Monkey Pokemon,Generation-viii,False,True,"dark, grass",1.8,70.0,Leaf guard,Unknown Habitat,None,"Within dense forests, this Pokemon lives in a pack with others of its kind. It’s incredibly aggressive, and the other Pokemon of the forest fear it.",105,120,105,70,95,105,1.0,2.0,0.5,0.5,0.5,2.0,2.0,2.0,0.5,2.0,0.0,4.0,1.0,0.5,1.0,1.0,0.5,2.0,https://raw.githubusercontent.com/PokeAPI/cries/main/cries/pokemon/latest/893.ogg,https://raw.githubusercontent.com/PokeAPI/sprites/master/sprites/pokemon/893.png,https://raw.githubusercontent.com/PokeAPI/sprites/master/sprites/pokemon/shiny/893.png
894,regieleki,Electron Pokemon,Generation-viii,True,False,electric,1.2,145.0,Transistor,Unknown Habitat,None,This Pokemon is a cluster of electrical energy. It’s said that removing the rings on Regieleki’s body will unleash the Pokemon’s latent power.,80,100,50,100,50,200,1.0,1.0,1.0,0.5,1.0,1.0,1.0,1.0,2.0,0.5,1.0,1.0,1.0,1.0,1.0,0.5,1.0,1.0,https://raw.githubusercontent.com/PokeAPI/cries/main/cries/pokemon/latest/894.ogg,https://raw.githubusercontent.com/PokeAPI/sprites/master/sprites/pokemon/894.png,https://raw.githubusercontent.com/PokeAPI/sprites/master/sprites/pokemon/shiny/894.png
895,regidrago,Dragon Orb Pokemon,Generation-viii,True,False,dragon,2.1,200.0,Dragons maw,Unknown Habitat,None,An academic theory proposes that Regidrago’s arms were once the head of an ancient dragon Pokemon. The theory remains unproven.,200,100,50,100,50,80,1.0,0.5,0.5,0.5,0.5,2.0,1.0,1.0,1.0,1.0,1.0,1.0,1.0,1.0,2.0,1.0,1.0,2.0,https://raw.githubusercontent.com/PokeAPI/cries/main/cries/pokemon/latest/895.ogg,https://raw.githubusercontent.com/PokeAPI/sprites/master/sprites/pokemon/895.png,https://raw.githubusercontent.com/PokeAPI/sprites/master/sprites/pokemon/shiny/895.png
896,glastrier,Wild Horse Pokemon,Generation-viii,True,False,ice,2.2,800.0,Chilling neigh,Unknown Habitat,None,"Glastrier emits intense cold from its hooves. It’s also a belligerent Pokemon—anything it wants, it takes by force.",100,145,130,65,110,30,1.0,2.0,1.0,1.0,1.0,0.5,2.0,1.0,1.0,1.0,1.0,1.0,2.0,1.0,1.0,2.0,1.0,1.0,https://raw.githubusercontent.com/PokeAPI/cries/main/cries/pokemon/latest/896.ogg,https://raw.githubusercontent.com/PokeAPI/sprites/master/sprites/pokemon/896.png,https://raw.githubusercontent.com/PokeAPI/sprites/master/sprites/pokemon/shiny/896.png
897,spectrier,Swift Horse Pokemon,Generation-viii,True,False,ghost,2.0,44.5,Grim neigh,Unknown Habitat,None,It probes its surroundings with all its senses save one—it doesn’t use its sense of sight. Spectrier’s kicks are said to separate soul from body.,100,65,60,145,80,130,0.0,1.0,1.0,1.0,1.0,1.0,0.0,0.5,1.0,1.0,1.0,0.5,1.0,2.0,1.0,1.0,2.0,1.0,https://raw.githubusercontent.com/PokeAPI/cries/main/cries/pokemon/latest/897.ogg,https://raw.githubusercontent.com/PokeAPI/sprites/master/sprites/pokemon/897.png,https://raw.githubusercontent.com/PokeAPI/sprites/master/sprites/pokemon/shiny/897.png
898,calyrex,King Pokemon,Generation-viii,True,False,"psychic, grass",1.1,7.7,Unnerve,Unknown Habitat,None,"Calyrex is a merciful Pokemon, capable of providing healing and blessings. It reigned over the Galar region in times of yore.",100,80,80,80,80,80,1.0,2.0,0.5,0.5,0.5,2.0,0.5,2.0,0.5,2.0,0.5,4.0,1.0,2.0,1.0,1.0,2.0,1.0,https://raw.githubusercontent.com/PokeAPI/cries/main/cries/pokemon/latest/898.ogg,https://raw.githubusercontent.com/PokeAPI/sprites/master/sprites/pokemon/898.png,https://raw.githubusercontent.com/PokeAPI/sprites/master/sprites/pokemon/shiny/898.png
899,wyrdeer,Big Horn Pokemon,Generation-viii,False,False,"normal, psychic",1.8,95.1,"Intimidate, Frisk, Sap sipper (Hidden)",Unknown Habitat,Stantler,The black orbs shine with an uncanny light when the Pokemon is erecting invisible barriers. The fur shed from its beard retains heat well and is a highly useful material for winter clothing.,103,105,72,105,75,65,1.0,1.0,1.0,1.0,1.0,1.0,1.0,1.0,1.0,1.0,0.5,2.0,1.0,0.0,1.0,1.0,2.0,1.0,https://raw.githubusercontent.com/PokeAPI/cries/main/cries/pokemon/latest/899.ogg,https://raw.githubusercontent.com/PokeAPI/sprites/master/sprites/pokemon/899.png,https://raw.githubusercontent.com/PokeAPI/sprites/master/sprites/pokemon/shiny/899.png
900,kleavor,Axe Pokemon,Generation-viii,False,False,"bug, rock",1.8,89.0,"Swarm, Sheer force, Sharpness (Hidden)",Unknown Habitat,Scyther,"A violent creature that fells towering trees with its crude axes and shields itself with hard stone. If one should chance upon this Pokemon in the wilds, one's only recourse is to flee.",70,135,95,45,70,85,0.5,1.0,2.0,1.0,1.0,1.0,1.0,0.5,1.0,1.0,1.0,1.0,2.0,1.0,1.0,2.0,1.0,1.0,https://raw.githubusercontent.com/PokeAPI/cries/main/cries/pokemon/latest/900.ogg,https://raw.githubusercontent.com/PokeAPI/sprites/master/sprites/pokemon/900.png,https://raw.githubusercontent.com/PokeAPI/sprites/master/sprites/pokemon/shiny/900.png
901,ursaluna,Peat Pokemon,Generation-viii,False,False,"ground, normal",2.4,290.0,"Guts, Bulletproof, Unnerve (Hidden)",Unknown Habitat,Ursaring,I believe it was Hisui's swampy terrain that gave Ursaluna its burly physique and newfound capacity to manipulate peat at will.,130,140,105,45,80,50,1.0,1.0,2.0,0.0,2.0,2.0,2.0,0.5,1.0,1.0,1.0,1.0,0.5,0.0,1.0,1.0,1.0,1.0,https://raw.githubusercontent.com/PokeAPI/cries/main/cries/pokemon/latest/901.ogg,https://raw.githubusercontent.com/PokeAPI/sprites/master/sprites/pokemon/901.png,https://raw.githubusercontent.com/PokeAPI/sprites/master/sprites/pokemon/shiny/901.png
902,basculegion-male,Big Fish Pokemon,Generation-viii,False,False,"water, ghost",3.0,110.0,"Swift swim, Adaptability, Mold breaker (Hidden)",Unknown Habitat,Basculin,Clads itself in the souls of comrades that perished before fulfilling their goals of journeying upstream. No other species throughout all Hisui's rivers is Basculegion's equal.,120,112,65,80,75,78,0.0,0.5,0.5,2.0,2.0,0.5,0.0,0.5,1.0,1.0,1.0,0.5,1.0,2.0,1.0,0.5,2.0,1.0,https://raw.githubusercontent.com/PokeAPI/cries/main/cries/pokemon/latest/902.ogg,https://raw.githubusercontent.com/PokeAPI/sprites/master/sprites/pokemon/902.png,https://raw.githubusercontent.com/PokeAPI/sprites/master/sprites/pokemon/shiny/902.png
903,sneasler,Free Climb Pokemon,Generation-viii,False,False,"fighting, poison",1.3,43.0,"Pressure, Unburden, Poison touch (Hidden)",Unknown Habitat,Sneasel,"Because of Sneasler's virulent poison and daunting physical prowess, no other species could hope to best it on the frozen highlands. Preferring solitude, this species does not form packs.",80,130,60,40,80,120,1.0,1.0,1.0,1.0,0.5,1.0,0.5,0.5,2.0,2.0,4.0,0.25,0.5,1.0,1.0,1.0,0.5,1.0,https://raw.githubusercontent.com/PokeAPI/cries/main/cries/pokemon/latest/903.ogg,https://raw.githubusercontent.com/PokeAPI/sprites/master/sprites/pokemon/903.png,https://raw.githubusercontent.com/PokeAPI/sprites/master/sprites/pokemon/shiny/903.png
904,overqwil,Pin Cluster Pokemon,Generation-viii,False,False,"dark, poison",2.5,60.5,"Poison point, Swift swim, Intimidate (Hidden)",Unknown Habitat,Qwilfish,Its lancelike spikes and savage temperament have earned it the nickname ”sea fiend.” It slurps up poison to nourish itself.,85,115,95,65,65,85,1.0,1.0,1.0,1.0,0.5,1.0,1.0,0.5,2.0,1.0,0.0,1.0,1.0,0.5,1.0,1.0,0.5,1.0,https://raw.githubusercontent.com/PokeAPI/cries/main/cries/pokemon/latest/904.ogg,https://raw.githubusercontent.com/PokeAPI/sprites/master/sprites/pokemon/904.png,https://raw.githubusercontent.com/PokeAPI/sprites/master/sprites/pokemon/shiny/904.png
905,enamorus-incarnate,Love-Hate Pokemon,Generation-viii,True,False,"fairy, flying",1.6,48.0,"Cute charm, Contrary (Hidden)",Unknown Habitat,None,"When it flies to this land from across the sea, the bitter winter comes to an end. According to legend, this Pokemon's love gives rise to the budding of fresh life across Hisui.",74,115,70,135,80,106,1.0,1.0,1.0,2.0,0.5,2.0,0.25,2.0,0.0,1.0,1.0,0.25,2.0,1.0,0.0,2.0,0.5,1.0,https://raw.githubusercontent.com/PokeAPI/cries/main/cries/pokemon/latest/905.ogg,https://raw.githubusercontent.com/PokeAPI/sprites/master/sprites/pokemon/905.png,https://raw.githubusercontent.com/PokeAPI/sprites/master/sprites/pokemon/shiny/905.png
906,sprigatito,Grass Cat Pokemon,Generation-ix,False,False,grass,0.4,4.1,"Overgrow, Protean (Hidden)",Unknown Habitat,None,Its fluffy fur is similar in composition to plants. This Pokemon frequently washes its face to keep it from drying out.,40,61,54,45,45,65,1.0,2.0,0.5,0.5,0.5,2.0,1.0,2.0,0.5,2.0,1.0,2.0,1.0,1.0,1.0,1.0,1.0,1.0,https://raw.githubusercontent.com/PokeAPI/cries/main/cries/pokemon/latest/906.ogg,https://raw.githubusercontent.com/PokeAPI/sprites/master/sprites/pokemon/906.png,https://raw.githubusercontent.com/PokeAPI/sprites/master/sprites/pokemon/shiny/906.png
907,floragato,Grass Cat Pokemon,Generation-ix,False,False,grass,0.9,12.2,"Overgrow, Protean (Hidden)",Unknown Habitat,Sprigatito,"Floragato deftly wields the vine hidden beneath its long fur, slamming the hard flower bud against its opponents.",61,80,63,60,63,83,1.0,2.0,0.5,0.5,0.5,2.0,1.0,2.0,0.5,2.0,1.0,2.0,1.0,1.0,1.0,1.0,1.0,1.0,https://raw.githubusercontent.com/PokeAPI/cries/main/cries/pokemon/latest/907.ogg,https://raw.githubusercontent.com/PokeAPI/sprites/master/sprites/pokemon/907.png,https://raw.githubusercontent.com/PokeAPI/sprites/master/sprites/pokemon/shiny/907.png
908,meowscarada,Magician Pokemon,Generation-ix,False,False,"grass, dark",1.5,31.2,"Overgrow, Protean (Hidden)",Unknown Habitat,Floragato,"This Pokemon uses the reflective fur lining its cape to camouflage the stem of its flower, creating the illusion that the flower is floating.",76,110,70,81,70,123,1.0,2.0,0.5,0.5,0.5,2.0,2.0,2.0,0.5,2.0,0.0,4.0,1.0,0.5,1.0,1.0,0.5,2.0,https://raw.githubusercontent.com/PokeAPI/cries/main/cries/pokemon/latest/908.ogg,https://raw.githubusercontent.com/PokeAPI/sprites/master/sprites/pokemon/908.png,https://raw.githubusercontent.com/PokeAPI/sprites/master/sprites/pokemon/shiny/908.png
909,fuecoco,Fire Croc Pokemon,Generation-ix,False,False,fire,0.4,9.8,"Blaze, Unaware (Hidden)",Unknown Habitat,None,It lies on warm rocks and uses the heat absorbed by its square-shaped scales to create fire energy.,67,45,59,63,40,36,1.0,0.5,2.0,1.0,0.5,0.5,1.0,1.0,2.0,1.0,1.0,0.5,2.0,1.0,1.0,0.5,1.0,0.5,https://raw.githubusercontent.com/PokeAPI/cries/main/cries/pokemon/latest/909.ogg,https://raw.githubusercontent.com/PokeAPI/sprites/master/sprites/pokemon/909.png,https://raw.githubusercontent.com/PokeAPI/sprites/master/sprites/pokemon/shiny/909.png
910,crocalor,Fire Croc Pokemon,Generation-ix,False,False,fire,1.0,30.7,"Blaze, Unaware (Hidden)",Unknown Habitat,Fuecoco,The combination of Crocalor’s fire energy and overflowing vitality has caused an egg-shaped fireball to appear on the Pokemon’s head.,81,55,78,90,58,49,1.0,0.5,2.0,1.0,0.5,0.5,1.0,1.0,2.0,1.0,1.0,0.5,2.0,1.0,1.0,0.5,1.0,0.5,https://raw.githubusercontent.com/PokeAPI/cries/main/cries/pokemon/latest/910.ogg,https://raw.githubusercontent.com/PokeAPI/sprites/master/sprites/pokemon/910.png,https://raw.githubusercontent.com/PokeAPI/sprites/master/sprites/pokemon/shiny/910.png
911,skeledirge,Singer Pokemon,Generation-ix,False,False,"fire, ghost",1.6,326.5,"Blaze, Unaware (Hidden)",Unknown Habitat,Crocalor,The fiery bird changes shape when Skeledirge sings. Rumor has it that the bird was born when the fireball on Skeledirge’s head gained a soul.,104,75,100,110,75,66,0.0,0.5,2.0,1.0,0.5,0.5,0.0,0.5,2.0,1.0,1.0,0.25,2.0,2.0,1.0,0.5,2.0,0.5,https://raw.githubusercontent.com/PokeAPI/cries/main/cries/pokemon/latest/911.ogg,https://raw.githubusercontent.com/PokeAPI/sprites/master/sprites/pokemon/911.png,https://raw.githubusercontent.com/PokeAPI/sprites/master/sprites/pokemon/shiny/911.png
912,quaxly,Duckling Pokemon,Generation-ix,False,False,water,0.5,6.1,"Torrent, Moxie (Hidden)",Unknown Habitat,None,"This Pokemon migrated to Paldea from distant lands long ago. The gel secreted by its feathers repels water and grime.""",55,65,45,50,45,50,1.0,0.5,0.5,2.0,2.0,0.5,1.0,1.0,1.0,1.0,1.0,1.0,1.0,1.0,1.0,0.5,1.0,1.0,https://raw.githubusercontent.com/PokeAPI/cries/main/cries/pokemon/latest/912.ogg,https://raw.githubusercontent.com/PokeAPI/sprites/master/sprites/pokemon/912.png,https://raw.githubusercontent.com/PokeAPI/sprites/master/sprites/pokemon/shiny/912.png
913,quaxwell,Practicing Pokemon,Generation-ix,False,False,water,1.2,21.5,"Torrent, Moxie (Hidden)",Unknown Habitat,Quaxly,"These Pokemon constantly run through shallow waters to train their legs, then compete with each other to see which of them kicks most gracefully.",70,85,65,65,60,65,1.0,0.5,0.5,2.0,2.0,0.5,1.0,1.0,1.0,1.0,1.0,1.0,1.0,1.0,1.0,0.5,1.0,1.0,https://raw.githubusercontent.com/PokeAPI/cries/main/cries/pokemon/latest/913.ogg,https://raw.githubusercontent.com/PokeAPI/sprites/master/sprites/pokemon/913.png,https://raw.githubusercontent.com/PokeAPI/sprites/master/sprites/pokemon/shiny/913.png
914,quaquaval,Dancer Pokemon,Generation-ix,False,False,"water, fighting",1.8,61.9,"Torrent, Moxie (Hidden)",Unknown Habitat,Quaxwell,A single kick from a Quaquaval can send a truck rolling. This Pokemon uses its powerful legs to perform striking dances from far-off lands.,85,120,80,85,75,85,1.0,0.5,0.5,2.0,2.0,0.5,1.0,1.0,1.0,2.0,2.0,0.5,0.5,1.0,1.0,0.5,0.5,2.0,https://raw.githubusercontent.com/PokeAPI/cries/main/cries/pokemon/latest/914.ogg,https://raw.githubusercontent.com/PokeAPI/sprites/master/sprites/pokemon/914.png,https://raw.githubusercontent.com/PokeAPI/sprites/master/sprites/pokemon/shiny/914.png
915,lechonk,Hog Pokemon,Generation-ix,False,False,normal,0.5,10.2,"Aroma veil, Gluttony, Thick fat (Hidden)",Unknown Habitat,None,It searches for food all day. It possesses a keen sense of smell but doesn’t use it for anything other than foraging.,54,45,40,35,45,35,1.0,1.0,1.0,1.0,1.0,1.0,2.0,1.0,1.0,1.0,1.0,1.0,1.0,0.0,1.0,1.0,1.0,1.0,https://raw.githubusercontent.com/PokeAPI/cries/main/cries/pokemon/latest/915.ogg,https://raw.githubusercontent.com/PokeAPI/sprites/master/sprites/pokemon/915.png,https://raw.githubusercontent.com/PokeAPI/sprites/master/sprites/pokemon/shiny/915.png
916,oinkologne-male,Hog Pokemon,Generation-ix,False,False,normal,1.0,120.0,"Lingering aroma, Gluttony, Thick fat (Hidden)",Unknown Habitat,Lechonk,"Oinkologne is proud of its fine, glossy skin. It emits a concentrated scent from the tip of its tail.",110,100,75,59,80,65,1.0,1.0,1.0,1.0,1.0,1.0,2.0,1.0,1.0,1.0,1.0,1.0,1.0,0.0,1.0,1.0,1.0,1.0,https://raw.githubusercontent.com/PokeAPI/cries/main/cries/pokemon/latest/916.ogg,https://raw.githubusercontent.com/PokeAPI/sprites/master/sprites/pokemon/916.png,https://raw.githubusercontent.com/PokeAPI/sprites/master/sprites/pokemon/shiny/916.png
917,tarountula,String Ball Pokemon,Generation-ix,False,False,bug,0.3,4.0,"Insomnia, Stakeout (Hidden)",Unknown Habitat,None,"The ball of threads wrapped around its body is elastic enough to deflect the scythes of Scyther, this Pokemon’s natural enemy.",35,41,45,29,40,20,1.0,2.0,1.0,1.0,0.5,1.0,0.5,1.0,0.5,2.0,1.0,1.0,2.0,1.0,1.0,1.0,1.0,1.0,https://raw.githubusercontent.com/PokeAPI/cries/main/cries/pokemon/latest/917.ogg,https://raw.githubusercontent.com/PokeAPI/sprites/master/sprites/pokemon/917.png,https://raw.githubusercontent.com/PokeAPI/sprites/master/sprites/pokemon/shiny/917.png
918,spidops,Trap Pokemon,Generation-ix,False,False,bug,1.0,16.5,"Insomnia, Stakeout (Hidden)",Unknown Habitat,Tarountula,It clings to branches and ceilings using its threads and moves without a sound. It takes out its prey before the prey even notices it.,60,79,92,52,86,35,1.0,2.0,1.0,1.0,0.5,1.0,0.5,1.0,0.5,2.0,1.0,1.0,2.0,1.0,1.0,1.0,1.0,1.0,https://raw.githubusercontent.com/PokeAPI/cries/main/cries/pokemon/latest/918.ogg,https://raw.githubusercontent.com/PokeAPI/sprites/master/sprites/pokemon/918.png,https://raw.githubusercontent.com/PokeAPI/sprites/master/sprites/pokemon/shiny/918.png
919,nymble,Grasshopper Pokemon,Generation-ix,False,False,bug,0.2,1.0,"Swarm, Tinted lens (Hidden)",Unknown Habitat,None,"It has its third set of legs folded up. When it’s in a tough spot, this Pokemon jumps over 30 feet using the strength of its legs.",33,46,40,21,25,45,1.0,2.0,1.0,1.0,0.5,1.0,0.5,1.0,0.5,2.0,1.0,1.0,2.0,1.0,1.0,1.0,1.0,1.0,https://raw.githubusercontent.com/PokeAPI/cries/main/cries/pokemon/latest/919.ogg,https://raw.githubusercontent.com/PokeAPI/sprites/master/sprites/pokemon/919.png,https://raw.githubusercontent.com/PokeAPI/sprites/master/sprites/pokemon/shiny/919.png
920,lokix,Grasshopper Pokemon,Generation-ix,False,False,"bug, dark",1.0,17.5,"Swarm, Tinted lens (Hidden)",Unknown Habitat,Nymble,"When it decides to fight all out, it stands on its previously folded legs to enter Showdown Mode. It neutralizes its enemies in short order.",71,102,78,52,55,92,1.0,2.0,1.0,1.0,0.5,1.0,1.0,1.0,0.5,2.0,0.0,2.0,2.0,0.5,1.0,1.0,0.5,2.0,https://raw.githubusercontent.com/PokeAPI/cries/main/cries/pokemon/latest/920.ogg,https://raw.githubusercontent.com/PokeAPI/sprites/master/sprites/pokemon/920.png,https://raw.githubusercontent.com/PokeAPI/sprites/master/sprites/pokemon/shiny/920.png
921,pawmi,Mouse Pokemon,Generation-ix,False,False,electric,0.3,2.5,"Static, Natural cure, Iron fist (Hidden)",Unknown Habitat,None,It has underdeveloped electric sacs on its cheeks. These sacs can produce electricity only if Pawmi rubs them furiously with the pads on its forepaws.,45,50,20,40,25,60,1.0,1.0,1.0,0.5,1.0,1.0,1.0,1.0,2.0,0.5,1.0,1.0,1.0,1.0,1.0,0.5,1.0,1.0,https://raw.githubusercontent.com/PokeAPI/cries/main/cries/pokemon/latest/921.ogg,https://raw.githubusercontent.com/PokeAPI/sprites/master/sprites/pokemon/921.png,https://raw.githubusercontent.com/PokeAPI/sprites/master/sprites/pokemon/shiny/921.png
922,pawmo,Mouse Pokemon,Generation-ix,False,False,"electric, fighting",0.4,6.5,"Volt absorb, Natural cure, Iron fist (Hidden)",Unknown Habitat,Pawmi,"When its group is attacked, Pawmo is the first to leap into battle, defeating enemies with a fighting technique that utilizes electric shocks.",60,75,40,50,40,85,1.0,1.0,1.0,0.5,1.0,1.0,1.0,1.0,2.0,1.0,2.0,0.5,0.5,1.0,1.0,0.5,0.5,2.0,https://raw.githubusercontent.com/PokeAPI/cries/main/cries/pokemon/latest/922.ogg,https://raw.githubusercontent.com/PokeAPI/sprites/master/sprites/pokemon/922.png,https://raw.githubusercontent.com/PokeAPI/sprites/master/sprites/pokemon/shiny/922.png
923,pawmot,Hands-On Pokemon,Generation-ix,False,False,"electric, fighting",0.9,41.0,"Volt absorb, Natural cure, Iron fist (Hidden)",Unknown Habitat,Pawmo,"This Pokemon normally is slow to react, but once it enters battle, it will strike down its enemies with lightning-fast movements.",70,115,70,70,60,105,1.0,1.0,1.0,0.5,1.0,1.0,1.0,1.0,2.0,1.0,2.0,0.5,0.5,1.0,1.0,0.5,0.5,2.0,https://raw.githubusercontent.com/PokeAPI/cries/main/cries/pokemon/latest/923.ogg,https://raw.githubusercontent.com/PokeAPI/sprites/master/sprites/pokemon/923.png,https://raw.githubusercontent.com/PokeAPI/sprites/master/sprites/pokemon/shiny/923.png
924,tandemaus,Couple Pokemon,Generation-ix,False,False,normal,0.3,1.8,"Run away, Pickup, Own tempo (Hidden)",Unknown Habitat,None,"Exhibiting great teamwork, they use their incisors to cut pieces out of any material that might be useful for a nest, then make off with them.",50,50,45,40,45,75,1.0,1.0,1.0,1.0,1.0,1.0,2.0,1.0,1.0,1.0,1.0,1.0,1.0,0.0,1.0,1.0,1.0,1.0,https://raw.githubusercontent.com/PokeAPI/cries/main/cries/pokemon/latest/924.ogg,https://raw.githubusercontent.com/PokeAPI/sprites/master/sprites/pokemon/924.png,https://raw.githubusercontent.com/PokeAPI/sprites/master/sprites/pokemon/shiny/924.png
925,maushold-family-of-four,Family Pokemon,Generation-ix,False,False,normal,0.3,2.3,"Friend guard, Cheek pouch, Technician (Hidden)",Unknown Habitat,Tandemaus,"The two little ones just appeared one day. The group might be a family of related Pokemon, but nobody knows for sure.",74,75,70,65,75,111,1.0,1.0,1.0,1.0,1.0,1.0,2.0,1.0,1.0,1.0,1.0,1.0,1.0,0.0,1.0,1.0,1.0,1.0,https://raw.githubusercontent.com/PokeAPI/cries/main/cries/pokemon/latest/925.ogg,https://raw.githubusercontent.com/PokeAPI/sprites/master/sprites/pokemon/925.png,https://raw.githubusercontent.com/PokeAPI/sprites/master/sprites/pokemon/shiny/925.png
926,fidough,Puppy Pokemon,Generation-ix,False,False,fairy,0.3,10.9,"Own tempo, Klutz (Hidden)",Unknown Habitat,None,This Pokemon is smooth and moist to the touch. Yeast in Fidough’s breath induces fermentation in the Pokemon’s vicinity.,37,55,70,30,55,65,1.0,1.0,1.0,1.0,1.0,1.0,0.5,2.0,1.0,1.0,1.0,0.5,1.0,1.0,0.0,2.0,0.5,1.0,https://raw.githubusercontent.com/PokeAPI/cries/main/cries/pokemon/latest/926.ogg,https://raw.githubusercontent.com/PokeAPI/sprites/master/sprites/pokemon/926.png,https://raw.githubusercontent.com/PokeAPI/sprites/master/sprites/pokemon/shiny/926.png
927,dachsbun,Dog Pokemon,Generation-ix,False,False,fairy,0.5,14.9,"Well baked body, Aroma veil (Hidden)",Unknown Habitat,Fidough,"The pleasant aroma that emanates from this Pokemon’s body helps wheat grow, so Dachsbun has been treasured by farming villages.",57,80,115,50,80,95,1.0,1.0,1.0,1.0,1.0,1.0,0.5,2.0,1.0,1.0,1.0,0.5,1.0,1.0,0.0,2.0,0.5,1.0,https://raw.githubusercontent.com/PokeAPI/cries/main/cries/pokemon/latest/927.ogg,https://raw.githubusercontent.com/PokeAPI/sprites/master/sprites/pokemon/927.png,https://raw.githubusercontent.com/PokeAPI/sprites/master/sprites/pokemon/shiny/927.png
928,smoliv,Olive Pokemon,Generation-ix,False,False,"grass, normal",0.3,6.5,"Early bird, Harvest (Hidden)",Unknown Habitat,None,It protects itself from enemies by emitting oil from the fruit on its head. This oil is bitter and astringent enough to make someone flinch.,41,35,45,58,51,30,1.0,2.0,0.5,0.5,0.5,2.0,2.0,2.0,0.5,2.0,1.0,2.0,1.0,0.0,1.0,1.0,1.0,1.0,https://raw.githubusercontent.com/PokeAPI/cries/main/cries/pokemon/latest/928.ogg,https://raw.githubusercontent.com/PokeAPI/sprites/master/sprites/pokemon/928.png,https://raw.githubusercontent.com/PokeAPI/sprites/master/sprites/pokemon/shiny/928.png
929,dolliv,Olive Pokemon,Generation-ix,False,False,"grass, normal",0.6,11.9,"Early bird, Harvest (Hidden)",Unknown Habitat,Smoliv,"Dolliv shares its tasty, fresh-scented oil with others. This species has coexisted with humans since times long gone.",52,53,60,78,78,33,1.0,2.0,0.5,0.5,0.5,2.0,2.0,2.0,0.5,2.0,1.0,2.0,1.0,0.0,1.0,1.0,1.0,1.0,https://raw.githubusercontent.com/PokeAPI/cries/main/cries/pokemon/latest/929.ogg,https://raw.githubusercontent.com/PokeAPI/sprites/master/sprites/pokemon/929.png,https://raw.githubusercontent.com/PokeAPI/sprites/master/sprites/pokemon/shiny/929.png
930,arboliva,Olive Pokemon,Generation-ix,False,False,"grass, normal",1.4,48.2,"Seed sower, Harvest (Hidden)",Unknown Habitat,Dolliv,"This calm Pokemon is very compassionate. It will share its delicious, nutrient-rich oil with weakened Pokemon.",78,69,90,125,109,39,1.0,2.0,0.5,0.5,0.5,2.0,2.0,2.0,0.5,2.0,1.0,2.0,1.0,0.0,1.0,1.0,1.0,1.0,https://raw.githubusercontent.com/PokeAPI/cries/main/cries/pokemon/latest/930.ogg,https://raw.githubusercontent.com/PokeAPI/sprites/master/sprites/pokemon/930.png,https://raw.githubusercontent.com/PokeAPI/sprites/master/sprites/pokemon/shiny/930.png
931,squawkabilly-green-plumage,Parrot Pokemon,Generation-ix,False,False,"normal, flying",0.6,2.4,"Intimidate, Hustle, Guts (Hidden)",Unknown Habitat,None,"These Pokemon prefer to live in cities. They form flocks based on the color of their feathers, and they fight over territory.",82,96,51,45,51,92,1.0,1.0,1.0,2.0,0.5,2.0,1.0,1.0,0.0,1.0,1.0,0.5,2.0,0.0,1.0,1.0,1.0,1.0,https://raw.githubusercontent.com/PokeAPI/cries/main/cries/pokemon/latest/931.ogg,https://raw.githubusercontent.com/PokeAPI/sprites/master/sprites/pokemon/931.png,https://raw.githubusercontent.com/PokeAPI/sprites/master/sprites/pokemon/shiny/931.png
932,nacli,Rock Salt Pokemon,Generation-ix,False,False,rock,0.4,16.0,"Purifying salt, Sturdy, Clear body (Hidden)",Unknown Habitat,None,"It was born in a layer of rock salt deep under the earth. This species was particularly treasured in the old days, as they would share precious salt.",55,55,75,35,35,25,0.5,0.5,2.0,1.0,2.0,1.0,2.0,0.5,2.0,0.5,1.0,1.0,1.0,1.0,1.0,2.0,1.0,1.0,https://raw.githubusercontent.com/PokeAPI/cries/main/cries/pokemon/latest/932.ogg,https://raw.githubusercontent.com/PokeAPI/sprites/master/sprites/pokemon/932.png,https://raw.githubusercontent.com/PokeAPI/sprites/master/sprites/pokemon/shiny/932.png
933,naclstack,Rock Salt Pokemon,Generation-ix,False,False,rock,0.6,105.0,"Purifying salt, Sturdy, Clear body (Hidden)",Unknown Habitat,Nacli,This Pokemon dry cures its prey by spraying salt over them. The curing process steals away the water in the prey’s body.,60,60,100,35,65,35,0.5,0.5,2.0,1.0,2.0,1.0,2.0,0.5,2.0,0.5,1.0,1.0,1.0,1.0,1.0,2.0,1.0,1.0,https://raw.githubusercontent.com/PokeAPI/cries/main/cries/pokemon/latest/933.ogg,https://raw.githubusercontent.com/PokeAPI/sprites/master/sprites/pokemon/933.png,https://raw.githubusercontent.com/PokeAPI/sprites/master/sprites/pokemon/shiny/933.png
934,garganacl,Rock Salt Pokemon,Generation-ix,False,False,rock,2.3,240.0,"Purifying salt, Sturdy, Clear body (Hidden)",Unknown Habitat,Naclstack,Garganacl will rub its fingertips together and sprinkle injured Pokemon with salt. Even severe wounds will promptly heal afterward.,100,100,130,45,90,35,0.5,0.5,2.0,1.0,2.0,1.0,2.0,0.5,2.0,0.5,1.0,1.0,1.0,1.0,1.0,2.0,1.0,1.0,https://raw.githubusercontent.com/PokeAPI/cries/main/cries/pokemon/latest/934.ogg,https://raw.githubusercontent.com/PokeAPI/sprites/master/sprites/pokemon/934.png,https://raw.githubusercontent.com/PokeAPI/sprites/master/sprites/pokemon/shiny/934.png
935,charcadet,Fire Child Pokemon,Generation-ix,False,False,fire,0.6,10.5,"Flash fire, Flame body (Hidden)",Unknown Habitat,None,"Burnt charcoal came to life and became a Pokemon. Possessing a fiery fighting spirit, Charcadet will battle even tough opponents.",40,50,40,50,40,35,1.0,0.5,2.0,1.0,0.5,0.5,1.0,1.0,2.0,1.0,1.0,0.5,2.0,1.0,1.0,0.5,1.0,0.5,https://raw.githubusercontent.com/PokeAPI/cries/main/cries/pokemon/latest/935.ogg,https://raw.githubusercontent.com/PokeAPI/sprites/master/sprites/pokemon/935.png,https://raw.githubusercontent.com/PokeAPI/sprites/master/sprites/pokemon/shiny/935.png
936,armarouge,Fire Warrior Pokemon,Generation-ix,False,False,"fire, psychic",1.5,85.0,"Flash fire, Weak armor (Hidden)",Unknown Habitat,Charcadet,Armarouge evolved through the use of a set of armor that belonged to a distinguished warrior. This Pokemon is incredibly loyal.,85,60,100,125,80,75,1.0,0.5,2.0,1.0,0.5,0.5,0.5,1.0,2.0,1.0,0.5,1.0,2.0,2.0,1.0,0.5,2.0,0.5,https://raw.githubusercontent.com/PokeAPI/cries/main/cries/pokemon/latest/936.ogg,https://raw.githubusercontent.com/PokeAPI/sprites/master/sprites/pokemon/936.png,https://raw.githubusercontent.com/PokeAPI/sprites/master/sprites/pokemon/shiny/936.png
937,ceruledge,Fire Blades Pokemon,Generation-ix,False,False,"fire, ghost",1.6,62.0,"Flash fire, Weak armor (Hidden)",Unknown Habitat,Charcadet,The fiery blades on its arms burn fiercely with the lingering resentment of a sword wielder who fell before accomplishing their goal.,75,125,80,60,100,85,0.0,0.5,2.0,1.0,0.5,0.5,0.0,0.5,2.0,1.0,1.0,0.25,2.0,2.0,1.0,0.5,2.0,0.5,https://raw.githubusercontent.com/PokeAPI/cries/main/cries/pokemon/latest/937.ogg,https://raw.githubusercontent.com/PokeAPI/sprites/master/sprites/pokemon/937.png,https://raw.githubusercontent.com/PokeAPI/sprites/master/sprites/pokemon/shiny/937.png
938,tadbulb,EleTadpole Pokemon,Generation-ix,False,False,electric,0.3,0.4,"Own tempo, Static, Damp (Hidden)",Unknown Habitat,None,"Tadbulb shakes its tail to generate electricity. If it senses danger, it will make its head blink on and off to alert its allies.",61,31,41,59,35,45,1.0,1.0,1.0,0.5,1.0,1.0,1.0,1.0,2.0,0.5,1.0,1.0,1.0,1.0,1.0,0.5,1.0,1.0,https://raw.githubusercontent.com/PokeAPI/cries/main/cries/pokemon/latest/938.ogg,https://raw.githubusercontent.com/PokeAPI/sprites/master/sprites/pokemon/938.png,https://raw.githubusercontent.com/PokeAPI/sprites/master/sprites/pokemon/shiny/938.png
939,bellibolt,EleFrog Pokemon,Generation-ix,False,False,electric,1.2,113.0,"Electromorphosis, Static, Damp (Hidden)",Unknown Habitat,Tadbulb,"When this Pokemon expands and contracts its wobbly body, the belly-button dynamo in its stomach produces a huge amount of electricity.",109,64,91,103,83,45,1.0,1.0,1.0,0.5,1.0,1.0,1.0,1.0,2.0,0.5,1.0,1.0,1.0,1.0,1.0,0.5,1.0,1.0,https://raw.githubusercontent.com/PokeAPI/cries/main/cries/pokemon/latest/939.ogg,https://raw.githubusercontent.com/PokeAPI/sprites/master/sprites/pokemon/939.png,https://raw.githubusercontent.com/PokeAPI/sprites/master/sprites/pokemon/shiny/939.png
940,wattrel,Storm Petrel Pokemon,Generation-ix,False,False,"electric, flying",0.4,3.6,"Wind power, Volt absorb, Competitive (Hidden)",Unknown Habitat,None,"When its wings catch the wind, the bones within produce electricity. This Pokemon dives into the ocean, catching prey by electrocuting them.",40,40,35,55,40,70,1.0,1.0,1.0,1.0,0.5,2.0,0.5,1.0,0.0,0.5,1.0,0.5,2.0,1.0,1.0,0.5,1.0,1.0,https://raw.githubusercontent.com/PokeAPI/cries/main/cries/pokemon/latest/940.ogg,https://raw.githubusercontent.com/PokeAPI/sprites/master/sprites/pokemon/940.png,https://raw.githubusercontent.com/PokeAPI/sprites/master/sprites/pokemon/shiny/940.png
941,kilowattrel,Frigatebird Pokemon,Generation-ix,False,False,"electric, flying",1.4,38.6,"Wind power, Volt absorb, Competitive (Hidden)",Unknown Habitat,Wattrel,"Kilowattrel inflates its throat sac to amplify its electricity. By riding the wind, this Pokemon can fly over 430 miles in a day.",70,70,60,105,60,125,1.0,1.0,1.0,1.0,0.5,2.0,0.5,1.0,0.0,0.5,1.0,0.5,2.0,1.0,1.0,0.5,1.0,1.0,https://raw.githubusercontent.com/PokeAPI/cries/main/cries/pokemon/latest/941.ogg,https://raw.githubusercontent.com/PokeAPI/sprites/master/sprites/pokemon/941.png,https://raw.githubusercontent.com/PokeAPI/sprites/master/sprites/pokemon/shiny/941.png
942,maschiff,Rascal Pokemon,Generation-ix,False,False,dark,0.5,16.0,"Intimidate, Run away, Stakeout (Hidden)",Unknown Habitat,None,"It always scowls in an attempt to make opponents take it seriously, but even crying children will burst into laughter when they see Maschiff’s face.",60,78,60,40,51,51,1.0,1.0,1.0,1.0,1.0,1.0,2.0,1.0,1.0,1.0,0.0,2.0,1.0,0.5,1.0,1.0,0.5,2.0,https://raw.githubusercontent.com/PokeAPI/cries/main/cries/pokemon/latest/942.ogg,https://raw.githubusercontent.com/PokeAPI/sprites/master/sprites/pokemon/942.png,https://raw.githubusercontent.com/PokeAPI/sprites/master/sprites/pokemon/shiny/942.png
943,mabosstiff,Boss Pokemon,Generation-ix,False,False,dark,1.1,61.0,"Intimidate, Guard dog, Stakeout (Hidden)",Unknown Habitat,Maschiff,This Pokemon can store energy in its large dewlap. Mabosstiff unleashes this energy all at once to blow away enemies.,80,120,90,60,70,85,1.0,1.0,1.0,1.0,1.0,1.0,2.0,1.0,1.0,1.0,0.0,2.0,1.0,0.5,1.0,1.0,0.5,2.0,https://raw.githubusercontent.com/PokeAPI/cries/main/cries/pokemon/latest/943.ogg,https://raw.githubusercontent.com/PokeAPI/sprites/master/sprites/pokemon/943.png,https://raw.githubusercontent.com/PokeAPI/sprites/master/sprites/pokemon/shiny/943.png
944,shroodle,Toxic Mouse Pokemon,Generation-ix,False,False,"poison, normal",0.2,0.7,"Unburden, Pickpocket, Prankster (Hidden)",Unknown Habitat,None,"Though usually a mellow Pokemon, it will sink its sharp, poison-soaked front teeth into any that anger it, causing paralysis in the object of its ire.",40,65,35,40,35,75,1.0,1.0,1.0,1.0,0.5,1.0,1.0,0.5,2.0,1.0,2.0,0.5,1.0,0.0,1.0,1.0,1.0,0.5,https://raw.githubusercontent.com/PokeAPI/cries/main/cries/pokemon/latest/944.ogg,https://raw.githubusercontent.com/PokeAPI/sprites/master/sprites/pokemon/944.png,https://raw.githubusercontent.com/PokeAPI/sprites/master/sprites/pokemon/shiny/944.png
945,grafaiai,Toxic Monkey Pokemon,Generation-ix,False,False,"poison, normal",0.7,27.2,"Unburden, Poison touch, Prankster (Hidden)",Unknown Habitat,Shroodle,The color of the poisonous saliva depends on what the Pokemon eats. Grafaiai covers its fingers in its saliva and draws patterns on trees in forests.,63,95,65,80,72,110,1.0,1.0,1.0,1.0,0.5,1.0,1.0,0.5,2.0,1.0,2.0,0.5,1.0,0.0,1.0,1.0,1.0,0.5,https://raw.githubusercontent.com/PokeAPI/cries/main/cries/pokemon/latest/945.ogg,https://raw.githubusercontent.com/PokeAPI/sprites/master/sprites/pokemon/945.png,https://raw.githubusercontent.com/PokeAPI/sprites/master/sprites/pokemon/shiny/945.png
946,bramblin,Tumbleweed Pokemon,Generation-ix,False,False,"grass, ghost",0.6,0.6,"Wind rider, Infiltrator (Hidden)",Unknown Habitat,None,A soul unable to move on to the afterlife was blown around by the wind until it got tangled up with dried grass and became a Pokemon.,40,65,30,45,35,60,0.0,2.0,0.5,0.5,0.5,2.0,0.0,1.0,0.5,2.0,1.0,1.0,1.0,2.0,1.0,1.0,2.0,1.0,https://raw.githubusercontent.com/PokeAPI/cries/main/cries/pokemon/latest/946.ogg,https://raw.githubusercontent.com/PokeAPI/sprites/master/sprites/pokemon/946.png,https://raw.githubusercontent.com/PokeAPI/sprites/master/sprites/pokemon/shiny/946.png
947,brambleghast,Tumbleweed Pokemon,Generation-ix,False,False,"grass, ghost",1.2,6.0,"Wind rider, Infiltrator (Hidden)",Unknown Habitat,Bramblin,"It will open the branches of its head to envelop its prey. Once it absorbs all the life energy it needs, it expels the prey and discards it.",55,115,70,80,70,90,0.0,2.0,0.5,0.5,0.5,2.0,0.0,1.0,0.5,2.0,1.0,1.0,1.0,2.0,1.0,1.0,2.0,1.0,https://raw.githubusercontent.com/PokeAPI/cries/main/cries/pokemon/latest/947.ogg,https://raw.githubusercontent.com/PokeAPI/sprites/master/sprites/pokemon/947.png,https://raw.githubusercontent.com/PokeAPI/sprites/master/sprites/pokemon/shiny/947.png
948,toedscool,Woodear Pokemon,Generation-ix,False,False,"ground, grass",0.9,33.0,"Mycelium might, Mycelium might (Hidden)",Unknown Habitat,None,Toedscool lives in muggy forests. The flaps that fall from its body are chewy and very delicious.,40,40,35,50,100,70,1.0,2.0,1.0,0.0,1.0,4.0,1.0,1.0,0.5,2.0,1.0,2.0,0.5,1.0,1.0,1.0,1.0,1.0,https://raw.githubusercontent.com/PokeAPI/cries/main/cries/pokemon/latest/948.ogg,https://raw.githubusercontent.com/PokeAPI/sprites/master/sprites/pokemon/948.png,https://raw.githubusercontent.com/PokeAPI/sprites/master/sprites/pokemon/shiny/948.png
949,toedscruel,Woodear Pokemon,Generation-ix,False,False,"ground, grass",1.9,58.0,"Mycelium might, Mycelium might (Hidden)",Unknown Habitat,Toedscool,These Pokemon gather into groups and form colonies deep within forests. They absolutely hate it when strangers approach.,80,70,65,80,120,100,1.0,2.0,1.0,0.0,1.0,4.0,1.0,1.0,0.5,2.0,1.0,2.0,0.5,1.0,1.0,1.0,1.0,1.0,https://raw.githubusercontent.com/PokeAPI/cries/main/cries/pokemon/latest/949.ogg,https://raw.githubusercontent.com/PokeAPI/sprites/master/sprites/pokemon/949.png,https://raw.githubusercontent.com/PokeAPI/sprites/master/sprites/pokemon/shiny/949.png
950,klawf,Ambush Pokemon,Generation-ix,False,False,rock,1.3,79.0,"Anger shell, Shell armor, Regenerator (Hidden)",Unknown Habitat,None,"Klawf hangs upside-down from cliffs, waiting for prey. But Klawf can’t remain in this position for long because its blood rushes to its head.",70,100,115,35,55,75,0.5,0.5,2.0,1.0,2.0,1.0,2.0,0.5,2.0,0.5,1.0,1.0,1.0,1.0,1.0,2.0,1.0,1.0,https://raw.githubusercontent.com/PokeAPI/cries/main/cries/pokemon/latest/950.ogg,https://raw.githubusercontent.com/PokeAPI/sprites/master/sprites/pokemon/950.png,https://raw.githubusercontent.com/PokeAPI/sprites/master/sprites/pokemon/shiny/950.png
951,capsakid,Spicy Pepper Pokemon,Generation-ix,False,False,grass,0.3,3.0,"Chlorophyll, Insomnia, Klutz (Hidden)",Unknown Habitat,None,"The more sunlight this Pokemon bathes in, the more spicy chemicals are produced by its body, and thus the spicier its moves become.",50,62,40,62,40,50,1.0,2.0,0.5,0.5,0.5,2.0,1.0,2.0,0.5,2.0,1.0,2.0,1.0,1.0,1.0,1.0,1.0,1.0,https://raw.githubusercontent.com/PokeAPI/cries/main/cries/pokemon/latest/951.ogg,https://raw.githubusercontent.com/PokeAPI/sprites/master/sprites/pokemon/951.png,https://raw.githubusercontent.com/PokeAPI/sprites/master/sprites/pokemon/shiny/951.png
952,scovillain,Spicy Pepper Pokemon,Generation-ix,False,False,"grass, fire",0.9,15.0,"Chlorophyll, Insomnia, Moody (Hidden)",Unknown Habitat,Capsakid,The red head converts spicy chemicals into fire energy and blasts the surrounding area with a super spicy stream of flame.,65,108,65,108,65,75,1.0,1.0,1.0,0.5,0.25,1.0,1.0,2.0,1.0,2.0,1.0,1.0,2.0,1.0,1.0,0.5,1.0,0.5,https://raw.githubusercontent.com/PokeAPI/cries/main/cries/pokemon/latest/952.ogg,https://raw.githubusercontent.com/PokeAPI/sprites/master/sprites/pokemon/952.png,https://raw.githubusercontent.com/PokeAPI/sprites/master/sprites/pokemon/shiny/952.png
953,rellor,Rolling Pokemon,Generation-ix,False,False,bug,0.2,1.0,"Compound eyes, Shed skin (Hidden)",Unknown Habitat,None,This Pokemon creates a mud ball by mixing sand and dirt with psychic energy. It treasures its mud ball more than its own life.,41,50,60,31,58,30,1.0,2.0,1.0,1.0,0.5,1.0,0.5,1.0,0.5,2.0,1.0,1.0,2.0,1.0,1.0,1.0,1.0,1.0,https://raw.githubusercontent.com/PokeAPI/cries/main/cries/pokemon/latest/953.ogg,https://raw.githubusercontent.com/PokeAPI/sprites/master/sprites/pokemon/953.png,https://raw.githubusercontent.com/PokeAPI/sprites/master/sprites/pokemon/shiny/953.png
954,rabsca,Rolling Pokemon,Generation-ix,False,False,"bug, psychic",0.3,3.5,"Synchronize, Telepathy (Hidden)",Unknown Habitat,Rellor,"The body that supports the ball barely moves. Therefore, it is thought that the true body of this Pokemon is actually inside the ball.",75,50,85,115,100,45,1.0,2.0,1.0,1.0,0.5,1.0,0.25,1.0,0.5,2.0,0.5,2.0,2.0,2.0,1.0,1.0,2.0,1.0,https://raw.githubusercontent.com/PokeAPI/cries/main/cries/pokemon/latest/954.ogg,https://raw.githubusercontent.com/PokeAPI/sprites/master/sprites/pokemon/954.png,https://raw.githubusercontent.com/PokeAPI/sprites/master/sprites/pokemon/shiny/954.png
955,flittle,Frill Pokemon,Generation-ix,False,False,psychic,0.2,1.5,"Anticipation, Frisk, Speed boost (Hidden)",Unknown Habitat,None,Flittle’s toes levitate about half an inch above the ground because of the psychic power emitted from the frills on the Pokemon’s belly.,30,35,30,55,30,75,1.0,1.0,1.0,1.0,1.0,1.0,0.5,1.0,1.0,1.0,0.5,2.0,1.0,2.0,1.0,1.0,2.0,1.0,https://raw.githubusercontent.com/PokeAPI/cries/main/cries/pokemon/latest/955.ogg,https://raw.githubusercontent.com/PokeAPI/sprites/master/sprites/pokemon/955.png,https://raw.githubusercontent.com/PokeAPI/sprites/master/sprites/pokemon/shiny/955.png
956,espathra,Ostrich Pokemon,Generation-ix,False,False,psychic,1.9,90.0,"Opportunist, Frisk, Speed boost (Hidden)",Unknown Habitat,Flittle,"It immobilizes opponents by bathing them in psychic power from its large eyes. Despite its appearance, it has a vicious temperament.",95,60,60,101,60,105,1.0,1.0,1.0,1.0,1.0,1.0,0.5,1.0,1.0,1.0,0.5,2.0,1.0,2.0,1.0,1.0,2.0,1.0,https://raw.githubusercontent.com/PokeAPI/cries/main/cries/pokemon/latest/956.ogg,https://raw.githubusercontent.com/PokeAPI/sprites/master/sprites/pokemon/956.png,https://raw.githubusercontent.com/PokeAPI/sprites/master/sprites/pokemon/shiny/956.png
957,tinkatink,Metalsmith Pokemon,Generation-ix,False,False,"fairy, steel",0.4,8.9,"Mold breaker, Own tempo, Pickpocket (Hidden)",Unknown Habitat,None,"It swings its handmade hammer around to protect itself, but the hammer is often stolen by Pokemon that eat metal.",50,45,45,35,64,58,0.5,2.0,1.0,1.0,0.5,0.5,1.0,0.0,2.0,0.5,0.5,0.25,0.5,1.0,0.0,1.0,0.5,0.5,https://raw.githubusercontent.com/PokeAPI/cries/main/cries/pokemon/latest/957.ogg,https://raw.githubusercontent.com/PokeAPI/sprites/master/sprites/pokemon/957.png,https://raw.githubusercontent.com/PokeAPI/sprites/master/sprites/pokemon/shiny/957.png
958,tinkatuff,Hammer Pokemon,Generation-ix,False,False,"fairy, steel",0.7,59.1,"Mold breaker, Own tempo, Pickpocket (Hidden)",Unknown Habitat,Tinkatink,"This Pokemon will attack groups of Pawniard and Bisharp, gathering metal from them in order to create a large and sturdy hammer.",65,55,55,45,82,78,0.5,2.0,1.0,1.0,0.5,0.5,1.0,0.0,2.0,0.5,0.5,0.25,0.5,1.0,0.0,1.0,0.5,0.5,https://raw.githubusercontent.com/PokeAPI/cries/main/cries/pokemon/latest/958.ogg,https://raw.githubusercontent.com/PokeAPI/sprites/master/sprites/pokemon/958.png,https://raw.githubusercontent.com/PokeAPI/sprites/master/sprites/pokemon/shiny/958.png
959,tinkaton,Hammer Pokemon,Generation-ix,False,False,"fairy, steel",0.7,112.8,"Mold breaker, Own tempo, Pickpocket (Hidden)",Unknown Habitat,Tinkatuff,"This intelligent Pokemon has a very daring disposition. It knocks rocks into the sky with its hammer, aiming for flying Corviknight.",85,75,77,70,105,94,0.5,2.0,1.0,1.0,0.5,0.5,1.0,0.0,2.0,0.5,0.5,0.25,0.5,1.0,0.0,1.0,0.5,0.5,https://raw.githubusercontent.com/PokeAPI/cries/main/cries/pokemon/latest/959.ogg,https://raw.githubusercontent.com/PokeAPI/sprites/master/sprites/pokemon/959.png,https://raw.githubusercontent.com/PokeAPI/sprites/master/sprites/pokemon/shiny/959.png
960,wiglett,Garden Eel Pokemon,Generation-ix,False,False,water,1.2,1.8,"Gooey, Rattled, Sand veil (Hidden)",Unknown Habitat,None,This Pokemon can pick up the scent of a Veluza just over 65 feet away and will hide itself in the sand.,10,55,25,35,25,95,1.0,0.5,0.5,2.0,2.0,0.5,1.0,1.0,1.0,1.0,1.0,1.0,1.0,1.0,1.0,0.5,1.0,1.0,https://raw.githubusercontent.com/PokeAPI/cries/main/cries/pokemon/latest/960.ogg,https://raw.githubusercontent.com/PokeAPI/sprites/master/sprites/pokemon/960.png,https://raw.githubusercontent.com/PokeAPI/sprites/master/sprites/pokemon/shiny/960.png
961,wugtrio,Garden Eel Pokemon,Generation-ix,False,False,water,1.2,5.4,"Gooey, Rattled, Sand veil (Hidden)",Unknown Habitat,Wiglett,"It has a vicious temperament, contrary to what its appearance may suggest. It wraps its long bodies around prey, then drags the prey into its den.",35,100,50,50,70,120,1.0,0.5,0.5,2.0,2.0,0.5,1.0,1.0,1.0,1.0,1.0,1.0,1.0,1.0,1.0,0.5,1.0,1.0,https://raw.githubusercontent.com/PokeAPI/cries/main/cries/pokemon/latest/961.ogg,https://raw.githubusercontent.com/PokeAPI/sprites/master/sprites/pokemon/961.png,https://raw.githubusercontent.com/PokeAPI/sprites/master/sprites/pokemon/shiny/961.png
962,bombirdier,Item Drop Pokemon,Generation-ix,False,False,"flying, dark",1.5,42.9,"Big pecks, Keen eye, Rocky payload (Hidden)",Unknown Habitat,None,"It gathers things up in an apron made from shed feathers added to the Pokemon’s chest feathers, then drops those things from high places for fun.",70,103,85,60,85,82,1.0,1.0,1.0,2.0,0.5,2.0,1.0,1.0,0.0,1.0,0.0,1.0,2.0,0.5,1.0,1.0,0.5,2.0,https://raw.githubusercontent.com/PokeAPI/cries/main/cries/pokemon/latest/962.ogg,https://raw.githubusercontent.com/PokeAPI/sprites/master/sprites/pokemon/962.png,https://raw.githubusercontent.com/PokeAPI/sprites/master/sprites/pokemon/shiny/962.png
963,finizen,Dolphin Pokemon,Generation-ix,False,False,water,1.3,60.2,"Water veil, Water veil (Hidden)",Unknown Habitat,None,It likes playing with others of its kind using the water ring on its tail. It uses ultrasonic waves to sense the emotions of other living creatures.,70,45,40,45,40,75,1.0,0.5,0.5,2.0,2.0,0.5,1.0,1.0,1.0,1.0,1.0,1.0,1.0,1.0,1.0,0.5,1.0,1.0,https://raw.githubusercontent.com/PokeAPI/cries/main/cries/pokemon/latest/963.ogg,https://raw.githubusercontent.com/PokeAPI/sprites/master/sprites/pokemon/963.png,https://raw.githubusercontent.com/PokeAPI/sprites/master/sprites/pokemon/shiny/963.png
964,palafin-zero,Dolphin Pokemon,Generation-ix,False,False,water,1.3,60.2,"Zero to hero, Zero to hero (Hidden)",Unknown Habitat,Finizen,This Pokemon changes its appearance if it hears its allies calling for help. Palafin will never show anybody its moment of transformation.,100,70,72,53,62,100,1.0,0.5,0.5,2.0,2.0,0.5,1.0,1.0,1.0,1.0,1.0,1.0,1.0,1.0,1.0,0.5,1.0,1.0,https://raw.githubusercontent.com/PokeAPI/cries/main/cries/pokemon/latest/964.ogg,https://raw.githubusercontent.com/PokeAPI/sprites/master/sprites/pokemon/964.png,https://raw.githubusercontent.com/PokeAPI/sprites/master/sprites/pokemon/shiny/964.png
965,varoom,Single-Cyl Pokemon,Generation-ix,False,False,"steel, poison",1.0,35.0,"Overcoat, Slow start (Hidden)",Unknown Habitat,None,It is said that this Pokemon was born when an unknown poison Pokemon entered and inspirited an engine left at a scrap-processing factory.,45,70,63,30,45,47,0.5,2.0,1.0,1.0,0.25,0.5,1.0,0.0,4.0,0.5,1.0,0.25,0.5,1.0,0.5,0.5,1.0,0.25,https://raw.githubusercontent.com/PokeAPI/cries/main/cries/pokemon/latest/965.ogg,https://raw.githubusercontent.com/PokeAPI/sprites/master/sprites/pokemon/965.png,https://raw.githubusercontent.com/PokeAPI/sprites/master/sprites/pokemon/shiny/965.png
966,revavroom,Multi-Cyl Pokemon,Generation-ix,False,False,"steel, poison",1.8,120.0,"Overcoat, Filter (Hidden)",Unknown Habitat,Varoom,It creates a gas out of poison and minerals from rocks. It then detonates the gas in its cylinders—now numbering eight—to generate energy.,80,119,90,54,67,90,0.5,2.0,1.0,1.0,0.25,0.5,1.0,0.0,4.0,0.5,1.0,0.25,0.5,1.0,0.5,0.5,1.0,0.25,https://raw.githubusercontent.com/PokeAPI/cries/main/cries/pokemon/latest/966.ogg,https://raw.githubusercontent.com/PokeAPI/sprites/master/sprites/pokemon/966.png,https://raw.githubusercontent.com/PokeAPI/sprites/master/sprites/pokemon/shiny/966.png
967,cyclizar,Mount Pokemon,Generation-ix,False,False,"dragon, normal",1.6,63.0,"Shed skin, Regenerator (Hidden)",Unknown Habitat,None,"Apparently Cyclizar has been allowing people to ride on its back since ancient times. Depictions of this have been found in 10,000-year-old murals.",70,95,65,85,65,121,1.0,0.5,0.5,0.5,0.5,2.0,2.0,1.0,1.0,1.0,1.0,1.0,1.0,0.0,2.0,1.0,1.0,2.0,https://raw.githubusercontent.com/PokeAPI/cries/main/cries/pokemon/latest/967.ogg,https://raw.githubusercontent.com/PokeAPI/sprites/master/sprites/pokemon/967.png,https://raw.githubusercontent.com/PokeAPI/sprites/master/sprites/pokemon/shiny/967.png
968,orthworm,Earthworm Pokemon,Generation-ix,False,False,steel,2.5,310.0,"Earth eater, Sand veil (Hidden)",Unknown Habitat,None,"When attacked, this Pokemon will wield the tendrils on its body like fists and pelt the opponent with a storm of punches.",70,85,145,60,55,65,0.5,2.0,1.0,1.0,0.5,0.5,2.0,0.0,2.0,0.5,0.5,0.5,0.5,1.0,0.5,0.5,1.0,0.5,https://raw.githubusercontent.com/PokeAPI/cries/main/cries/pokemon/latest/968.ogg,https://raw.githubusercontent.com/PokeAPI/sprites/master/sprites/pokemon/968.png,https://raw.githubusercontent.com/PokeAPI/sprites/master/sprites/pokemon/shiny/968.png
969,glimmet,Ore Pokemon,Generation-ix,False,False,"rock, poison",0.7,8.0,"Toxic debris, Corrosion (Hidden)",Unknown Habitat,None,It absorbs nutrients from cave walls. The petals it wears are made of crystallized poison.,48,35,42,105,60,60,0.5,0.5,2.0,1.0,1.0,1.0,1.0,0.25,4.0,0.5,2.0,0.5,1.0,1.0,1.0,2.0,1.0,0.5,https://raw.githubusercontent.com/PokeAPI/cries/main/cries/pokemon/latest/969.ogg,https://raw.githubusercontent.com/PokeAPI/sprites/master/sprites/pokemon/969.png,https://raw.githubusercontent.com/PokeAPI/sprites/master/sprites/pokemon/shiny/969.png
970,glimmora,Ore Pokemon,Generation-ix,False,False,"rock, poison",1.5,45.0,"Toxic debris, Corrosion (Hidden)",Unknown Habitat,Glimmet,"When this Pokemon detects danger, it will open up its crystalline petals and fire beams from its conical body.",83,55,90,130,81,86,0.5,0.5,2.0,1.0,1.0,1.0,1.0,0.25,4.0,0.5,2.0,0.5,1.0,1.0,1.0,2.0,1.0,0.5,https://raw.githubusercontent.com/PokeAPI/cries/main/cries/pokemon/latest/970.ogg,https://raw.githubusercontent.com/PokeAPI/sprites/master/sprites/pokemon/970.png,https://raw.githubusercontent.com/PokeAPI/sprites/master/sprites/pokemon/shiny/970.png
971,greavard,Ghost Dog Pokemon,Generation-ix,False,False,ghost,0.6,35.0,"Pickup, Fluffy (Hidden)",Unknown Habitat,None,It is said that a dog Pokemon that died in the wild without ever interacting with a human was reborn as this Pokemon.,50,61,60,30,55,34,0.0,1.0,1.0,1.0,1.0,1.0,0.0,0.5,1.0,1.0,1.0,0.5,1.0,2.0,1.0,1.0,2.0,1.0,https://raw.githubusercontent.com/PokeAPI/cries/main/cries/pokemon/latest/971.ogg,https://raw.githubusercontent.com/PokeAPI/sprites/master/sprites/pokemon/971.png,https://raw.githubusercontent.com/PokeAPI/sprites/master/sprites/pokemon/shiny/971.png
972,houndstone,Ghost Dog Pokemon,Generation-ix,False,False,ghost,2.0,15.0,"Sand rush, Fluffy (Hidden)",Unknown Habitat,Greavard,"Houndstone spends most of its time sleeping in graveyards. Among all the dog Pokemon, this one is most loyal to its master.",72,101,100,50,97,68,0.0,1.0,1.0,1.0,1.0,1.0,0.0,0.5,1.0,1.0,1.0,0.5,1.0,2.0,1.0,1.0,2.0,1.0,https://raw.githubusercontent.com/PokeAPI/cries/main/cries/pokemon/latest/972.ogg,https://raw.githubusercontent.com/PokeAPI/sprites/master/sprites/pokemon/972.png,https://raw.githubusercontent.com/PokeAPI/sprites/master/sprites/pokemon/shiny/972.png
973,flamigo,Synchronize Pokemon,Generation-ix,False,False,"flying, fighting",1.6,37.0,"Scrappy, Tangled feet, Costar (Hidden)",Unknown Habitat,None,This Pokemon apparently ties the base of its neck into a knot so that energy stored in its belly does not escape from its beak.,82,115,74,75,64,90,1.0,1.0,1.0,2.0,0.5,2.0,0.5,1.0,0.0,2.0,2.0,0.25,1.0,1.0,1.0,1.0,0.5,2.0,https://raw.githubusercontent.com/PokeAPI/cries/main/cries/pokemon/latest/973.ogg,https://raw.githubusercontent.com/PokeAPI/sprites/master/sprites/pokemon/973.png,https://raw.githubusercontent.com/PokeAPI/sprites/master/sprites/pokemon/shiny/973.png
974,cetoddle,Terra Whale Pokemon,Generation-ix,False,False,ice,1.2,45.0,"Thick fat, Snow cloak, Sheer force (Hidden)",Unknown Habitat,None,This species left the ocean and began living on land a very long time ago. It seems to be closely related to Wailmer.,108,68,45,30,40,43,1.0,2.0,1.0,1.0,1.0,0.5,2.0,1.0,1.0,1.0,1.0,1.0,2.0,1.0,1.0,2.0,1.0,1.0,https://raw.githubusercontent.com/PokeAPI/cries/main/cries/pokemon/latest/974.ogg,https://raw.githubusercontent.com/PokeAPI/sprites/master/sprites/pokemon/974.png,https://raw.githubusercontent.com/PokeAPI/sprites/master/sprites/pokemon/shiny/974.png
975,cetitan,Terra Whale Pokemon,Generation-ix,False,False,ice,4.5,700.0,"Thick fat, Slush rush, Sheer force (Hidden)",Unknown Habitat,Cetoddle,"This Pokemon wanders around snowy, icy areas. It protects its body with powerful muscles and a thick layer of fat under its skin.",170,113,65,45,55,73,1.0,2.0,1.0,1.0,1.0,0.5,2.0,1.0,1.0,1.0,1.0,1.0,2.0,1.0,1.0,2.0,1.0,1.0,https://raw.githubusercontent.com/PokeAPI/cries/main/cries/pokemon/latest/975.ogg,https://raw.githubusercontent.com/PokeAPI/sprites/master/sprites/pokemon/975.png,https://raw.githubusercontent.com/PokeAPI/sprites/master/sprites/pokemon/shiny/975.png
976,veluza,Jettison Pokemon,Generation-ix,False,False,"water, psychic",2.5,90.0,"Mold breaker, Sharpness (Hidden)",Unknown Habitat,None,"When Veluza discards unnecessary flesh, its mind becomes honed and its psychic power increases. The spare flesh has a mild but delicious flavor.",90,102,73,78,65,70,1.0,0.5,0.5,2.0,2.0,0.5,0.5,1.0,1.0,1.0,0.5,2.0,1.0,2.0,1.0,0.5,2.0,1.0,https://raw.githubusercontent.com/PokeAPI/cries/main/cries/pokemon/latest/976.ogg,https://raw.githubusercontent.com/PokeAPI/sprites/master/sprites/pokemon/976.png,https://raw.githubusercontent.com/PokeAPI/sprites/master/sprites/pokemon/shiny/976.png
977,dondozo,Big Catfish Pokemon,Generation-ix,False,False,water,12.0,220.0,"Unaware, Oblivious, Water veil (Hidden)",Unknown Habitat,None,"This Pokemon is a glutton, but it’s bad at getting food. It teams up with a Tatsugiri to catch prey.",150,100,115,65,65,35,1.0,0.5,0.5,2.0,2.0,0.5,1.0,1.0,1.0,1.0,1.0,1.0,1.0,1.0,1.0,0.5,1.0,1.0,https://raw.githubusercontent.com/PokeAPI/cries/main/cries/pokemon/latest/977.ogg,https://raw.githubusercontent.com/PokeAPI/sprites/master/sprites/pokemon/977.png,https://raw.githubusercontent.com/PokeAPI/sprites/master/sprites/pokemon/shiny/977.png
978,tatsugiri-curly,Mimicry Pokemon,Generation-ix,False,False,"dragon, water",0.3,8.0,"Commander, Storm drain (Hidden)",Unknown Habitat,None,This is a small dragon Pokemon. It lives inside the mouth of Dondozo to protect itself from enemies on the outside.,68,50,60,120,95,82,1.0,0.25,0.25,1.0,1.0,1.0,1.0,1.0,1.0,1.0,1.0,1.0,1.0,1.0,2.0,0.5,1.0,2.0,https://raw.githubusercontent.com/PokeAPI/cries/main/cries/pokemon/latest/978.ogg,https://raw.githubusercontent.com/PokeAPI/sprites/master/sprites/pokemon/978.png,https://raw.githubusercontent.com/PokeAPI/sprites/master/sprites/pokemon/shiny/978.png
979,annihilape,Rage Monkey Pokemon,Generation-ix,False,False,"fighting, ghost",1.2,56.0,"Vital spirit, Inner focus, Defiant (Hidden)",Unknown Habitat,Primeape,"When its anger rose beyond a critical point, this Pokemon gained power that is unfettered by the limits of its physical body.",110,115,80,50,90,90,0.0,1.0,1.0,1.0,1.0,1.0,0.0,0.5,1.0,2.0,2.0,0.25,0.5,2.0,1.0,1.0,1.0,2.0,https://raw.githubusercontent.com/PokeAPI/cries/main/cries/pokemon/latest/979.ogg,https://raw.githubusercontent.com/PokeAPI/sprites/master/sprites/pokemon/979.png,https://raw.githubusercontent.com/PokeAPI/sprites/master/sprites/pokemon/shiny/979.png
980,clodsire,Spiny Fish Pokemon,Generation-ix,False,False,"poison, ground",1.8,223.0,"Poison point, Water absorb, Unaware (Hidden)",Unknown Habitat,Wooper,"When attacked, this Pokemon will retaliate by sticking thick spines out from its body. It’s a risky move that puts everything on the line.",130,75,60,45,100,20,1.0,1.0,2.0,0.0,1.0,2.0,0.5,0.25,2.0,1.0,2.0,0.5,0.5,1.0,1.0,1.0,1.0,0.5,https://raw.githubusercontent.com/PokeAPI/cries/main/cries/pokemon/latest/980.ogg,https://raw.githubusercontent.com/PokeAPI/sprites/master/sprites/pokemon/980.png,https://raw.githubusercontent.com/PokeAPI/sprites/master/sprites/pokemon/shiny/980.png
981,farigiraf,Long Neck Pokemon,Generation-ix,False,False,"normal, psychic",3.2,160.0,"Cud chew, Armor tail, Sap sipper (Hidden)",Unknown Habitat,Girafarig,"Now that the brain waves from the head and tail are synced up, the psychic power of this Pokemon is 10 times stronger than Girafarig’s.",120,90,70,110,70,60,1.0,1.0,1.0,1.0,1.0,1.0,1.0,1.0,1.0,1.0,0.5,2.0,1.0,0.0,1.0,1.0,2.0,1.0,https://raw.githubusercontent.com/PokeAPI/cries/main/cries/pokemon/latest/981.ogg,https://raw.githubusercontent.com/PokeAPI/sprites/master/sprites/pokemon/981.png,https://raw.githubusercontent.com/PokeAPI/sprites/master/sprites/pokemon/shiny/981.png
982,dudunsparce-two-segment,Land Snake Pokemon,Generation-ix,False,False,normal,3.6,39.2,"Serene grace, Run away, Rattled (Hidden)",Unknown Habitat,Dunsparce,This Pokemon uses its hard tail to make its nest by boring holes into bedrock deep underground. The nest can reach lengths of over six miles.,125,100,80,85,75,55,1.0,1.0,1.0,1.0,1.0,1.0,2.0,1.0,1.0,1.0,1.0,1.0,1.0,0.0,1.0,1.0,1.0,1.0,https://raw.githubusercontent.com/PokeAPI/cries/main/cries/pokemon/latest/982.ogg,https://raw.githubusercontent.com/PokeAPI/sprites/master/sprites/pokemon/982.png,https://raw.githubusercontent.com/PokeAPI/sprites/master/sprites/pokemon/shiny/982.png
983,kingambit,Big Blade Pokemon,Generation-ix,False,False,"dark, steel",2.0,120.0,"Defiant, Supreme overlord, Pressure (Hidden)",Unknown Habitat,Bisharp,Only a Bisharp that stands above all others in its vast army can evolve into Kingambit.,100,135,120,60,85,50,0.5,2.0,1.0,1.0,0.5,0.5,4.0,0.0,2.0,0.5,0.0,1.0,0.5,0.5,0.5,0.5,0.5,1.0,https://raw.githubusercontent.com/PokeAPI/cries/main/cries/pokemon/latest/983.ogg,https://raw.githubusercontent.com/PokeAPI/sprites/master/sprites/pokemon/983.png,https://raw.githubusercontent.com/PokeAPI/sprites/master/sprites/pokemon/shiny/983.png
984,great-tusk,Paradox Pokemon,Generation-ix,False,False,"ground, fighting",2.2,320.0,Protosynthesis,Unknown Habitat,None,Sightings of this Pokemon have occurred in recent years. The name Great Tusk was taken from a creature listed in a certain book.,115,131,131,53,53,87,1.0,1.0,2.0,0.0,2.0,2.0,1.0,0.5,1.0,2.0,2.0,0.5,0.25,1.0,1.0,1.0,0.5,2.0,https://raw.githubusercontent.com/PokeAPI/cries/main/cries/pokemon/latest/984.ogg,https://raw.githubusercontent.com/PokeAPI/sprites/master/sprites/pokemon/984.png,https://raw.githubusercontent.com/PokeAPI/sprites/master/sprites/pokemon/shiny/984.png
985,scream-tail,Paradox Pokemon,Generation-ix,False,False,"fairy, psychic",1.2,8.0,Protosynthesis,Unknown Habitat,None,There has been only one reported sighting of this Pokemon. It resembles a mysterious creature depicted in an old expedition journal.,115,65,99,65,115,111,1.0,1.0,1.0,1.0,1.0,1.0,0.25,2.0,1.0,1.0,0.5,1.0,1.0,2.0,0.0,2.0,1.0,1.0,https://raw.githubusercontent.com/PokeAPI/cries/main/cries/pokemon/latest/985.ogg,https://raw.githubusercontent.com/PokeAPI/sprites/master/sprites/pokemon/985.png,https://raw.githubusercontent.com/PokeAPI/sprites/master/sprites/pokemon/shiny/985.png
986,brute-bonnet,Paradox Pokemon,Generation-ix,False,False,"grass, dark",1.2,21.0,Protosynthesis,Unknown Habitat,None,It is possible that the creature listed as Brute Bonnet in a certain book could actually be this Pokemon.,111,127,99,79,99,55,1.0,2.0,0.5,0.5,0.5,2.0,2.0,2.0,0.5,2.0,0.0,4.0,1.0,0.5,1.0,1.0,0.5,2.0,https://raw.githubusercontent.com/PokeAPI/cries/main/cries/pokemon/latest/986.ogg,https://raw.githubusercontent.com/PokeAPI/sprites/master/sprites/pokemon/986.png,https://raw.githubusercontent.com/PokeAPI/sprites/master/sprites/pokemon/shiny/986.png
987,flutter-mane,Paradox Pokemon,Generation-ix,False,False,"ghost, fairy",1.4,4.0,Protosynthesis,Unknown Habitat,None,"This Pokemon has characteristics similar to those of Flutter Mane, a creature mentioned in a certain book.",55,55,55,135,135,135,0.0,1.0,1.0,1.0,1.0,1.0,0.0,1.0,1.0,1.0,1.0,0.25,1.0,2.0,0.0,2.0,1.0,1.0,https://raw.githubusercontent.com/PokeAPI/cries/main/cries/pokemon/latest/987.ogg,https://raw.githubusercontent.com/PokeAPI/sprites/master/sprites/pokemon/987.png,https://raw.githubusercontent.com/PokeAPI/sprites/master/sprites/pokemon/shiny/987.png
988,slither-wing,Paradox Pokemon,Generation-ix,False,False,"bug, fighting",3.2,92.0,Protosynthesis,Unknown Habitat,None,This mysterious Pokemon has some similarities to a creature that an old book introduced as Slither Wing.,85,135,79,85,105,81,1.0,2.0,1.0,1.0,0.5,1.0,0.5,1.0,0.5,4.0,2.0,0.5,1.0,1.0,1.0,1.0,0.5,2.0,https://raw.githubusercontent.com/PokeAPI/cries/main/cries/pokemon/latest/988.ogg,https://raw.githubusercontent.com/PokeAPI/sprites/master/sprites/pokemon/988.png,https://raw.githubusercontent.com/PokeAPI/sprites/master/sprites/pokemon/shiny/988.png
989,sandy-shocks,Paradox Pokemon,Generation-ix,False,False,"electric, ground",2.3,60.0,Protosynthesis,Unknown Habitat,None,"No records exist of this Pokemon being caught. Data is lacking, but the Pokemon’s traits match up with a creature shown in an expedition journal.",85,81,97,121,85,101,1.0,1.0,2.0,0.0,2.0,2.0,1.0,0.5,2.0,0.5,1.0,1.0,0.5,1.0,1.0,0.5,1.0,1.0,https://raw.githubusercontent.com/PokeAPI/cries/main/cries/pokemon/latest/989.ogg,https://raw.githubusercontent.com/PokeAPI/sprites/master/sprites/pokemon/989.png,https://raw.githubusercontent.com/PokeAPI/sprites/master/sprites/pokemon/shiny/989.png
990,iron-treads,Paradox Pokemon,Generation-ix,False,False,"ground, steel",0.9,240.0,Quark drive,Unknown Habitat,None,This Pokemon closely resembles a scientific weapon that a paranormal magazine claimed was sent to this planet by aliens.,90,112,120,72,70,106,0.5,2.0,2.0,0.0,1.0,1.0,2.0,0.0,2.0,0.5,0.5,0.5,0.25,1.0,0.5,0.5,1.0,0.5,https://raw.githubusercontent.com/PokeAPI/cries/main/cries/pokemon/latest/990.ogg,https://raw.githubusercontent.com/PokeAPI/sprites/master/sprites/pokemon/990.png,https://raw.githubusercontent.com/PokeAPI/sprites/master/sprites/pokemon/shiny/990.png
991,iron-bundle,Paradox Pokemon,Generation-ix,False,False,"ice, water",0.6,11.0,Quark drive,Unknown Habitat,None,Its shape is similar to a robot featured in a paranormal magazine article. The robot was said to have been created by an ancient civilization.,56,80,114,124,60,136,1.0,1.0,0.5,2.0,2.0,0.25,2.0,1.0,1.0,1.0,1.0,1.0,2.0,1.0,1.0,1.0,1.0,1.0,https://raw.githubusercontent.com/PokeAPI/cries/main/cries/pokemon/latest/991.ogg,https://raw.githubusercontent.com/PokeAPI/sprites/master/sprites/pokemon/991.png,https://raw.githubusercontent.com/PokeAPI/sprites/master/sprites/pokemon/shiny/991.png
992,iron-hands,Paradox Pokemon,Generation-ix,False,False,"fighting, electric",1.8,380.7,Quark drive,Unknown Habitat,None,It is very similar to a cyborg covered exclusively by a paranormal magazine. The cyborg was said to be the modified form of a certain athlete.,154,140,108,50,68,50,1.0,1.0,1.0,0.5,1.0,1.0,1.0,1.0,2.0,1.0,2.0,0.5,0.5,1.0,1.0,0.5,0.5,2.0,https://raw.githubusercontent.com/PokeAPI/cries/main/cries/pokemon/latest/992.ogg,https://raw.githubusercontent.com/PokeAPI/sprites/master/sprites/pokemon/992.png,https://raw.githubusercontent.com/PokeAPI/sprites/master/sprites/pokemon/shiny/992.png
993,iron-jugulis,Paradox Pokemon,Generation-ix,False,False,"dark, flying",1.3,111.0,Quark drive,Unknown Habitat,None,"It resembles a certain Pokemon introduced in a paranormal magazine, described as the offspring of a Hydreigon that fell in love with a robot.",94,80,86,122,80,108,1.0,1.0,1.0,2.0,0.5,2.0,1.0,1.0,0.0,1.0,0.0,1.0,2.0,0.5,1.0,1.0,0.5,2.0,https://raw.githubusercontent.com/PokeAPI/cries/main/cries/pokemon/latest/993.ogg,https://raw.githubusercontent.com/PokeAPI/sprites/master/sprites/pokemon/993.png,https://raw.githubusercontent.com/PokeAPI/sprites/master/sprites/pokemon/shiny/993.png
994,iron-moth,Paradox Pokemon,Generation-ix,False,False,"fire, poison",1.2,36.0,Quark drive,Unknown Habitat,None,This Pokemon resembles an unknown object described in a paranormal magazine as a UFO sent to observe humanity.,80,70,60,140,110,110,1.0,0.5,2.0,1.0,0.25,0.5,0.5,0.5,4.0,1.0,2.0,0.25,2.0,1.0,1.0,0.5,1.0,0.25,https://raw.githubusercontent.com/PokeAPI/cries/main/cries/pokemon/latest/994.ogg,https://raw.githubusercontent.com/PokeAPI/sprites/master/sprites/pokemon/994.png,https://raw.githubusercontent.com/PokeAPI/sprites/master/sprites/pokemon/shiny/994.png
995,iron-thorns,Paradox Pokemon,Generation-ix,False,False,"rock, electric",1.6,303.0,Quark drive,Unknown Habitat,None,It has some similarities to a Pokemon introduced in a dubious magazine as a Tyranitar from one billion years into the future.,100,134,110,70,84,72,0.5,0.5,2.0,0.5,2.0,1.0,2.0,0.5,4.0,0.25,1.0,1.0,1.0,1.0,1.0,1.0,1.0,1.0,https://raw.githubusercontent.com/PokeAPI/cries/main/cries/pokemon/latest/995.ogg,https://raw.githubusercontent.com/PokeAPI/sprites/master/sprites/pokemon/995.png,https://raw.githubusercontent.com/PokeAPI/sprites/master/sprites/pokemon/shiny/995.png
996,frigibax,Ice Fin Pokemon,Generation-ix,False,False,"dragon, ice",0.5,17.0,"Thermal exchange, Ice body (Hidden)",Unknown Habitat,None,"Frigibax absorbs heat through its dorsal fin and converts the heat into ice energy. The higher the temperature, the more energy Frigibax stores.",65,75,45,35,45,55,1.0,1.0,0.5,0.5,0.5,1.0,2.0,1.0,1.0,1.0,1.0,1.0,2.0,1.0,2.0,2.0,1.0,2.0,https://raw.githubusercontent.com/PokeAPI/cries/main/cries/pokemon/latest/996.ogg,https://raw.githubusercontent.com/PokeAPI/sprites/master/sprites/pokemon/996.png,https://raw.githubusercontent.com/PokeAPI/sprites/master/sprites/pokemon/shiny/996.png
997,arctibax,Ice Fin Pokemon,Generation-ix,False,False,"dragon, ice",0.8,30.0,"Thermal exchange, Ice body (Hidden)",Unknown Habitat,Frigibax,"Arctibax freezes the air around it, protecting its face with an ice mask and turning its dorsal fin into a blade of ice.",90,95,66,45,65,62,1.0,1.0,0.5,0.5,0.5,1.0,2.0,1.0,1.0,1.0,1.0,1.0,2.0,1.0,2.0,2.0,1.0,2.0,https://raw.githubusercontent.com/PokeAPI/cries/main/cries/pokemon/latest/997.ogg,https://raw.githubusercontent.com/PokeAPI/sprites/master/sprites/pokemon/997.png,https://raw.githubusercontent.com/PokeAPI/sprites/master/sprites/pokemon/shiny/997.png
998,baxcalibur,Ice Dragon Pokemon,Generation-ix,False,False,"dragon, ice",2.1,210.0,"Thermal exchange, Ice body (Hidden)",Unknown Habitat,Arctibax,This Pokemon blasts cryogenic air out from its mouth. This air can instantly freeze even liquid-hot lava.,115,145,92,75,86,87,1.0,1.0,0.5,0.5,0.5,1.0,2.0,1.0,1.0,1.0,1.0,1.0,2.0,1.0,2.0,2.0,1.0,2.0,https://raw.githubusercontent.com/PokeAPI/cries/main/cries/pokemon/latest/998.ogg,https://raw.githubusercontent.com/PokeAPI/sprites/master/sprites/pokemon/998.png,https://raw.githubusercontent.com/PokeAPI/sprites/master/sprites/pokemon/shiny/998.png
999,gimmighoul,Coin Chest Pokemon,Generation-ix,False,False,ghost,0.3,5.0,Rattled,Unknown Habitat,None,"This Pokemon was born inside a treasure chest about 1,500 years ago. It sucks the life-force out of scoundrels who try to steal the treasure.",45,30,70,75,70,10,0.0,1.0,1.0,1.0,1.0,1.0,0.0,0.5,1.0,1.0,1.0,0.5,1.0,2.0,1.0,1.0,2.0,1.0,https://raw.githubusercontent.com/PokeAPI/cries/main/cries/pokemon/latest/999.ogg,https://raw.githubusercontent.com/PokeAPI/sprites/master/sprites/pokemon/999.png,https://raw.githubusercontent.com/PokeAPI/sprites/master/sprites/pokemon/shiny/999.png
1000,gholdengo,Coin Entity Pokemon,Generation-ix,False,False,"steel, ghost",1.2,30.0,Good as gold,Unknown Habitat,Gimmighoul,"Its body seems to be made up of 1,000 coins. This Pokemon gets along well with others and is quick to make friends with anybody.",87,60,95,133,91,84,0.0,2.0,1.0,1.0,0.5,0.5,0.0,0.0,2.0,0.5,0.5,0.25,0.5,2.0,0.5,0.5,2.0,0.5,https://raw.githubusercontent.com/PokeAPI/cries/main/cries/pokemon/latest/1000.ogg,https://raw.githubusercontent.com/PokeAPI/sprites/master/sprites/pokemon/1000.png,https://raw.githubusercontent.com/PokeAPI/sprites/master/sprites/pokemon/shiny/1000.png
1001,wo-chien,Ruinous Pokemon,Generation-ix,True,False,"dark, grass",1.5,74.2,Tablets of ruin,Unknown Habitat,None,The grudge of a person punished for writing the king’s evil deeds upon wooden tablets has clad itself in dead leaves to become a Pokemon.,85,85,100,95,135,70,1.0,2.0,0.5,0.5,0.5,2.0,2.0,2.0,0.5,2.0,0.0,4.0,1.0,0.5,1.0,1.0,0.5,2.0,https://raw.githubusercontent.com/PokeAPI/cries/main/cries/pokemon/latest/1001.ogg,https://raw.githubusercontent.com/PokeAPI/sprites/master/sprites/pokemon/1001.png,https://raw.githubusercontent.com/PokeAPI/sprites/master/sprites/pokemon/shiny/1001.png
1002,chien-pao,Ruinous Pokemon,Generation-ix,True,False,"dark, ice",1.9,152.2,Sword of ruin,Unknown Habitat,None,This Pokemon can control 100 tons of fallen snow. It plays around innocently by leaping in and out of avalanches it has caused.,80,120,80,90,65,135,1.0,2.0,1.0,1.0,1.0,0.5,4.0,1.0,1.0,1.0,0.0,2.0,2.0,0.5,1.0,2.0,0.5,2.0,https://raw.githubusercontent.com/PokeAPI/cries/main/cries/pokemon/latest/1002.ogg,https://raw.githubusercontent.com/PokeAPI/sprites/master/sprites/pokemon/1002.png,https://raw.githubusercontent.com/PokeAPI/sprites/master/sprites/pokemon/shiny/1002.png
1003,ting-lu,Ruinous Pokemon,Generation-ix,True,False,"dark, ground",2.7,699.7,Vessel of ruin,Unknown Habitat,None,The fear poured into an ancient ritual vessel has clad itself in rocks and dirt to become a Pokemon.,155,110,125,55,80,45,1.0,1.0,2.0,0.0,2.0,2.0,2.0,0.5,1.0,1.0,0.0,2.0,0.5,0.5,1.0,1.0,0.5,2.0,https://raw.githubusercontent.com/PokeAPI/cries/main/cries/pokemon/latest/1003.ogg,https://raw.githubusercontent.com/PokeAPI/sprites/master/sprites/pokemon/1003.png,https://raw.githubusercontent.com/PokeAPI/sprites/master/sprites/pokemon/shiny/1003.png
1004,chi-yu,Ruinous Pokemon,Generation-ix,True,False,"dark, fire",0.4,4.9,Beads of ruin,Unknown Habitat,None,"It controls flames burning at over 5,400 degrees Fahrenheit. It casually swims through the sea of lava it creates by melting rock and sand.",55,80,80,135,120,100,1.0,0.5,2.0,1.0,0.5,0.5,2.0,1.0,2.0,1.0,0.0,1.0,2.0,0.5,1.0,0.5,0.5,1.0,https://raw.githubusercontent.com/PokeAPI/cries/main/cries/pokemon/latest/1004.ogg,https://raw.githubusercontent.com/PokeAPI/sprites/master/sprites/pokemon/1004.png,https://raw.githubusercontent.com/PokeAPI/sprites/master/sprites/pokemon/shiny/1004.png
1005,roaring-moon,Paradox Pokemon,Generation-ix,False,False,"dragon, dark",2.0,380.0,Protosynthesis,Unknown Habitat,None,It is possible that this is the creature listed as Roaring Moon in an expedition journal that still holds many mysteries.,105,139,71,55,101,119,1.0,0.5,0.5,0.5,0.5,2.0,2.0,1.0,1.0,1.0,0.0,2.0,1.0,0.5,2.0,1.0,0.5,4.0,https://raw.githubusercontent.com/PokeAPI/cries/main/cries/pokemon/latest/1005.ogg,https://raw.githubusercontent.com/PokeAPI/sprites/master/sprites/pokemon/1005.png,https://raw.githubusercontent.com/PokeAPI/sprites/master/sprites/pokemon/shiny/1005.png
1006,iron-valiant,Paradox Pokemon,Generation-ix,False,False,"fairy, fighting",1.4,35.0,Quark drive,Unknown Habitat,None,It has some similarities to a mad scientist’s invention covered in a paranormal magazine.,74,130,90,120,60,116,1.0,1.0,1.0,1.0,1.0,1.0,0.5,2.0,1.0,2.0,2.0,0.25,0.5,1.0,0.0,2.0,0.25,2.0,https://raw.githubusercontent.com/PokeAPI/cries/main/cries/pokemon/latest/1006.ogg,https://raw.githubusercontent.com/PokeAPI/sprites/master/sprites/pokemon/1006.png,https://raw.githubusercontent.com/PokeAPI/sprites/master/sprites/pokemon/shiny/1006.png
1007,koraidon,Paradox Pokemon,Generation-ix,True,False,"fighting, dragon",2.5,303.0,Orichalcum pulse,Unknown Habitat,None,This seems to be the Winged King mentioned in an old expedition journal. It was said to have split the land with its bare fists.,100,135,115,85,100,135,1.0,0.5,0.5,0.5,0.5,2.0,1.0,1.0,1.0,2.0,2.0,0.5,0.5,1.0,2.0,1.0,0.5,4.0,https://raw.githubusercontent.com/PokeAPI/cries/main/cries/pokemon/latest/1007.ogg,https://raw.githubusercontent.com/PokeAPI/sprites/master/sprites/pokemon/1007.png,https://raw.githubusercontent.com/PokeAPI/sprites/master/sprites/pokemon/shiny/1007.png
1008,miraidon,Paradox Pokemon,Generation-ix,True,False,"electric, dragon",3.5,240.0,Hadron engine,Unknown Habitat,None,"Much remains unknown about this creature. It resembles Cyclizar, but it is far more ruthless and powerful.",100,85,100,135,115,135,1.0,0.5,0.5,0.25,0.5,2.0,1.0,1.0,2.0,0.5,1.0,1.0,1.0,1.0,2.0,0.5,1.0,2.0,https://raw.githubusercontent.com/PokeAPI/cries/main/cries/pokemon/latest/1008.ogg,https://raw.githubusercontent.com/PokeAPI/sprites/master/sprites/pokemon/1008.png,https://raw.githubusercontent.com/PokeAPI/sprites/master/sprites/pokemon/shiny/1008.png
1009,walking-wake,Paradox Pokemon,Generation-ix,False,False,"water, dragon",3.5,280.0,Protosynthesis,Unknown Habitat,None,This ferocious creature is shrouded in mystery. It's named after an aquatic monster mentioned in an old expedition journal.,99,83,91,125,83,109,1.0,0.25,0.25,1.0,1.0,1.0,1.0,1.0,1.0,1.0,1.0,1.0,1.0,1.0,2.0,0.5,1.0,2.0,https://raw.githubusercontent.com/PokeAPI/cries/main/cries/pokemon/latest/1009.ogg,https://raw.githubusercontent.com/PokeAPI/sprites/master/sprites/pokemon/1009.png,https://raw.githubusercontent.com/PokeAPI/sprites/master/sprites/pokemon/shiny/1009.png
1010,iron-leaves,Paradox Pokemon,Generation-ix,False,False,"grass, psychic",1.5,125.0,Quark drive,Unknown Habitat,None,Many of its physical characteristics match those of a Virizion from the future that was covered in a paranormal magazine.,90,130,88,70,108,104,1.0,2.0,0.5,0.5,0.5,2.0,0.5,2.0,0.5,2.0,0.5,4.0,1.0,2.0,1.0,1.0,2.0,1.0,https://raw.githubusercontent.com/PokeAPI/cries/main/cries/pokemon/latest/1010.ogg,https://raw.githubusercontent.com/PokeAPI/sprites/master/sprites/pokemon/1010.png,https://raw.githubusercontent.com/PokeAPI/sprites/master/sprites/pokemon/shiny/1010.png
1011,dipplin,Candy Apple Pokemon,Generation-ix,False,False,"grass, dragon",0.4,9.7,"Supersweet syrup, Gluttony, Sticky hold (Hidden)",Unknown Habitat,Applin,Dipplin is two creatures in one Pokemon. Its evolution was triggered by a special apple grown only in one place.,80,80,110,95,80,40,1.0,1.0,0.25,0.25,0.25,4.0,1.0,2.0,0.5,2.0,1.0,2.0,1.0,1.0,2.0,1.0,1.0,2.0,https://raw.githubusercontent.com/PokeAPI/cries/main/cries/pokemon/latest/1011.ogg,https://raw.githubusercontent.com/PokeAPI/sprites/master/sprites/pokemon/1011.png,https://raw.githubusercontent.com/PokeAPI/sprites/master/sprites/pokemon/shiny/1011.png
1012,poltchageist,Matcha Pokemon,Generation-ix,False,False,"grass, ghost",0.1,1.1,"Hospitality, Heatproof (Hidden)",Unknown Habitat,None,"Supposedly, the regrets of a tea ceremony master who died before perfecting his craft lingered in some matcha and became a Pokemon.",40,45,45,74,54,50,0.0,2.0,0.5,0.5,0.5,2.0,0.0,1.0,0.5,2.0,1.0,1.0,1.0,2.0,1.0,1.0,2.0,1.0,https://raw.githubusercontent.com/PokeAPI/cries/main/cries/pokemon/latest/1012.ogg,https://raw.githubusercontent.com/PokeAPI/sprites/master/sprites/pokemon/1012.png,https://raw.githubusercontent.com/PokeAPI/sprites/master/sprites/pokemon/shiny/1012.png
1013,sinistcha,Matcha Pokemon,Generation-ix,False,False,"grass, ghost",0.2,2.2,"Hospitality, Heatproof (Hidden)",Unknown Habitat,Poltchageist,"It pretends to be tea, trying to fool people into drinking it so it can drain their life-force. Its ruse is generally unsuccessful.",71,60,106,121,80,70,0.0,2.0,0.5,0.5,0.5,2.0,0.0,1.0,0.5,2.0,1.0,1.0,1.0,2.0,1.0,1.0,2.0,1.0,https://raw.githubusercontent.com/PokeAPI/cries/main/cries/pokemon/latest/1013.ogg,https://raw.githubusercontent.com/PokeAPI/sprites/master/sprites/pokemon/1013.png,https://raw.githubusercontent.com/PokeAPI/sprites/master/sprites/pokemon/shiny/1013.png
1014,okidogi,Retainer Pokemon,Generation-ix,True,False,"poison, fighting",1.8,92.2,"Toxic chain, Guard dog (Hidden)",Unknown Habitat,None,"After all its muscles were stimulated by the toxic chain around its neck, Okidogi transformed and gained a powerful physique.",88,128,115,58,86,80,1.0,1.0,1.0,1.0,0.5,1.0,0.5,0.5,2.0,2.0,4.0,0.25,0.5,1.0,1.0,1.0,0.5,1.0,https://raw.githubusercontent.com/PokeAPI/cries/main/cries/pokemon/latest/1014.ogg,https://raw.githubusercontent.com/PokeAPI/sprites/master/sprites/pokemon/1014.png,https://raw.githubusercontent.com/PokeAPI/sprites/master/sprites/pokemon/shiny/1014.png
1015,munkidori,Retainer Pokemon,Generation-ix,True,False,"poison, psychic",1.0,12.2,"Toxic chain, Frisk (Hidden)",Unknown Habitat,None,The chain is made from toxins that enhance capabilities. It stimulated Munkidori's brain and caused the Pokemon's psychic powers to bloom.,88,75,66,130,90,106,1.0,1.0,1.0,1.0,0.5,1.0,0.25,0.5,2.0,1.0,1.0,1.0,1.0,2.0,1.0,1.0,2.0,0.5,https://raw.githubusercontent.com/PokeAPI/cries/main/cries/pokemon/latest/1015.ogg,https://raw.githubusercontent.com/PokeAPI/sprites/master/sprites/pokemon/1015.png,https://raw.githubusercontent.com/PokeAPI/sprites/master/sprites/pokemon/shiny/1015.png
1016,fezandipiti,Retainer Pokemon,Generation-ix,True,False,"poison, fairy",1.4,30.1,"Toxic chain, Technician (Hidden)",Unknown Habitat,None,Fezandipiti owes its beautiful looks and lovely voice to the toxic stimulants emanating from the chain wrapped around its body.,88,91,82,70,125,99,1.0,1.0,1.0,1.0,0.5,1.0,0.25,1.0,2.0,1.0,2.0,0.25,1.0,1.0,0.0,2.0,0.5,0.5,https://raw.githubusercontent.com/PokeAPI/cries/main/cries/pokemon/latest/1016.ogg,https://raw.githubusercontent.com/PokeAPI/sprites/master/sprites/pokemon/1016.png,https://raw.githubusercontent.com/PokeAPI/sprites/master/sprites/pokemon/shiny/1016.png
1017,ogerpon,Mask Pokemon,Generation-ix,True,False,grass,1.2,39.8,Defiant,Unknown Habitat,None,This Pokemon's type changes based on which mask it's wearing. It confounds its enemies with nimble movements and kicks.,80,120,84,60,96,110,1.0,2.0,0.5,0.5,0.5,2.0,1.0,2.0,0.5,2.0,1.0,2.0,1.0,1.0,1.0,1.0,1.0,1.0,https://raw.githubusercontent.com/PokeAPI/cries/main/cries/pokemon/latest/1017.ogg,https://raw.githubusercontent.com/PokeAPI/sprites/master/sprites/pokemon/1017.png,https://raw.githubusercontent.com/PokeAPI/sprites/master/sprites/pokemon/shiny/1017.png
1018,archaludon,Alloy Pokemon,Generation-ix,False,False,"steel, dragon",2.0,60.0,"Stamina, Sturdy, Stalwart (Hidden)",Unknown Habitat,Duraludon,It gathers static electricity from its surroundings. The beams it launches when down on all fours are tremendously powerful.,90,105,130,125,65,85,0.5,1.0,0.5,0.5,0.25,1.0,2.0,0.0,2.0,0.5,0.5,0.5,0.5,1.0,1.0,0.5,1.0,1.0,https://raw.githubusercontent.com/PokeAPI/cries/main/cries/pokemon/latest/1018.ogg,https://raw.githubusercontent.com/PokeAPI/sprites/master/sprites/pokemon/1018.png,https://raw.githubusercontent.com/PokeAPI/sprites/master/sprites/pokemon/shiny/1018.png
1019,hydrapple,Apple Hydra Pokemon,Generation-ix,False,False,"grass, dragon",1.8,93.0,"Supersweet syrup, Regenerator, Sticky hold (Hidden)",Unknown Habitat,Dipplin,Seven syrpents live inside an apple made of syrup. The syrpent in the center is the commander.,106,80,110,120,80,44,1.0,1.0,0.25,0.25,0.25,4.0,1.0,2.0,0.5,2.0,1.0,2.0,1.0,1.0,2.0,1.0,1.0,2.0,https://raw.githubusercontent.com/PokeAPI/cries/main/cries/pokemon/latest/1019.ogg,https://raw.githubusercontent.com/PokeAPI/sprites/master/sprites/pokemon/1019.png,https://raw.githubusercontent.com/PokeAPI/sprites/master/sprites/pokemon/shiny/1019.png
1020,gouging-fire,Paradox Pokemon,Generation-ix,False,False,"fire, dragon",3.5,590.0,Protosynthesis,Unknown Habitat,None,There are scant few reports of this creature being sighted. One short video shows it rampaging and spouting pillars of flame.,105,115,121,65,93,91,1.0,0.25,1.0,0.5,0.25,1.0,1.0,1.0,2.0,1.0,1.0,0.5,2.0,1.0,2.0,0.5,1.0,1.0,https://raw.githubusercontent.com/PokeAPI/cries/main/cries/pokemon/latest/1020.ogg,https://raw.githubusercontent.com/PokeAPI/sprites/master/sprites/pokemon/1020.png,https://raw.githubusercontent.com/PokeAPI/sprites/master/sprites/pokemon/shiny/1020.png
1021,raging-bolt,Paradox Pokemon,Generation-ix,False,False,"electric, dragon",5.2,480.0,Protosynthesis,Unknown Habitat,None,It's said to incinerate everything around it with lightning launched from its fur. Very little is known about this creature.,125,73,91,137,89,75,1.0,0.5,0.5,0.25,0.5,2.0,1.0,1.0,2.0,0.5,1.0,1.0,1.0,1.0,2.0,0.5,1.0,2.0,https://raw.githubusercontent.com/PokeAPI/cries/main/cries/pokemon/latest/1021.ogg,https://raw.githubusercontent.com/PokeAPI/sprites/master/sprites/pokemon/1021.png,https://raw.githubusercontent.com/PokeAPI/sprites/master/sprites/pokemon/shiny/1021.png
1022,iron-boulder,Paradox Pokemon,Generation-ix,False,False,"rock, psychic",1.5,162.5,Quark drive,Unknown Habitat,None,It resembles a Pokemon described in a dubious magazine as a Terrakion that had been modified by an evil organization.,90,120,80,68,108,124,0.5,0.5,2.0,1.0,2.0,1.0,1.0,0.5,2.0,0.5,0.5,2.0,1.0,2.0,1.0,2.0,2.0,1.0,https://raw.githubusercontent.com/PokeAPI/cries/main/cries/pokemon/latest/1022.ogg,https://raw.githubusercontent.com/PokeAPI/sprites/master/sprites/pokemon/1022.png,https://raw.githubusercontent.com/PokeAPI/sprites/master/sprites/pokemon/shiny/1022.png
1023,iron-crown,Paradox Pokemon,Generation-ix,False,False,"steel, psychic",1.6,156.0,Quark drive,Unknown Habitat,None,It resembles a mysterious object introduced in a paranormal magazine as a cutting-edge weapon shaped like a Cobalion.,90,72,100,122,108,98,0.5,2.0,1.0,1.0,0.5,0.5,1.0,0.0,2.0,0.5,0.25,1.0,0.5,2.0,0.5,0.5,2.0,0.5,https://raw.githubusercontent.com/PokeAPI/cries/main/cries/pokemon/latest/1023.ogg,https://raw.githubusercontent.com/PokeAPI/sprites/master/sprites/pokemon/1023.png,https://raw.githubusercontent.com/PokeAPI/sprites/master/sprites/pokemon/shiny/1023.png
1024,terapagos,Tera Pokemon,Generation-ix,True,False,normal,0.2,6.5,Tera shift,Unknown Habitat,None,Terapagos protects itself using its power to transform energy into hard crystals. This Pokemon is the source of the Terastal phenomenon.,90,65,85,65,85,60,1.0,1.0,1.0,1.0,1.0,1.0,2.0,1.0,1.0,1.0,1.0,1.0,1.0,0.0,1.0,1.0,1.0,1.0,https://raw.githubusercontent.com/PokeAPI/cries/main/cries/pokemon/latest/1024.ogg,https://raw.githubusercontent.com/PokeAPI/sprites/master/sprites/pokemon/1024.png,https://raw.githubusercontent.com/PokeAPI/sprites/master/sprites/pokemon/shiny/1024.png
1025,pecharunt,Subjugation Pokemon,Generation-ix,False,True,"poison, ghost",0.3,0.3,Poison puppeteer,Unknown Habitat,None,"It feeds others toxic mochi that draw out desires and capabilities. Those who eat the mochi fall under Pecharunt’s control, chained to its will.",88,88,160,88,88,88,0.0,1.0,1.0,1.0,0.5,1.0,0.0,0.25,2.0,1.0,2.0,0.25,1.0,2.0,1.0,1.0,2.0,0.5,https://raw.githubusercontent.com/PokeAPI/cries/main/cries/pokemon/latest/1025.ogg,https://raw.githubusercontent.com/PokeAPI/sprites/master/sprites/pokemon/1025.png,https://raw.githubusercontent.com/PokeAPI/sprites/master/sprites/pokemon/shiny/1025.png
